BEGIN;
-- base (kolom 4)
INSERT INTO organization.organization (id, domain, name, logo_url) VALUES
('baeae288-aba1-4386-86c2-0ca3c080a0ad', 'dinocare.nl', 'Dino Care', NULL);

-- base (kolom 11)
INSERT INTO team.team (id, organization_id, name, color) VALUES
('74fdecdb-4d53-4813-acc3-c8afb68f5390', 'baeae288-aba1-4386-86c2-0ca3c080a0ad', 'Support team', '#30BF7B');

-- base (kolom 20)
INSERT INTO auth.identity (id, email_address, password_hash) VALUES
('2e6afa7b-8e3d-478b-bb92-2f827da7018f', 'daniel@dinocare.nl', '$2a$12$QyECOGXJfmCGHGaTnhP7eOKNAPoOUDgR.Aykp46xLY9BekGrXzB8a'),
('007c52e7-3894-4890-bf37-cbaeec2516c0', 'jens@dinocare.nl', '$2a$12$QyECOGXJfmCGHGaTnhP7eOKNAPoOUDgR.Aykp46xLY9BekGrXzB8a');

-- base (kolom 21)
INSERT INTO auth.app_user (id, identity_id, first_name, last_name) VALUES
('40569079-6621-43c6-9e4d-80caf9c5d2d6', '2e6afa7b-8e3d-478b-bb92-2f827da7018f', 'Daniël', 'van Zuijdam'),
('b708b03a-fd3b-4542-96ec-24417326421a', '007c52e7-3894-4890-bf37-cbaeec2516c0', 'Jens', 'de Vlaming');

INSERT INTO auth.app_user_root_membership (app_user_id, member_since, role) VALUES
('40569079-6621-43c6-9e4d-80caf9c5d2d6', '2023-01-01', 'app_admin'),
('b708b03a-fd3b-4542-96ec-24417326421a', '2023-01-01', 'app_admin');

-- organization (kolom 4)
INSERT INTO organization.organization (id, domain, name, logo_url) VALUES
('0a11114d-1e13-4e2d-ae3c-a0fc94cee5e0', 'salem.nl', 'Salem', NULL),
('9cb3290d-86cf-43de-85f3-8b621007d65d', 'zorgwaard.nl', 'Zorgwaard', NULL),
('b1f9ee38-8733-49df-9e53-7bd280be56d0', 'aafje.nl', 'Aafje', NULL),
('ed88bd78-a1cc-43d4-88ca-f7287ad14501', 'careyn.nl', 'Careyn', NULL),
('6db86b70-0aef-41dc-9bff-6b88fe7b825a', 'sensara.com', 'Sensara', NULL),
('d632c28d-7a32-421d-b18b-29993133a618', 'buurtzorg.nl', 'Buurtzorg Nederland', NULL),
('944d4730-c8b6-4a35-a2cd-7d2d3af443bc', 'patyna.nl', 'Patyna', NULL),
('dcc7c867-57b7-463b-a512-5c48a08ad8aa', 'vierstroom.nl', 'Vierstroom Zorg', NULL),
('33de84cd-42b7-4fd6-a7ba-7fef0ae05fdf', 'leliezorggroep.nl', 'Lelie Zorggroep', NULL),
('9d00b0e5-382b-45b9-a9f5-15bcf57278e2', 'amstelring.nl', 'Amstelring', NULL),
('32fe5efe-2f1e-4d6b-b136-631c35fe52b2', 'cordaan.nl', 'Cordaan', NULL),
('1d17b0d9-5722-4236-8fe9-b173c39a97bb', 'zuyderland.nl', 'Zuyderland Zorg', NULL),
('a0611b70-9952-4770-a305-9f79cfdfb10c', 'vrijwaard.nl', 'Vrijwaard', NULL),
('b4732c83-ccb0-4089-a8ea-9215b8194317', 'archipelzorggroep.nl', 'Archipel Zorggroep', NULL),
('1d76a3fc-a879-4d16-844e-8498fd0c1e3d', 'swinhovegroep.nl', 'Swinhove Groep', NULL),
('d9abe56a-3513-43f8-8416-a1b569f537ac', 'degraafschap.nl', 'De Graafschap Zorg', NULL),
('9108e1ad-08d4-4ab7-bac7-0e9bbfb6f2ed', 'vivium.nl', 'Vivium Zorggroep', NULL),
('64c799d9-f2f8-4d20-925d-abe28a634611', 'izaak.nl', 'Izaak Zorg', NULL),
('43520bff-313e-45fb-b5cf-e1254d043fcd', 'pieterzijl.nl', 'Pieter Zijl Zorggroep', NULL),
('98eacfd6-6ff4-4925-a954-036c8712f200', 'beweging30.nl', 'Beweging 3.0', NULL);

-- team (kolom 7)
INSERT INTO team.team (id, organization_id, name, color) VALUES
('1b6d5325-c8b0-4836-8f3d-51bb6def9a45', '0a11114d-1e13-4e2d-ae3c-a0fc94cee5e0', 'Team Ridderkerk', '#30BF7B'),
('e4a68d87-682d-4eae-8c27-911086bb7ceb', '0a11114d-1e13-4e2d-ae3c-a0fc94cee5e0', 'Team Alblasserdam', '#009688'),
('b69f7a45-e8ee-4d04-826c-825a8a88c770', '9cb3290d-86cf-43de-85f3-8b621007d65d', 'Team Dordrecht', '#2196F3'),
('1e777869-b91a-40be-a1bb-4c19c871230a', '9cb3290d-86cf-43de-85f3-8b621007d65d', 'Team Hoeksche Waard', '#3F51B5'),
('03c1643d-fa2e-4ecf-9cc2-d1a8e595f487', '9cb3290d-86cf-43de-85f3-8b621007d65d', 'Team Oud-Beijerland', '#1E88E5'),
('1c4e5ba4-222e-4d4a-890e-4593ed5942e0', 'b1f9ee38-8733-49df-9e53-7bd280be56d0', 'Team Centrum', '#E91E63'),
('b074bd56-c047-457e-ace7-4111664348c6', 'b1f9ee38-8733-49df-9e53-7bd280be56d0', 'Team Kralingen', '#9C27B0'),
('f73322de-4854-4fe1-8b3c-b20eb0bc27c9', 'ed88bd78-a1cc-43d4-88ca-f7287ad14501', 'Team Utrecht', '#4CAF50'),
('b34f5dc0-de5a-4538-acfa-9b83dba2bd7e', 'ed88bd78-a1cc-43d4-88ca-f7287ad14501', 'Team Nieuwegein', '#388E3C'),
('95975c82-8c86-4e16-be1d-52db0f50e1e0', 'ed88bd78-a1cc-43d4-88ca-f7287ad14501', 'Team Vianen', '#2E7D32'),
('deebcd48-91e8-4214-a86b-24cf472cbed2', '6db86b70-0aef-41dc-9bff-6b88fe7b825a', 'Team Data Noord', '#FF9800'),
('dbeaea24-44af-4d97-b15f-aa4451c3e20b', '6db86b70-0aef-41dc-9bff-6b88fe7b825a', 'Team Data Zuid', '#F57C00'),
('d98dd013-ed0a-4844-a1d3-46b8388252a1', 'd632c28d-7a32-421d-b18b-29993133a618', 'Team Rotterdam Noord', '#F44336'),
('7420872b-3c98-4873-93fd-758095f827e9', 'd632c28d-7a32-421d-b18b-29993133a618', 'Team Rotterdam Zuid', '#C62828'),
('7b27f0c0-5532-4c92-8581-add38db2bdc1', 'd632c28d-7a32-421d-b18b-29993133a618', 'Team Dordrecht', '#EF5350'),
('305df59d-33b4-41b8-9c25-a96051a349a2', '944d4730-c8b6-4a35-a2cd-7d2d3af443bc', 'Team Friesland Noord', '#795548'),
('ee92ae9a-229d-4e2b-95af-0a80b51f9a56', '944d4730-c8b6-4a35-a2cd-7d2d3af443bc', 'Team Friesland Zuid', '#6D4C41'),
('2e3fa68f-986c-48c4-8d7e-b5d7051cc889', 'dcc7c867-57b7-463b-a512-5c48a08ad8aa', 'Team Gouda', '#FF5722'),
('9499a70e-54d7-47bc-a45b-357c0e32bcfc', 'dcc7c867-57b7-463b-a512-5c48a08ad8aa', 'Team Zoetermeer', '#E64A19'),
('a3aaefb0-1f94-4fcf-8e37-840ce12578ed', 'dcc7c867-57b7-463b-a512-5c48a08ad8aa', 'Team Bodegraven', '#BF360C'),
('e1a13415-84e5-4ce5-b925-45aa166cb9be', '33de84cd-42b7-4fd6-a7ba-7fef0ae05fdf', 'Team Rotterdam Oost', '#607D8B'),
('267a259a-26f9-469a-9420-733074beac98', '33de84cd-42b7-4fd6-a7ba-7fef0ae05fdf', 'Team Rotterdam West', '#455A64'),
('b6ecea56-8bfa-49d6-88e6-88e2ab795657', '9d00b0e5-382b-45b9-a9f5-15bcf57278e2', 'Team Amsterdam Noord', '#00BCD4'),
('7f6572fc-f975-4cc9-9d78-d142c737c4f0', '9d00b0e5-382b-45b9-a9f5-15bcf57278e2', 'Team Amsterdam Zuid', '#00838F'),
('f55f20f8-0693-4d9e-8d0f-fb10b08928a6', '9d00b0e5-382b-45b9-a9f5-15bcf57278e2', 'Team Haarlem', '#0097A7'),
('8d1ed79a-2ce1-49bf-abee-77162bdc1e82', '32fe5efe-2f1e-4d6b-b136-631c35fe52b2', 'Team Centrum', '#CDDC39'),
('d78325e1-e7fb-4604-abfc-1a927bd15339', '32fe5efe-2f1e-4d6b-b136-631c35fe52b2', 'Team Zuid-Oost', '#AFB42B'),
('e59b6d1e-19e6-4bbc-ad99-ea99eb5e5049', '1d17b0d9-5722-4236-8fe9-b173c39a97bb', 'Team Heerlen', '#FFC107'),
('e39c3f9c-e633-4ad9-96dd-c48e8782f194', '1d17b0d9-5722-4236-8fe9-b173c39a97bb', 'Team Sittard', '#FFB300'),
('e51cc810-5ddf-4860-871d-ae052e57f7f6', 'a0611b70-9952-4770-a305-9f79cfdfb10c', 'Team Den Helder', '#9E9D24'),
('05529cca-b527-4110-bad9-e385ef825e77', 'a0611b70-9952-4770-a305-9f79cfdfb10c', 'Team Julianadorp', '#827717'),
('59812473-471b-4da8-b11f-515df2ab69df', 'b4732c83-ccb0-4089-a8ea-9215b8194317', 'Team Eindhoven Noord', '#673AB7'),
('fbf81ab4-9d58-4eaf-affc-1da8c8fffe36', 'b4732c83-ccb0-4089-a8ea-9215b8194317', 'Team Eindhoven Zuid', '#512DA8'),
('3167abd3-013b-4d96-adf9-70eb1bac14b0', 'b4732c83-ccb0-4089-a8ea-9215b8194317', 'Team Nuenen', '#311B92'),
('48194a01-f41a-49c3-9c01-f3af2c2a0271', '1d76a3fc-a879-4d16-844e-8498fd0c1e3d', 'Team Zwijndrecht', '#FFEB3B'),
('1327a35e-8a23-4d74-b952-a2be25305342', '1d76a3fc-a879-4d16-844e-8498fd0c1e3d', 'Team Dordrecht', '#FBC02D'),
('57923036-3645-445b-9e1b-1f01546bd58a', 'd9abe56a-3513-43f8-8416-a1b569f537ac', 'Team Doetinchem', '#8BC34A'),
('b75c6789-f0c9-404d-bf14-1e032bc7e443', 'd9abe56a-3513-43f8-8416-a1b569f537ac', 'Team Winterswijk', '#689F38'),
('6c8e5d97-4816-4eea-82f9-6638fd3ce06e', '9108e1ad-08d4-4ab7-bac7-0e9bbfb6f2ed', 'Team Naarden', '#FF7043'),
('d4fc6c50-142c-4658-a0f1-73da8af4d3d1', '9108e1ad-08d4-4ab7-bac7-0e9bbfb6f2ed', 'Team Bussum', '#F4511E'),
('a0db1d9e-989b-4ee1-9e2e-aa1d5eeda7be', '9108e1ad-08d4-4ab7-bac7-0e9bbfb6f2ed', 'Team Huizen', '#BF360C'),
('b3b38e1e-b6e5-4194-9118-b3b05e4c49be', '64c799d9-f2f8-4d20-925d-abe28a634611', 'Team Utrecht Noord', '#FFCDD2'),
('4b4059ae-fbad-4b4d-8f78-1f7ddb0e9c99', '64c799d9-f2f8-4d20-925d-abe28a634611', 'Team Utrecht Zuid', '#E57373'),
('6e8f499d-bb65-4b53-abc0-5f7c6f531a87', '43520bff-313e-45fb-b5cf-e1254d043fcd', 'Team Groningen Noord', '#2196F3'),
('8a8128d5-1385-4991-8e1d-e6dc5e389e3a', '43520bff-313e-45fb-b5cf-e1254d043fcd', 'Team Groningen Zuid', '#1976D2'),
('d046f8ac-7851-4cba-bb15-d3b8d00a0328', '98eacfd6-6ff4-4925-a954-036c8712f200', 'Team Amersfoort', '#4CAF50'),
('ff6ac6d4-9742-4861-a807-7e84ede84734', '98eacfd6-6ff4-4925-a954-036c8712f200', 'Team Leusden', '#388E3C'),
('48ec6359-f9c9-4754-a049-8ec167c4f929', '98eacfd6-6ff4-4925-a954-036c8712f200', 'Team Baarn', '#2E7D32');

-- client (kolom 9)
INSERT INTO client.client (id, team_id, gender, first_name, last_name) VALUES
('1f08397e-6a06-495d-9aca-924b87113435', 'a3aaefb0-1f94-4fcf-8e37-840ce12578ed', 'female', 'Sanne', 'Timmermans'),
('508bd72a-662a-4941-8603-e5ec97b0b0a7', 'b69f7a45-e8ee-4d04-826c-825a8a88c770', 'male', 'Julian', 'van Amstel'),
('58268b73-fe25-4f25-808d-519a23f2fbac', 'b34f5dc0-de5a-4538-acfa-9b83dba2bd7e', 'female', 'Sanne', 'van Hattem'),
('3a36a059-2e77-4cd0-bad4-63945d2b4f20', '267a259a-26f9-469a-9420-733074beac98', 'female', 'Irene', 'Dijkstra'),
('7048a447-a8dd-439f-ae7d-709325779a18', '305df59d-33b4-41b8-9c25-a96051a349a2', 'female', 'Marjolein', 'de Graaf'),
('e2ded22d-9b4f-42a2-b9d6-43019e70b120', '1e777869-b91a-40be-a1bb-4c19c871230a', 'male', 'Hans', 'Groen'),
('09f20de2-b8fe-4f96-8607-0839621a38ee', '03c1643d-fa2e-4ecf-9cc2-d1a8e595f487', 'female', 'Tess', 'van Dongen'),
('53e07f6c-0ea3-4851-80d1-762cc5cdccc1', '1e777869-b91a-40be-a1bb-4c19c871230a', 'female', 'Petra', 'Dubois'),
('24520628-fc5b-4a55-9a3c-07769f41fbc0', '305df59d-33b4-41b8-9c25-a96051a349a2', 'male', 'Norbert', 'Mertens'),
('ef8fe323-7a0e-444e-8abb-02e9f7b219cc', 'ee92ae9a-229d-4e2b-95af-0a80b51f9a56', 'female', 'Elin', 'Blom'),
('49522797-7766-4925-9514-5293b44bb13a', '6c8e5d97-4816-4eea-82f9-6638fd3ce06e', 'male', 'Pieter', 'van der Meer'),
('59c16737-cf19-4fd6-aa9a-e1c175d90966', 'ee92ae9a-229d-4e2b-95af-0a80b51f9a56', 'female', 'Bea', 'van Houten'),
('c7384d4e-c7ed-4615-a002-faab7358f626', '3167abd3-013b-4d96-adf9-70eb1bac14b0', 'male', 'Chris', 'van Keulen'),
('c4ac56b2-9220-4fa9-b639-e99ca7e305f1', 'd046f8ac-7851-4cba-bb15-d3b8d00a0328', 'female', 'Guusje', 'van Heesch'),
('456e65be-d1f9-4b9a-aa28-902f2254150f', '1b6d5325-c8b0-4836-8f3d-51bb6def9a45', 'female', 'Wendy', 'van Ginkel'),
('40390e73-f703-4933-a187-17e1dc496b75', '95975c82-8c86-4e16-be1d-52db0f50e1e0', 'male', 'Idris', 'Geerts'),
('52cf7db2-16e9-4687-8a68-11965a95d0e8', 'b69f7a45-e8ee-4d04-826c-825a8a88c770', 'female', 'Jolien', 'van Gestel'),
('f7a9f741-3b89-4f01-bb85-882c6c131923', '48194a01-f41a-49c3-9c01-f3af2c2a0271', 'female', 'Pleun', 'Hendriks'),
('745077cb-8791-4b5e-8764-1aa0e660bff7', 'dbeaea24-44af-4d97-b15f-aa4451c3e20b', 'male', 'Cornelis', 'Cornelis'),
('29ec1fb8-70c8-48d8-ab8d-9b231b45bc4c', '7420872b-3c98-4873-93fd-758095f827e9', 'male', 'Thijs', 'de Leeuw'),
('6f15ca0b-cdd9-4bed-8843-6ebafe129af6', 'ee92ae9a-229d-4e2b-95af-0a80b51f9a56', 'female', 'Oda', 'van den Broek'),
('fbe461ea-1aef-4b9f-a34f-615a495b247b', 'e4a68d87-682d-4eae-8c27-911086bb7ceb', 'male', 'Florian', 'van Vliet'),
('4bec9d46-9a4f-4940-86ff-70cdba8a37ef', '1327a35e-8a23-4d74-b952-a2be25305342', 'female', 'Yfke', 'Pauwels'),
('2758af48-6695-46b8-abff-e29f5686a2d8', '95975c82-8c86-4e16-be1d-52db0f50e1e0', 'female', 'Sabine', 'de Smet'),
('5443ec05-c98f-4517-a0a8-a56d657a2e14', 'f55f20f8-0693-4d9e-8d0f-fb10b08928a6', 'male', 'Nick', 'Dijkstra'),
('67c01bc9-35a7-4100-871f-459cfec8b5cb', '1c4e5ba4-222e-4d4a-890e-4593ed5942e0', 'male', 'Jesse', 'Groen'),
('76ccb264-5b25-4c3b-bcbe-74004e2e9975', 'a3aaefb0-1f94-4fcf-8e37-840ce12578ed', 'female', 'Tessa', 'van IJssel'),
('73059733-f0e7-4189-b65a-4d920505d11c', 'd78325e1-e7fb-4604-abfc-1a927bd15339', 'male', 'Milo', 'Wouters'),
('b8922381-6ed4-485e-9fd1-fec851b07bbf', 'd046f8ac-7851-4cba-bb15-d3b8d00a0328', 'female', 'Kristel', 'Boer'),
('a2f5c1e7-99b7-4111-92a7-3bf54315e548', '1c4e5ba4-222e-4d4a-890e-4593ed5942e0', 'female', 'Yfke', 'Koster'),
('0b2e2eec-199f-40c6-99c6-00ec22e999ac', 'ff6ac6d4-9742-4861-a807-7e84ede84734', 'female', 'Roosmarijn', 'van Damme'),
('89c08a9f-edfa-4b01-a22f-219daa2666d7', 'd78325e1-e7fb-4604-abfc-1a927bd15339', 'male', 'Viggo', 'van Aalst'),
('e7c14950-4d61-419c-a33b-d84c7510763c', 'e51cc810-5ddf-4860-871d-ae052e57f7f6', 'female', 'Hester', 'Sanders'),
('584ec888-f924-4796-9209-f12c506b7b5c', '9499a70e-54d7-47bc-a45b-357c0e32bcfc', 'male', 'Roel', 'Janssens'),
('f03ee46f-6346-4da1-8d6d-d623037266c3', 'b3b38e1e-b6e5-4194-9118-b3b05e4c49be', 'male', 'Xeno', 'Post'),
('8ebda726-d8bf-4c46-801a-5269b217be87', '95975c82-8c86-4e16-be1d-52db0f50e1e0', 'female', 'Odilia', 'van Baal'),
('64c99c57-98e4-4a0f-a50e-f69c177501fa', 'b074bd56-c047-457e-ace7-4111664348c6', 'female', 'Julia', 'Jans'),
('bade0a43-8640-4fbf-b446-c8be09dfcb99', '1c4e5ba4-222e-4d4a-890e-4593ed5942e0', 'female', 'Fleur', 'van Delft'),
('8cb485ef-01bb-4b4b-b1b8-ca92d56fa411', 'b69f7a45-e8ee-4d04-826c-825a8a88c770', 'male', 'Zeger', 'van der Meer'),
('0562fce5-92df-4f4e-bd4d-81acfd22c995', '57923036-3645-445b-9e1b-1f01546bd58a', 'female', 'Veerle', 'van der Steen'),
('c5d723e0-b722-4c77-906d-a040107e6129', '9499a70e-54d7-47bc-a45b-357c0e32bcfc', 'male', 'Haye', 'van Eck'),
('aeb478e1-ef8c-4f4a-828b-b55a06f514ff', 'e4a68d87-682d-4eae-8c27-911086bb7ceb', 'female', 'Yara', 'van der Laan'),
('385341f4-c5d8-4f9c-bbca-4d23d746e8c3', '95975c82-8c86-4e16-be1d-52db0f50e1e0', 'female', 'Oda', 'van Bergen'),
('f752a380-8eb6-4c18-9c97-21bea55741cf', 'd78325e1-e7fb-4604-abfc-1a927bd15339', 'male', 'Idris', 'van Klaveren'),
('d199c282-e843-4cc3-97fa-d134b2852afa', '1c4e5ba4-222e-4d4a-890e-4593ed5942e0', 'female', 'Grietje', 'van der Laan'),
('cfc67ffa-7b2a-4c04-bdfa-21121ee14cbf', 'a3aaefb0-1f94-4fcf-8e37-840ce12578ed', 'male', 'Lucas', 'van Dongen'),
('e8dacbe0-647d-4642-a808-97bcb6573659', 'e59b6d1e-19e6-4bbc-ad99-ea99eb5e5049', 'male', 'Kees', 'van Duijn'),
('944fc0ef-2c47-4081-80f1-13828e9c1573', 'e39c3f9c-e633-4ad9-96dd-c48e8782f194', 'female', 'Yvonne', 'van der Velden'),
('4778a564-9bee-4b51-bb52-9ffe18f79fbe', '1e777869-b91a-40be-a1bb-4c19c871230a', 'male', 'Noël', 'Groen'),
('8d436a73-c787-4805-bd00-796d6807c4b6', 'fbf81ab4-9d58-4eaf-affc-1da8c8fffe36', 'female', 'Renske', 'van Duijn'),
('e37e7920-4f6f-4487-ad07-dc0545e94a12', 'b69f7a45-e8ee-4d04-826c-825a8a88c770', 'female', 'Ankie', 'van Klooster'),
('f027d082-eaec-476e-88fc-82c50f6acd0f', 'e39c3f9c-e633-4ad9-96dd-c48e8782f194', 'male', 'Bas', 'van der Wal'),
('597fd3c9-08f2-4979-8142-278ee04d4dd3', '3167abd3-013b-4d96-adf9-70eb1bac14b0', 'male', 'Victoriano', 'van Wijk'),
('aeff2870-0da8-43e9-bc98-4c53a947cc54', '8a8128d5-1385-4991-8e1d-e6dc5e389e3a', 'male', 'Levi', 'de Bruijn'),
('4c576015-b5d1-4204-b93d-fcf7af321d1c', '1b6d5325-c8b0-4836-8f3d-51bb6def9a45', 'female', 'Ilse', 'van Rens'),
('a9e3a56a-8805-4e32-b15a-f91700a5d76d', '9499a70e-54d7-47bc-a45b-357c0e32bcfc', 'female', 'Heleen', 'Huisman'),
('1e7957fa-be1d-4616-a3ae-1d7809d78f3a', 'e1a13415-84e5-4ce5-b925-45aa166cb9be', 'male', 'Beau', 'van der Linden'),
('e20cf76f-a386-4c90-8da9-924369f17774', '95975c82-8c86-4e16-be1d-52db0f50e1e0', 'female', 'Fenna', 'van der Kolk'),
('3773eea9-04a5-437b-bf82-733f436bc8a3', 'e59b6d1e-19e6-4bbc-ad99-ea99eb5e5049', 'male', 'Sjoel', 'Brouwer'),
('8d9948bd-6f3d-4beb-aa3a-c3e242def610', '1e777869-b91a-40be-a1bb-4c19c871230a', 'male', 'Florian', 'van der Woude'),
('b7332e40-9401-4746-871a-92c804b23602', 'e39c3f9c-e633-4ad9-96dd-c48e8782f194', 'male', 'Boaz', 'Maas'),
('8e8f7358-1dce-4eb5-862a-ff8f0772fce9', '95975c82-8c86-4e16-be1d-52db0f50e1e0', 'male', 'Lennart', 'Willemsen'),
('1ab7329b-d94d-4766-bb91-4f181aee89e1', '267a259a-26f9-469a-9420-733074beac98', 'female', 'Xenia', 'Post'),
('5f0db22b-65d5-4d34-a6d8-ed376625d5e9', 'b69f7a45-e8ee-4d04-826c-825a8a88c770', 'female', 'Ursula', 'van Leeuwen'),
('6a5e5fb2-3de7-4306-9c1c-2d021f6d5026', 'ff6ac6d4-9742-4861-a807-7e84ede84734', 'male', 'Philip', 'van der Steen'),
('27cf74f1-e0c9-4fc3-be51-d9d329284c54', 'b34f5dc0-de5a-4538-acfa-9b83dba2bd7e', 'male', 'Aiden', 'van Hees'),
('7ab9bc93-aabe-4d26-bc0e-720da589a234', '8a8128d5-1385-4991-8e1d-e6dc5e389e3a', 'male', 'Pepijn', 'van Dam'),
('1d9f27a9-606a-45ac-aef3-2fafb9954a5e', '95975c82-8c86-4e16-be1d-52db0f50e1e0', 'female', 'Dorien', 'van Baal'),
('5a6c4de5-6557-413e-a2bb-a680945c7747', '267a259a-26f9-469a-9420-733074beac98', 'female', 'Celeste', 'van de Velde'),
('aae7f3ba-2545-4db5-9ee6-d5dd56864d69', 'b75c6789-f0c9-404d-bf14-1e032bc7e443', 'female', 'Eline', 'Blom'),
('c1057620-da54-435c-a23d-d067a65719b1', '1e777869-b91a-40be-a1bb-4c19c871230a', 'female', 'Renée', 'van der Vlist'),
('d3424687-40ae-45ba-9d6a-21da0b27c225', 'dbeaea24-44af-4d97-b15f-aa4451c3e20b', 'male', 'Yoran', 'de Haan'),
('521acbab-fcbb-4b1f-9031-8c9b6ee86f2d', 'ee92ae9a-229d-4e2b-95af-0a80b51f9a56', 'male', 'Toby', 'Koning'),
('2fdd3919-f7ca-417e-a4d4-2e6f1fc3a8b2', '6c8e5d97-4816-4eea-82f9-6638fd3ce06e', 'male', 'Roel', 'van den Broek'),
('735e6db0-12c1-4876-b712-441e169ee67f', '48ec6359-f9c9-4754-a049-8ec167c4f929', 'male', 'Kees', 'van Dijk'),
('0fba42c4-286a-4fe7-a8b1-9c3c78def7a1', '8a8128d5-1385-4991-8e1d-e6dc5e389e3a', 'female', 'Julia', 'van Ham'),
('03ce44df-48bd-47ea-b55d-772dc60bf690', 'd98dd013-ed0a-4844-a1d3-46b8388252a1', 'male', 'Martijn', 'van der Heijden'),
('b072f5e9-b85a-4c3b-ae67-afc6aa4c2d62', '1327a35e-8a23-4d74-b952-a2be25305342', 'female', 'Veerle-Marie', 'van Herk'),
('96164a86-bb8c-4786-a0c7-79bfa041144c', 'fbf81ab4-9d58-4eaf-affc-1da8c8fffe36', 'female', 'Mariska', 'Martin'),
('f82e0bb9-850b-4800-94ad-10d5097176fb', 'ee92ae9a-229d-4e2b-95af-0a80b51f9a56', 'female', 'Sylvia', 'de Bruin'),
('db854af9-880b-4aeb-9db8-2694d9bf2730', 'd4fc6c50-142c-4658-a0f1-73da8af4d3d1', 'male', 'Tjerk', 'Visser'),
('effde14a-3128-4d48-a789-efc05c4bdee7', '3167abd3-013b-4d96-adf9-70eb1bac14b0', 'female', 'Nora', 'de Bruin'),
('15a518b0-9d61-4971-9769-1d98c827ff56', 'd98dd013-ed0a-4844-a1d3-46b8388252a1', 'female', 'Hanne', 'Boer'),
('b3d9d82c-81eb-4f55-bbe3-ba025195acf8', '3167abd3-013b-4d96-adf9-70eb1bac14b0', 'female', 'Nadine', 'van Gorp'),
('c4eff1d7-470a-4ef2-9201-ad7048650ab5', 'd4fc6c50-142c-4658-a0f1-73da8af4d3d1', 'female', 'Nova', 'van der Wal'),
('8846817c-5f95-458f-9241-af325c22797d', '8d1ed79a-2ce1-49bf-abee-77162bdc1e82', 'male', 'Valentijn', 'de Leeuw'),
('ddd21f69-b667-42ee-9307-2c2a95e0db9c', 'f55f20f8-0693-4d9e-8d0f-fb10b08928a6', 'female', 'Fenna-Marie', 'van Loon'),
('f2b674e6-1ff0-49c6-b8ea-2972a71084a2', '05529cca-b527-4110-bad9-e385ef825e77', 'male', 'Matthijs', 'van Klaveren'),
('5ba6df6c-2cca-4911-bb21-bb9a33584bdc', '267a259a-26f9-469a-9420-733074beac98', 'female', 'Claudia', 'van Helden'),
('f23a2ba0-4ed3-46cb-90b2-3c36b983e3b5', '9499a70e-54d7-47bc-a45b-357c0e32bcfc', 'male', 'Uwe', 'Geerts'),
('33fbfadb-4502-43ee-87c0-c1faa1e6025d', 'b34f5dc0-de5a-4538-acfa-9b83dba2bd7e', 'female', 'Maaike', 'Cornelis'),
('b00840e5-50c8-47f4-8cc2-d6c38e45b1ba', 'ff6ac6d4-9742-4861-a807-7e84ede84734', 'male', 'Yari', 'Stevens'),
('ea90b4b3-1657-45c6-8eb3-2009260f3b94', 'f55f20f8-0693-4d9e-8d0f-fb10b08928a6', 'male', 'Ulrich', 'van Beekhof'),
('20f93bf0-ce61-47c1-93d7-4c56728841c6', 'b69f7a45-e8ee-4d04-826c-825a8a88c770', 'male', 'Zeger', 'van Doesburg'),
('d8184621-62b5-4296-95be-fcd07c250918', 'ee92ae9a-229d-4e2b-95af-0a80b51f9a56', 'female', 'Hilde', 'van Baal'),
('2484c46c-84b1-4243-bf6a-71f2609bc7ad', '57923036-3645-445b-9e1b-1f01546bd58a', 'female', 'Gwen', 'van Gestel'),
('66201350-abeb-44fd-882d-cc6aa3d0f126', 'e51cc810-5ddf-4860-871d-ae052e57f7f6', 'male', 'Jens', 'van Ham'),
('e7e7edde-3eaf-4e67-adef-0fa6c9ff610d', '4b4059ae-fbad-4b4d-8f78-1f7ddb0e9c99', 'female', 'Mila', 'van Beek'),
('db945003-8385-4be2-a296-13cae974c8a6', 'e59b6d1e-19e6-4bbc-ad99-ea99eb5e5049', 'female', 'Roosmarijn', 'Roos'),
('fde0d3b5-8905-4fd5-a1b9-b0e7e83e7f10', 'b6ecea56-8bfa-49d6-88e6-88e2ab795657', 'female', 'Sarah', 'Sanders'),
('da874747-81f6-4a44-aab3-3d4c3851770b', 'fbf81ab4-9d58-4eaf-affc-1da8c8fffe36', 'female', 'Tess', 'van Binsbergen'),
('e293914b-02d4-42d8-b432-dc6b09c54c26', '6e8f499d-bb65-4b53-abc0-5f7c6f531a87', 'male', 'Thijs', 'van den Broek'),
('d1551d1c-6067-433a-84bb-03942156a25f', 'ee92ae9a-229d-4e2b-95af-0a80b51f9a56', 'male', 'Jesse', 'van der Knoop'),
('81331d68-7f17-493b-a0d7-a4f8ce38814c', '6e8f499d-bb65-4b53-abc0-5f7c6f531a87', 'male', 'Zoran', 'Cornelis'),
('c240ceae-1148-495b-b23c-cd2314383a10', '1b6d5325-c8b0-4836-8f3d-51bb6def9a45', 'male', 'Steef', 'van Marle'),
('b3479f72-630c-412e-bb29-6f124265dddd', '03c1643d-fa2e-4ecf-9cc2-d1a8e595f487', 'female', 'Hilde', 'Janssen'),
('9cd910eb-77c5-4887-98f9-d7c880417885', 'b6ecea56-8bfa-49d6-88e6-88e2ab795657', 'male', 'Dex', 'van den Broek'),
('0d947eae-1039-46de-ae3a-2dad7a70337f', '48194a01-f41a-49c3-9c01-f3af2c2a0271', 'male', 'Klaas', 'Willemsen'),
('85ba618c-27cb-41cf-99a8-3dc0b370f60f', 'f73322de-4854-4fe1-8b3c-b20eb0bc27c9', 'female', 'Wilhelmina', 'van der Laan'),
('b88cfdcb-1994-4c4f-bd32-4375f1e55cab', '48ec6359-f9c9-4754-a049-8ec167c4f929', 'female', 'Fabiënne', 'Gerrits'),
('1df88261-dfc1-4004-b25a-b6afcac73feb', 'dbeaea24-44af-4d97-b15f-aa4451c3e20b', 'male', 'Sjoel', 'van Os'),
('bbf57f65-392c-4b45-882d-ec4c6521eecd', 'f73322de-4854-4fe1-8b3c-b20eb0bc27c9', 'male', 'Noah', 'van IJssel'),
('4ff3c863-b053-478a-9927-99ee94fa00a2', 'b34f5dc0-de5a-4538-acfa-9b83dba2bd7e', 'female', 'Xanthe', 'van Geel'),
('f6c844f0-c6bd-4ca3-84bc-a54deff94a10', '48ec6359-f9c9-4754-a049-8ec167c4f929', 'female', 'Veerle', 'van Heesch'),
('94a7f03e-f889-46dd-9216-f92eddf0e1f7', 'e39c3f9c-e633-4ad9-96dd-c48e8782f194', 'female', 'Bea', 'van Gerven'),
('571a1bc6-0aa0-4b53-a5a4-9bbc50a4776d', '4b4059ae-fbad-4b4d-8f78-1f7ddb0e9c99', 'female', 'Lieke', 'van Nistelrooij'),
('13c85dda-238f-4489-b783-ee74001b457f', 'e4a68d87-682d-4eae-8c27-911086bb7ceb', 'male', 'Dirk', 'van Dijk'),
('f5736fcc-6846-413a-9061-4f6151cfce3e', 'f73322de-4854-4fe1-8b3c-b20eb0bc27c9', 'male', 'Floris', 'van Rens'),
('36a24ae3-ed28-4fcb-857f-fd2f4b4f56c2', '6e8f499d-bb65-4b53-abc0-5f7c6f531a87', 'male', 'Fedde', 'van Helden'),
('1fca46e4-8543-442a-b7f9-f375038c3cae', '1b6d5325-c8b0-4836-8f3d-51bb6def9a45', 'female', 'Renée', 'Lambert'),
('6fd4c9a8-1135-4f7e-b6a7-16e2114384cd', 'e4a68d87-682d-4eae-8c27-911086bb7ceb', 'female', 'Geertje', 'van Ravenstein'),
('201c0867-3162-4583-aef5-ede1a4005d81', 'deebcd48-91e8-4214-a86b-24cf472cbed2', 'female', 'Jasmijn', 'Meijer'),
('bc3a9316-5b24-42ed-bc85-f591cc2d12d3', 'e59b6d1e-19e6-4bbc-ad99-ea99eb5e5049', 'female', 'Karin', 'van Loon'),
('838eddf1-b24e-4544-a19b-e007b908e4eb', 'b75c6789-f0c9-404d-bf14-1e032bc7e443', 'male', 'Pepijn', 'Schouten'),
('820df3fc-60a6-4d09-859f-c4ea697350fb', 'f73322de-4854-4fe1-8b3c-b20eb0bc27c9', 'female', 'Ziva', 'van Gerven'),
('b2a34fd3-c56c-45d7-a1e6-019771238b08', 'e59b6d1e-19e6-4bbc-ad99-ea99eb5e5049', 'male', 'Kilian', 'van Galen'),
('28da459a-df68-4b66-ab5e-c462900df5b1', 'd98dd013-ed0a-4844-a1d3-46b8388252a1', 'female', 'Puck-Marie', 'Willems'),
('928d3b9f-65d9-408f-838c-8d90856651a4', '3167abd3-013b-4d96-adf9-70eb1bac14b0', 'male', 'Cuno', 'van Gorp'),
('3f39a2eb-1e3c-4bd6-8d5b-c8268ef58627', '9499a70e-54d7-47bc-a45b-357c0e32bcfc', 'female', 'Veerle-Marie', 'de Vries'),
('562c4bbd-16a2-4f6e-8db0-9e5cdc22c8f4', '2e3fa68f-986c-48c4-8d7e-b5d7051cc889', 'female', 'Liesbeth', 'van Kampen'),
('e09261ac-5b07-4d85-ab0a-c220fe476bdd', '8d1ed79a-2ce1-49bf-abee-77162bdc1e82', 'female', 'Zita', 'van den Broek'),
('9968ab9a-5185-4370-b673-7b887eef3daa', 'b69f7a45-e8ee-4d04-826c-825a8a88c770', 'male', 'Noël', 'Smit'),
('e0aa2d38-d74f-4c7f-889f-ca33fa0fbb1a', 'fbf81ab4-9d58-4eaf-affc-1da8c8fffe36', 'female', 'Sabine', 'Huisman'),
('0ad97951-fb14-4a2c-96f6-172a50e4a83c', '8d1ed79a-2ce1-49bf-abee-77162bdc1e82', 'male', 'Piet', 'van Beekhof'),
('aed02aba-c392-4372-8402-9268038e32aa', 'b34f5dc0-de5a-4538-acfa-9b83dba2bd7e', 'female', 'Bea', 'Mulder'),
('4501e12e-2e47-4895-881b-b9aa1dbe2ce1', '8d1ed79a-2ce1-49bf-abee-77162bdc1e82', 'female', 'Hester', 'Brouwer'),
('b5082c6f-9817-4b74-8d0e-087e72406452', '8a8128d5-1385-4991-8e1d-e6dc5e389e3a', 'male', 'Xavi', 'Bosch'),
('dc99c11a-b683-4169-bbac-a982f9521181', '8d1ed79a-2ce1-49bf-abee-77162bdc1e82', 'female', 'Tessa', 'van Aalst'),
('10a98443-5813-4fd3-b2a2-e8344ad52056', 'deebcd48-91e8-4214-a86b-24cf472cbed2', 'female', 'Roos', 'Smits'),
('e839d88b-5111-4516-9f39-145b3cb437bc', '05529cca-b527-4110-bad9-e385ef825e77', 'male', 'Rogier', 'van Kats'),
('6c4ecfb9-aa4f-48f1-9d62-5790a24d8ea4', 'b074bd56-c047-457e-ace7-4111664348c6', 'female', 'Nadine', 'van Ommen'),
('c07be9d4-e619-47b1-bf50-7acd50c3f24d', '8d1ed79a-2ce1-49bf-abee-77162bdc1e82', 'male', 'Frank', 'de Groot'),
('8d1197d8-b8de-4dd4-b08c-99f95dc72650', 'a0db1d9e-989b-4ee1-9e2e-aa1d5eeda7be', 'male', 'Wout', 'de Vries'),
('d9e6c7c8-eeb5-4619-9a69-c7bc7cdffba9', 'b34f5dc0-de5a-4538-acfa-9b83dba2bd7e', 'male', 'Sjoerd', 'van Herk'),
('0ad3e73f-deb5-4cfe-9fd6-b9cb7a1124a8', '8d1ed79a-2ce1-49bf-abee-77162bdc1e82', 'male', 'Milo', 'van Kamp'),
('830faf6d-debf-4fc2-9bcf-23a8360fb0a2', '6e8f499d-bb65-4b53-abc0-5f7c6f531a87', 'female', 'Kristel', 'van Geel'),
('e0f93798-c428-4d2f-b9a9-d6503e2e2326', 'f55f20f8-0693-4d9e-8d0f-fb10b08928a6', 'female', 'Mila', 'Hendriks'),
('6ef86c13-8a2b-4fc8-a49b-4d001b836ff1', '6e8f499d-bb65-4b53-abc0-5f7c6f531a87', 'male', 'Norbert', 'van Houtenbosch'),
('76697800-9378-4683-8645-cc1a18836f52', 'ff6ac6d4-9742-4861-a807-7e84ede84734', 'female', 'Famke', 'van der Laan'),
('5befcfe6-8d5a-402f-bf82-26be809827fb', 'fbf81ab4-9d58-4eaf-affc-1da8c8fffe36', 'female', 'Ursula', 'Huisman'),
('2acb033c-332e-4bd9-869e-8dd9349b98ce', 'f55f20f8-0693-4d9e-8d0f-fb10b08928a6', 'male', 'Xandro', 'van den Berg'),
('ff0d5282-3e09-47ac-ad3a-d1ab771d3976', '7b27f0c0-5532-4c92-8581-add38db2bdc1', 'male', 'Rens', 'van Ommen'),
('620abd71-f9b4-4dfa-be21-f1ee8861cdda', 'fbf81ab4-9d58-4eaf-affc-1da8c8fffe36', 'male', 'Haye', 'van Doorn'),
('55c6d7a4-88f5-4792-9a4d-8c5ffe6e6aee', '48ec6359-f9c9-4754-a049-8ec167c4f929', 'male', 'Koen', 'van der Wal'),
('8d60e42d-016a-4b08-9610-d6b58b092c1b', 'e39c3f9c-e633-4ad9-96dd-c48e8782f194', 'male', 'Xandro', 'Martin'),
('8fcff71e-8af1-48e3-b1f3-8afcffb570e3', '9499a70e-54d7-47bc-a45b-357c0e32bcfc', 'male', 'Udo', 'van Gerven'),
('069da559-e585-41b6-803f-a236fbe05f67', '05529cca-b527-4110-bad9-e385ef825e77', 'male', 'Yvo', 'van Klei'),
('19ca822a-fa68-4683-abec-9bdb15b719ac', 'b34f5dc0-de5a-4538-acfa-9b83dba2bd7e', 'female', 'Eliza', 'Brouwer'),
('20670eaa-660c-404c-bee3-b2356d2e185f', 'b69f7a45-e8ee-4d04-826c-825a8a88c770', 'male', 'Mees', 'van Dijk'),
('e5f0c1e3-ddc8-4956-9f1c-715f4579a426', 'b34f5dc0-de5a-4538-acfa-9b83dba2bd7e', 'male', 'Joris', 'Hermans'),
('bd0a73f5-2d58-41bd-8f3d-a18b0f66d85a', '2e3fa68f-986c-48c4-8d7e-b5d7051cc889', 'female', 'Bo', 'de Jong'),
('9717753e-fbf0-4b53-b436-b2b22ec9cc6d', '03c1643d-fa2e-4ecf-9cc2-d1a8e595f487', 'male', 'Florian', 'de Bruin'),
('58e104b0-8576-41a4-88be-08718eacacba', '1327a35e-8a23-4d74-b952-a2be25305342', 'female', 'Isa', 'van der Heijden'),
('3db44cf3-820c-4be5-b105-ddbc7573118d', '05529cca-b527-4110-bad9-e385ef825e77', 'male', 'Fedde', 'van Damme'),
('c97d5c73-186c-408f-a8c9-b6c5b947fd05', 'd78325e1-e7fb-4604-abfc-1a927bd15339', 'male', 'Xeno', 'Groen'),
('491e7f94-cf4c-404f-a84a-9ca3af7cd65f', '95975c82-8c86-4e16-be1d-52db0f50e1e0', 'female', 'Gwen', 'van der Kroef'),
('e664418c-54b7-4f75-8417-6dfa78ba747d', 'deebcd48-91e8-4214-a86b-24cf472cbed2', 'female', 'Guusje', 'van Hardenberg'),
('5afaf04b-fe55-459f-bda1-fd001ad8ce3a', '8d1ed79a-2ce1-49bf-abee-77162bdc1e82', 'female', 'Sabine', 'de Jong'),
('9c27840d-0cee-46ae-832d-4a0d73f38156', 'd046f8ac-7851-4cba-bb15-d3b8d00a0328', 'male', 'Larsen', 'van der Molen'),
('6242eaa7-db04-48ca-8a7a-45e6f0a19245', 'e1a13415-84e5-4ce5-b925-45aa166cb9be', 'male', 'Xander', 'Prins'),
('9d9f079f-2c14-42df-a56e-d9c0d5b8251e', 'f55f20f8-0693-4d9e-8d0f-fb10b08928a6', 'male', 'Finn', 'van den Berg'),
('7e904132-3b94-4856-9caf-c4618299c5c4', '8a8128d5-1385-4991-8e1d-e6dc5e389e3a', 'female', 'Cynthia', 'Goossens'),
('2b55f4d7-c407-4183-9659-a53b8a3dd07a', 'b6ecea56-8bfa-49d6-88e6-88e2ab795657', 'male', 'Ivo', 'van der Pol'),
('9b82df9d-3e31-4710-83d7-2056069d018e', 'f73322de-4854-4fe1-8b3c-b20eb0bc27c9', 'female', 'Tijn', 'Kuiper'),
('0c85fc49-8637-47ca-8c13-9e17963a2462', 'b3b38e1e-b6e5-4194-9118-b3b05e4c49be', 'male', 'Nico', 'van Boven'),
('6e82b216-ebcd-46b3-a11a-6f438159cb93', '48ec6359-f9c9-4754-a049-8ec167c4f929', 'female', 'Jolien', 'van Delft'),
('01a4b588-79a4-4f8a-a30a-390fce380e83', 'e1a13415-84e5-4ce5-b925-45aa166cb9be', 'female', 'Tess', 'van Pelt'),
('95b4b242-8860-4afc-b926-d350279abc1c', 'deebcd48-91e8-4214-a86b-24cf472cbed2', 'male', 'Harmen', 'van der Kroef'),
('549b56af-82b8-4431-a29d-834cfb0a5c9e', '1b6d5325-c8b0-4836-8f3d-51bb6def9a45', 'male', 'Odin', 'Groen'),
('6d0d71dc-80ac-46d3-98ba-7c0504ac06e3', '1327a35e-8a23-4d74-b952-a2be25305342', 'male', 'Valentijn', 'van Maanen'),
('45f594b6-c7ea-4358-8415-033cb53495d4', '2e3fa68f-986c-48c4-8d7e-b5d7051cc889', 'male', 'Gideon', 'van Gestel'),
('b05302f0-1a56-445c-b275-6849f70fb625', 'ff6ac6d4-9742-4861-a807-7e84ede84734', 'female', 'Tirza', 'Jacobs'),
('a7533866-36a7-4ffd-b43e-d1bfdc6d31c3', 'e59b6d1e-19e6-4bbc-ad99-ea99eb5e5049', 'male', 'Pim', 'Scholten'),
('532e05e0-f5a3-47b6-b456-858283d49357', '7f6572fc-f975-4cc9-9d78-d142c737c4f0', 'female', 'Elin', 'van Hoek'),
('9aeb5c34-90a8-4d35-a20f-cfb7689565dd', '05529cca-b527-4110-bad9-e385ef825e77', 'female', 'Wende', 'van der Velden'),
('2e3b30e1-1b97-4e9a-bfa9-15657179b702', '305df59d-33b4-41b8-9c25-a96051a349a2', 'female', 'Noëlle', 'van der Velde'),
('a5a5dc15-9b9e-451f-ad97-f9544b822a8b', 'dbeaea24-44af-4d97-b15f-aa4451c3e20b', 'male', 'Aart', 'van Dijk'),
('5036a089-e9d8-4f10-ac4d-10e235104438', 'b69f7a45-e8ee-4d04-826c-825a8a88c770', 'female', 'Zoë', 'van Gerven'),
('41dbfabb-0bf8-4aaf-941b-370e3e68bf65', '7f6572fc-f975-4cc9-9d78-d142c737c4f0', 'female', 'Yara', 'van den Berg'),
('52cd9c51-8c61-49c5-b7e0-8002aaa7d1b2', 'd046f8ac-7851-4cba-bb15-d3b8d00a0328', 'female', 'Renate', 'van Geel'),
('2eee6159-d2f8-48fe-b628-6e51282f5022', '1b6d5325-c8b0-4836-8f3d-51bb6def9a45', 'female', 'Rianne', 'van Gils'),
('c15ba3fc-c7d6-4af9-969d-41aebe28cba6', 'd78325e1-e7fb-4604-abfc-1a927bd15339', 'female', 'Hester', 'Lambert'),
('23a37bfb-ce32-4674-b855-3443b2171e09', '4b4059ae-fbad-4b4d-8f78-1f7ddb0e9c99', 'male', 'Bramwell', 'van Dongen'),
('4c2c1dcc-6b54-4c79-a274-aeb8226ad433', 'deebcd48-91e8-4214-a86b-24cf472cbed2', 'female', 'Anna', 'van Houten'),
('8650dd37-e07c-40bc-845c-6648f17928c1', '8a8128d5-1385-4991-8e1d-e6dc5e389e3a', 'male', 'Marnix', 'van Vliet'),
('77c1cea0-57a3-4f39-ae79-12c349a18005', 'dbeaea24-44af-4d97-b15f-aa4451c3e20b', 'male', 'Jorn', 'van der Meer'),
('14aaf2fc-dc6c-4b5e-9d44-4949cb234710', '267a259a-26f9-469a-9420-733074beac98', 'male', 'Noël', 'van de Velde'),
('f7c0f2ad-8774-4b47-aa9e-9801405acc44', 'd78325e1-e7fb-4604-abfc-1a927bd15339', 'male', 'Olivier', 'van Hattem'),
('03536e8d-cd98-4fc8-a2a9-d73383657dda', '05529cca-b527-4110-bad9-e385ef825e77', 'male', 'Teo', 'de Boer'),
('3306a033-3149-4b5a-b09f-68d907480ac8', '05529cca-b527-4110-bad9-e385ef825e77', 'male', 'Twan', 'van den Broek'),
('637473f2-b27c-4d2a-9491-ad499c4f3429', '7420872b-3c98-4873-93fd-758095f827e9', 'female', 'Pauline', 'Simons'),
('8d24eaf6-bb05-4e04-a95a-288908cec7dd', '48194a01-f41a-49c3-9c01-f3af2c2a0271', 'female', 'Zelda', 'van Reenen'),
('66c65dfb-33b7-48d1-826d-75b67719452c', 'd98dd013-ed0a-4844-a1d3-46b8388252a1', 'female', 'Zoë', 'van Klei'),
('6eddb11d-8c95-4a30-9793-a77b7fafb464', 'd4fc6c50-142c-4658-a0f1-73da8af4d3d1', 'male', 'Rein', 'van Huizen'),
('afa3239f-9fdd-41d3-be51-44bff80fd03c', 'f55f20f8-0693-4d9e-8d0f-fb10b08928a6', 'female', 'Tijn', 'van Hattem'),
('98a9da16-c039-45a0-8d8d-32204513893e', 'b69f7a45-e8ee-4d04-826c-825a8a88c770', 'male', 'Hylke', 'van Gerven'),
('6d3886c7-b282-403b-aa10-a069af008c3b', '8a8128d5-1385-4991-8e1d-e6dc5e389e3a', 'male', 'Hidde', 'Sanders'),
('72df11cd-5ba0-4eb5-ab42-7785a11a7afe', 'fbf81ab4-9d58-4eaf-affc-1da8c8fffe36', 'male', 'Victor', 'van Klaveren'),
('9cbdbcf5-20b2-4269-a32d-981f0fa4919c', '3167abd3-013b-4d96-adf9-70eb1bac14b0', 'female', 'Veerle-Marie', 'Bos'),
('11913aa0-6cb6-433e-9b00-9f79b886b9af', '7f6572fc-f975-4cc9-9d78-d142c737c4f0', 'male', 'Piet', 'van Maanen'),
('d1ed73e9-f23c-4bc8-9121-a43253345eda', '9499a70e-54d7-47bc-a45b-357c0e32bcfc', 'male', 'Valentijn', 'Dekker'),
('e7e8fc38-d30e-40bd-8bc9-48d7fe93c72e', 'f55f20f8-0693-4d9e-8d0f-fb10b08928a6', 'female', 'Ilse', 'Goossens'),
('49d6496a-77da-407d-b7b9-b9bfaab396ec', '03c1643d-fa2e-4ecf-9cc2-d1a8e595f487', 'female', 'Linde', 'van Gerven'),
('d4deaec5-1257-4073-94de-efc33b9d08ee', 'e51cc810-5ddf-4860-871d-ae052e57f7f6', 'female', 'Francisca', 'van Gils'),
('a3871686-bc06-4cb6-996d-b3453e5df0a5', 'e59b6d1e-19e6-4bbc-ad99-ea99eb5e5049', 'male', 'Cas', 'van Nistelrooij'),
('237681cd-ecf6-4fbd-96be-724e53c6a935', '7f6572fc-f975-4cc9-9d78-d142c737c4f0', 'female', 'Ivana', 'Peeters'),
('15584dad-0ac7-4d2f-bc0d-2a97ca2ca991', 'b69f7a45-e8ee-4d04-826c-825a8a88c770', 'female', 'Tessa', 'de Vries'),
('e01c7cb3-2516-41d8-8465-ba97871465e9', 'dbeaea24-44af-4d97-b15f-aa4451c3e20b', 'female', 'Ursula', 'Verhoeven'),
('10809d91-8402-4001-8d97-ce4025471b3a', '05529cca-b527-4110-bad9-e385ef825e77', 'male', 'Teun', 'Devos'),
('e3ff21d8-fbaf-460e-9446-5bbe9595d924', '03c1643d-fa2e-4ecf-9cc2-d1a8e595f487', 'male', 'Yannick', 'de Boer'),
('93ac5a30-2025-4d25-b130-af306a7697c0', '6c8e5d97-4816-4eea-82f9-6638fd3ce06e', 'female', 'Geertje', 'van Keulen'),
('d3be80e5-237a-4b78-873e-1cc195f5bd73', 'd4fc6c50-142c-4658-a0f1-73da8af4d3d1', 'male', 'Ward', 'van der Kroef'),
('3ddd4d0e-f0dd-4133-9676-1c495ce8f67e', 'a3aaefb0-1f94-4fcf-8e37-840ce12578ed', 'female', 'Senna', 'Hendriks'),
('940b1e2d-9f05-4a99-93cb-8cecc5af5465', '3167abd3-013b-4d96-adf9-70eb1bac14b0', 'female', 'Jolijn', 'van Doorn'),
('24c97af2-20d4-4b4a-bf26-a2d2a2e1aabf', 'f55f20f8-0693-4d9e-8d0f-fb10b08928a6', 'female', 'Sterre', 'Willemsen'),
('3b9d98f1-665e-41d1-903d-27fec5f1df08', '2e3fa68f-986c-48c4-8d7e-b5d7051cc889', 'female', 'Ilona', 'van der Wielen'),
('f7e0a44b-3614-47b9-bc93-13b88f05f109', '6c8e5d97-4816-4eea-82f9-6638fd3ce06e', 'female', 'Else', 'Smit'),
('6ff28912-add6-4ada-857d-338e6b86092f', '2e3fa68f-986c-48c4-8d7e-b5d7051cc889', 'male', 'Kees', 'van Os'),
('0a4061f9-5055-4a07-9c87-06bb1de506f0', '6c8e5d97-4816-4eea-82f9-6638fd3ce06e', 'female', 'Maaike', 'de Jong'),
('5e5ae048-8322-45d2-9542-89dfb0b18feb', 'b34f5dc0-de5a-4538-acfa-9b83dba2bd7e', 'male', 'Igor', 'Vos'),
('41fb668d-01cd-4397-97b6-9c43b0c25c8a', '3167abd3-013b-4d96-adf9-70eb1bac14b0', 'female', 'Iris', 'de Smet'),
('3de679b9-1354-40ee-85bc-2e1647cd41b0', '3167abd3-013b-4d96-adf9-70eb1bac14b0', 'female', 'Zita', 'van Rossum'),
('054a8e0f-40fb-430a-95a8-b05bde8e2090', 'e51cc810-5ddf-4860-871d-ae052e57f7f6', 'male', 'Lars', 'van der Wal'),
('0b2de5db-083e-45b6-ac78-0f3c726babf1', '03c1643d-fa2e-4ecf-9cc2-d1a8e595f487', 'male', 'Idris', 'van Pelt'),
('ecc36904-25af-471a-a325-5b3ec8ac8290', 'b074bd56-c047-457e-ace7-4111664348c6', 'male', 'Niek', 'van Ravenstein'),
('e9e5710b-f497-40c7-847d-d178fb3e3695', 'b074bd56-c047-457e-ace7-4111664348c6', 'female', 'Karlijn', 'van Damme'),
('2daa3ce9-62d1-48a8-809c-9b8a0038d4f0', '48194a01-f41a-49c3-9c01-f3af2c2a0271', 'female', 'Zelda', 'van Ravenstein'),
('8690a3bb-2386-4c06-8032-164d7dc3a767', '7420872b-3c98-4873-93fd-758095f827e9', 'male', 'Niels', 'Vos'),
('2fbbc55b-d6cf-43bd-9645-fcfece0664c8', '2e3fa68f-986c-48c4-8d7e-b5d7051cc889', 'male', 'Hylke', 'de Haan'),
('afaf48df-41fa-47ed-9147-b5e719548f3c', '7420872b-3c98-4873-93fd-758095f827e9', 'female', 'Xenia', 'Visser'),
('df6debc4-015f-4189-b101-b12fcbaf196d', 'e39c3f9c-e633-4ad9-96dd-c48e8782f194', 'male', 'Rein', 'van der Meer'),
('c152230b-440a-4c29-a7de-38241b45b835', '1327a35e-8a23-4d74-b952-a2be25305342', 'female', 'Xanthe', 'Bosch'),
('cfc57a44-2845-45bb-a8c1-00d656a4b6eb', '8d1ed79a-2ce1-49bf-abee-77162bdc1e82', 'male', 'Florian', 'Dupont'),
('4ffdf0a8-1f25-4e40-b657-bf7a356af9d4', 'fbf81ab4-9d58-4eaf-affc-1da8c8fffe36', 'male', 'Loek', 'van Eck'),
('0b5b8829-1146-4a5e-b99b-7a9078d27143', '7f6572fc-f975-4cc9-9d78-d142c737c4f0', 'male', 'Zeger', 'Dekker'),
('e21d15f0-e748-4393-bf56-70051e87bca4', 'ff6ac6d4-9742-4861-a807-7e84ede84734', 'female', 'Ilona', 'van Marle'),
('53530cd8-c06b-41d1-8db8-c40810e09063', 'b69f7a45-e8ee-4d04-826c-825a8a88c770', 'female', 'Sylvia', 'van Helden'),
('251a35fe-7177-40df-a8e7-4dcbe1b3f6d9', '03c1643d-fa2e-4ecf-9cc2-d1a8e595f487', 'female', 'Renée', 'van der Wielen'),
('0036cc7b-cb7e-4e18-81c1-63a60b413892', '305df59d-33b4-41b8-9c25-a96051a349a2', 'female', 'Ilona', 'van IJssel'),
('24204c4c-875f-4edb-befc-138ee8f3d5ff', '9499a70e-54d7-47bc-a45b-357c0e32bcfc', 'female', 'Willeke', 'van Ravenstein');

-- identity & app_user (kolom 9)
INSERT INTO auth.identity (id, email_address, password_hash) VALUES
('35c00cfc-2139-4ea4-bca6-0d7004accdae', 'z.vanderspek@izaak.nl', '$2a$12$QyECOGXJfmCGHGaTnhP7eOKNAPoOUDgR.Aykp46xLY9BekGrXzB8a'),
('9c130f7d-b73e-4383-ac62-8b2f5afc822b', 'x.vanhoek@degraafschap.nl', '$2a$12$QyECOGXJfmCGHGaTnhP7eOKNAPoOUDgR.Aykp46xLY9BekGrXzB8a'),
('0cdf65fc-9443-4880-9a5b-48f99f78741f', 'j.vandermeer@archipelzorggroep.nl', '$2a$12$QyECOGXJfmCGHGaTnhP7eOKNAPoOUDgR.Aykp46xLY9BekGrXzB8a'),
('abbe807a-6782-4266-9f39-c2d413e91d6e', 'y.vankooten@cordaan.nl', '$2a$12$QyECOGXJfmCGHGaTnhP7eOKNAPoOUDgR.Aykp46xLY9BekGrXzB8a'),
('91cd5bdc-58f9-4eb4-a76c-b7e5249a5b47', 'x.vandermeulen@pieterzijl.nl', '$2a$12$QyECOGXJfmCGHGaTnhP7eOKNAPoOUDgR.Aykp46xLY9BekGrXzB8a'),
('04447d64-0400-40ea-bb4b-0c91bcbffaca', 'f.dehaan@leliezorggroep.nl', '$2a$12$QyECOGXJfmCGHGaTnhP7eOKNAPoOUDgR.Aykp46xLY9BekGrXzB8a'),
('bb2afefa-1caf-431c-96a4-9b31348f0f10', 'm.maes@salem.nl', '$2a$12$QyECOGXJfmCGHGaTnhP7eOKNAPoOUDgR.Aykp46xLY9BekGrXzB8a'),
('61856910-3867-4596-938c-0f7e717612a7', 't.goossens@beweging30.nl', '$2a$12$QyECOGXJfmCGHGaTnhP7eOKNAPoOUDgR.Aykp46xLY9BekGrXzB8a'),
('f7822a1c-7d5d-441d-9638-3ddf5399088b', 'g.hendriks@zorgwaard.nl', '$2a$12$QyECOGXJfmCGHGaTnhP7eOKNAPoOUDgR.Aykp46xLY9BekGrXzB8a'),
('691e5618-5f4f-4a9a-aec8-e00da3ebbdda', 'p.vanrooijen@cordaan.nl', '$2a$12$QyECOGXJfmCGHGaTnhP7eOKNAPoOUDgR.Aykp46xLY9BekGrXzB8a'),
('c7535b87-250a-48bc-b683-48e0d988b9ce', 's.vanhuizen@aafje.nl', '$2a$12$QyECOGXJfmCGHGaTnhP7eOKNAPoOUDgR.Aykp46xLY9BekGrXzB8a'),
('e3c44593-d657-49fa-8614-920e259f4dd1', 'e.blom@zorgwaard.nl', '$2a$12$QyECOGXJfmCGHGaTnhP7eOKNAPoOUDgR.Aykp46xLY9BekGrXzB8a'),
('7dc42aeb-8ac6-4752-a066-3b10132b56b8', 'f.vandersteen@amstelring.nl', '$2a$12$QyECOGXJfmCGHGaTnhP7eOKNAPoOUDgR.Aykp46xLY9BekGrXzB8a'),
('de39117b-a168-482a-bf4e-7545d472acee', 'r.kok@zorgwaard.nl', '$2a$12$QyECOGXJfmCGHGaTnhP7eOKNAPoOUDgR.Aykp46xLY9BekGrXzB8a'),
('e9819ef4-466f-40e5-a300-b3b6ac2b0fd6', 'j.vanderkroef@aafje.nl', '$2a$12$QyECOGXJfmCGHGaTnhP7eOKNAPoOUDgR.Aykp46xLY9BekGrXzB8a'),
('1c105e60-53ef-4eb2-9ff0-19d1639c0a2c', 'e.vos@patyna.nl', '$2a$12$QyECOGXJfmCGHGaTnhP7eOKNAPoOUDgR.Aykp46xLY9BekGrXzB8a'),
('b0a43651-483b-4324-a459-f30234c20dcd', 'a.vandamme@vivium.nl', '$2a$12$QyECOGXJfmCGHGaTnhP7eOKNAPoOUDgR.Aykp46xLY9BekGrXzB8a'),
('33686fba-799a-4728-b056-53c34e256604', 'o.desmet@zuyderland.nl', '$2a$12$QyECOGXJfmCGHGaTnhP7eOKNAPoOUDgR.Aykp46xLY9BekGrXzB8a'),
('84b492aa-f730-4f4c-a08d-981bccfdc328', 'b.vanhoek@buurtzorg.nl', '$2a$12$QyECOGXJfmCGHGaTnhP7eOKNAPoOUDgR.Aykp46xLY9BekGrXzB8a'),
('924da5b0-80cf-4187-8ebb-5029883b6f9f', 'u.visser@aafje.nl', '$2a$12$QyECOGXJfmCGHGaTnhP7eOKNAPoOUDgR.Aykp46xLY9BekGrXzB8a'),
('f9034bf6-a05d-49f1-bfe6-eeb2277ee130', 'i.simons@zuyderland.nl', '$2a$12$QyECOGXJfmCGHGaTnhP7eOKNAPoOUDgR.Aykp46xLY9BekGrXzB8a'),
('ff01d1bd-8bb7-4584-bb82-40e2634ab4ca', 'v.vankamp@sensara.com', '$2a$12$QyECOGXJfmCGHGaTnhP7eOKNAPoOUDgR.Aykp46xLY9BekGrXzB8a'),
('f9e276fa-c302-4655-b692-dcc60e099e6f', 'l.vangils@aafje.nl', '$2a$12$QyECOGXJfmCGHGaTnhP7eOKNAPoOUDgR.Aykp46xLY9BekGrXzB8a'),
('86b3e438-cdd5-42e2-aad0-fec95001742f', 'r.vanderlinden@beweging30.nl', '$2a$12$QyECOGXJfmCGHGaTnhP7eOKNAPoOUDgR.Aykp46xLY9BekGrXzB8a'),
('108c0ba0-7d1a-48de-aa03-6addffb12085', 't.blom@vrijwaard.nl', '$2a$12$QyECOGXJfmCGHGaTnhP7eOKNAPoOUDgR.Aykp46xLY9BekGrXzB8a'),
('463a084e-d1e8-4ab7-99d0-95a68d0c9088', 'f.dehaan@sensara.com', '$2a$12$QyECOGXJfmCGHGaTnhP7eOKNAPoOUDgR.Aykp46xLY9BekGrXzB8a'),
('e933e94e-3c63-4058-a58f-a93fe627636e', 'm.vanaalst@zorgwaard.nl', '$2a$12$QyECOGXJfmCGHGaTnhP7eOKNAPoOUDgR.Aykp46xLY9BekGrXzB8a'),
('76e21a39-26a8-490f-beee-849fd08b8510', 'r.debruin@degraafschap.nl', '$2a$12$QyECOGXJfmCGHGaTnhP7eOKNAPoOUDgR.Aykp46xLY9BekGrXzB8a'),
('634eff5e-71c2-47e9-8034-077e20b7086d', 'i.vanderlinden@pieterzijl.nl', '$2a$12$QyECOGXJfmCGHGaTnhP7eOKNAPoOUDgR.Aykp46xLY9BekGrXzB8a'),
('6b2e5ef7-5d36-43d4-936b-023645ff7c2a', 'r.vandeven@pieterzijl.nl', '$2a$12$QyECOGXJfmCGHGaTnhP7eOKNAPoOUDgR.Aykp46xLY9BekGrXzB8a'),
('ddf47c62-602b-4ba4-a3e2-70b58c881a52', 'k.vandijk@cordaan.nl', '$2a$12$QyECOGXJfmCGHGaTnhP7eOKNAPoOUDgR.Aykp46xLY9BekGrXzB8a'),
('75bd8185-1d0f-44ce-adeb-544a7bc56643', 'i.vandenheuvel@amstelring.nl', '$2a$12$QyECOGXJfmCGHGaTnhP7eOKNAPoOUDgR.Aykp46xLY9BekGrXzB8a'),
('98d56e8b-7476-4619-94c1-16b084e3233a', 'm.vanleeuwen@cordaan.nl', '$2a$12$QyECOGXJfmCGHGaTnhP7eOKNAPoOUDgR.Aykp46xLY9BekGrXzB8a'),
('37f94572-5cdb-478b-96db-9a3674ee7e51', 'd.vandenheuvel@salem.nl', '$2a$12$QyECOGXJfmCGHGaTnhP7eOKNAPoOUDgR.Aykp46xLY9BekGrXzB8a'),
('8c4c6774-ddd9-48df-89d4-1386d4dd8293', 'f.timmermans@cordaan.nl', '$2a$12$QyECOGXJfmCGHGaTnhP7eOKNAPoOUDgR.Aykp46xLY9BekGrXzB8a'),
('89482ea5-6749-465d-b8d1-199d9b1ae668', 'm.vanklei@archipelzorggroep.nl', '$2a$12$QyECOGXJfmCGHGaTnhP7eOKNAPoOUDgR.Aykp46xLY9BekGrXzB8a'),
('00583df7-a884-42ad-8ec2-d7f1f9fc3412', 'f.vanderlaan@vierstroom.nl', '$2a$12$QyECOGXJfmCGHGaTnhP7eOKNAPoOUDgR.Aykp46xLY9BekGrXzB8a'),
('49e98ec2-b32e-4d59-b37a-99e983f1d692', 'o.vanmiddelkoop@sensara.com', '$2a$12$QyECOGXJfmCGHGaTnhP7eOKNAPoOUDgR.Aykp46xLY9BekGrXzB8a'),
('7f6fafd5-3904-4aed-b245-1e047c2297d7', 'j.vanbinsbergen@careyn.nl', '$2a$12$QyECOGXJfmCGHGaTnhP7eOKNAPoOUDgR.Aykp46xLY9BekGrXzB8a'),
('913251b2-abb8-4c95-9158-fda1280ee985', 'h.hendriks@vierstroom.nl', '$2a$12$QyECOGXJfmCGHGaTnhP7eOKNAPoOUDgR.Aykp46xLY9BekGrXzB8a'),
('e335f10f-97cc-41ed-959e-376ee8179143', 'n.dupont@zorgwaard.nl', '$2a$12$QyECOGXJfmCGHGaTnhP7eOKNAPoOUDgR.Aykp46xLY9BekGrXzB8a'),
('1c189bb6-061d-446c-b71c-076d66e290f0', 'b.vanrooijen@izaak.nl', '$2a$12$QyECOGXJfmCGHGaTnhP7eOKNAPoOUDgR.Aykp46xLY9BekGrXzB8a'),
('8fee4680-35d4-4bb9-81e0-6916d1bf7c61', 'v.vandenheuvel@degraafschap.nl', '$2a$12$QyECOGXJfmCGHGaTnhP7eOKNAPoOUDgR.Aykp46xLY9BekGrXzB8a'),
('27454d22-2d26-44ba-997d-f6574626c689', 't.goossens@salem.nl', '$2a$12$QyECOGXJfmCGHGaTnhP7eOKNAPoOUDgR.Aykp46xLY9BekGrXzB8a'),
('242d6a38-820e-43d0-819e-7cbd924c9109', 't.kramer@cordaan.nl', '$2a$12$QyECOGXJfmCGHGaTnhP7eOKNAPoOUDgR.Aykp46xLY9BekGrXzB8a'),
('11e87184-5598-4715-a3f6-6c942afb3860', 'c.devos@degraafschap.nl', '$2a$12$QyECOGXJfmCGHGaTnhP7eOKNAPoOUDgR.Aykp46xLY9BekGrXzB8a'),
('5794713e-9739-4d3d-aa62-6b151acabf64', 'e.vandenheuvel@careyn.nl', '$2a$12$QyECOGXJfmCGHGaTnhP7eOKNAPoOUDgR.Aykp46xLY9BekGrXzB8a'),
('a83ad8ea-4afb-4f4e-8377-38a07d898fd1', 'z.devos@beweging30.nl', '$2a$12$QyECOGXJfmCGHGaTnhP7eOKNAPoOUDgR.Aykp46xLY9BekGrXzB8a'),
('e5b688eb-8b20-4687-832d-00a0bd069f1d', 'i.vaneck@beweging30.nl', '$2a$12$QyECOGXJfmCGHGaTnhP7eOKNAPoOUDgR.Aykp46xLY9BekGrXzB8a'),
('5f78ffae-8b70-4463-9e78-98726aca155a', 'u.vanhoutenbosch@careyn.nl', '$2a$12$QyECOGXJfmCGHGaTnhP7eOKNAPoOUDgR.Aykp46xLY9BekGrXzB8a'),
('625e3855-1807-4646-b109-4702c9c049c0', 'f.vanderwal@archipelzorggroep.nl', '$2a$12$QyECOGXJfmCGHGaTnhP7eOKNAPoOUDgR.Aykp46xLY9BekGrXzB8a'),
('10d9f6ba-8ab8-41f5-a894-e4336fbdbad8', 'r.vankeulen@cordaan.nl', '$2a$12$QyECOGXJfmCGHGaTnhP7eOKNAPoOUDgR.Aykp46xLY9BekGrXzB8a'),
('2ebe7f4a-1fb5-4f00-878f-ee6a4c95dc1d', 'r.meijer@salem.nl', '$2a$12$QyECOGXJfmCGHGaTnhP7eOKNAPoOUDgR.Aykp46xLY9BekGrXzB8a'),
('1956222a-7741-40b6-b05b-cf77216a8d73', 'v.vanharten@aafje.nl', '$2a$12$QyECOGXJfmCGHGaTnhP7eOKNAPoOUDgR.Aykp46xLY9BekGrXzB8a'),
('7dae4b87-c3d9-46fe-aeb7-7f8cc6e35329', 'q.dijkstra@amstelring.nl', '$2a$12$QyECOGXJfmCGHGaTnhP7eOKNAPoOUDgR.Aykp46xLY9BekGrXzB8a'),
('34378aae-91f6-4812-be80-f753edfeb9f0', 'v.vandoorn@salem.nl', '$2a$12$QyECOGXJfmCGHGaTnhP7eOKNAPoOUDgR.Aykp46xLY9BekGrXzB8a'),
('5aeb50ac-ba11-47d5-ad2a-f7e45fe87a02', 'x.mertens@zorgwaard.nl', '$2a$12$QyECOGXJfmCGHGaTnhP7eOKNAPoOUDgR.Aykp46xLY9BekGrXzB8a'),
('40613602-2277-4f57-bfe7-10147e794294', 'm.vanreenen@cordaan.nl', '$2a$12$QyECOGXJfmCGHGaTnhP7eOKNAPoOUDgR.Aykp46xLY9BekGrXzB8a'),
('cfdc4a2e-1580-4472-b730-b63706e052fb', 'j.vanbeekhof@zuyderland.nl', '$2a$12$QyECOGXJfmCGHGaTnhP7eOKNAPoOUDgR.Aykp46xLY9BekGrXzB8a'),
('8260c057-472a-450f-be23-b932abf51ec2', 'w.vandenheuvel@beweging30.nl', '$2a$12$QyECOGXJfmCGHGaTnhP7eOKNAPoOUDgR.Aykp46xLY9BekGrXzB8a'),
('f37ff9c4-6695-400d-be65-6a6470f00672', 'f.gerrits@careyn.nl', '$2a$12$QyECOGXJfmCGHGaTnhP7eOKNAPoOUDgR.Aykp46xLY9BekGrXzB8a'),
('712cee00-afb0-49ef-8544-2f5b2cf13b54', 'j.vanpelt@izaak.nl', '$2a$12$QyECOGXJfmCGHGaTnhP7eOKNAPoOUDgR.Aykp46xLY9BekGrXzB8a'),
('c1443728-3bcb-461d-aeb3-7f067d961e12', 'n.simons@cordaan.nl', '$2a$12$QyECOGXJfmCGHGaTnhP7eOKNAPoOUDgR.Aykp46xLY9BekGrXzB8a'),
('6af9b4e1-1ac9-423d-957b-99d19c5592aa', 'r.vanrossum@salem.nl', '$2a$12$QyECOGXJfmCGHGaTnhP7eOKNAPoOUDgR.Aykp46xLY9BekGrXzB8a'),
('b048aecf-73b2-483e-84d5-7428a60ae5a8', 'o.vankats@careyn.nl', '$2a$12$QyECOGXJfmCGHGaTnhP7eOKNAPoOUDgR.Aykp46xLY9BekGrXzB8a'),
('dda43d7d-9e6c-4feb-aa50-aedc0a1f3682', 'y.vanham@degraafschap.nl', '$2a$12$QyECOGXJfmCGHGaTnhP7eOKNAPoOUDgR.Aykp46xLY9BekGrXzB8a'),
('7ae36071-5a14-4271-8fad-be0b1d9e2971', 'f.dijkstra@vrijwaard.nl', '$2a$12$QyECOGXJfmCGHGaTnhP7eOKNAPoOUDgR.Aykp46xLY9BekGrXzB8a'),
('4a944bb3-530f-4a3d-8784-eec54efd33fe', 'p.martens@archipelzorggroep.nl', '$2a$12$QyECOGXJfmCGHGaTnhP7eOKNAPoOUDgR.Aykp46xLY9BekGrXzB8a'),
('d8f43f49-0b8a-4d02-926e-70f1996301f8', 'y.roos@cordaan.nl', '$2a$12$QyECOGXJfmCGHGaTnhP7eOKNAPoOUDgR.Aykp46xLY9BekGrXzB8a'),
('83205f19-b6b8-4ab4-aa5e-d6ac3397b49e', 'g.blom@salem.nl', '$2a$12$QyECOGXJfmCGHGaTnhP7eOKNAPoOUDgR.Aykp46xLY9BekGrXzB8a'),
('8ac0689e-10ed-4c26-b965-1ed49c13039d', 'a.vandervelde@beweging30.nl', '$2a$12$QyECOGXJfmCGHGaTnhP7eOKNAPoOUDgR.Aykp46xLY9BekGrXzB8a'),
('93cb1376-eb75-4d3b-91bb-cf01b1c946ce', 'z.aerts@zuyderland.nl', '$2a$12$QyECOGXJfmCGHGaTnhP7eOKNAPoOUDgR.Aykp46xLY9BekGrXzB8a'),
('99a5caed-716c-4962-9125-45e75bfc0e2b', 'i.vanderwielen@beweging30.nl', '$2a$12$QyECOGXJfmCGHGaTnhP7eOKNAPoOUDgR.Aykp46xLY9BekGrXzB8a'),
('cb3eeec6-8fba-45b9-bda9-39c7a60c6f7a', 'j.vanham@salem.nl', '$2a$12$QyECOGXJfmCGHGaTnhP7eOKNAPoOUDgR.Aykp46xLY9BekGrXzB8a'),
('a91af5f1-937d-489c-9154-6b93c55ad14b', 'h.vanloenen@beweging30.nl', '$2a$12$QyECOGXJfmCGHGaTnhP7eOKNAPoOUDgR.Aykp46xLY9BekGrXzB8a'),
('505b9c7c-8bb0-4990-b92d-a2a4f471629a', 'f.vos@vivium.nl', '$2a$12$QyECOGXJfmCGHGaTnhP7eOKNAPoOUDgR.Aykp46xLY9BekGrXzB8a'),
('ffe147d8-4574-4dbc-9321-6e90c3e49e04', 'n.vanherk@archipelzorggroep.nl', '$2a$12$QyECOGXJfmCGHGaTnhP7eOKNAPoOUDgR.Aykp46xLY9BekGrXzB8a'),
('375a1ed2-a0a7-4bd2-a121-7a5f99b0d604', 's.vandoesburg@zorgwaard.nl', '$2a$12$QyECOGXJfmCGHGaTnhP7eOKNAPoOUDgR.Aykp46xLY9BekGrXzB8a'),
('80d0f358-07a0-4086-8a0a-49de16221c8c', 'w.vanhardenberg@leliezorggroep.nl', '$2a$12$QyECOGXJfmCGHGaTnhP7eOKNAPoOUDgR.Aykp46xLY9BekGrXzB8a'),
('2b6d1a5b-8624-4245-8430-897c19af43b4', 'e.timmermans@vivium.nl', '$2a$12$QyECOGXJfmCGHGaTnhP7eOKNAPoOUDgR.Aykp46xLY9BekGrXzB8a'),
('fad9a07e-02a5-4002-987f-f7ce98917611', 'x.vandenbosch@sensara.com', '$2a$12$QyECOGXJfmCGHGaTnhP7eOKNAPoOUDgR.Aykp46xLY9BekGrXzB8a'),
('936655df-d201-4441-a268-2ddb4c8df46c', 'j.vanbergen@buurtzorg.nl', '$2a$12$QyECOGXJfmCGHGaTnhP7eOKNAPoOUDgR.Aykp46xLY9BekGrXzB8a'),
('3275337d-a4f0-466a-9d47-8aab9d4dc6f2', 't.vanklooster@pieterzijl.nl', '$2a$12$QyECOGXJfmCGHGaTnhP7eOKNAPoOUDgR.Aykp46xLY9BekGrXzB8a'),
('eba2982d-e309-4d2f-9f8f-efd2b299520d', 'm.maas@salem.nl', '$2a$12$QyECOGXJfmCGHGaTnhP7eOKNAPoOUDgR.Aykp46xLY9BekGrXzB8a'),
('1e00fddb-9017-4459-87b6-1e39338d73f6', 'c.vanrossum@vierstroom.nl', '$2a$12$QyECOGXJfmCGHGaTnhP7eOKNAPoOUDgR.Aykp46xLY9BekGrXzB8a'),
('3b182a14-52a2-42aa-b331-9c41474c583a', 's.vanderwal@vivium.nl', '$2a$12$QyECOGXJfmCGHGaTnhP7eOKNAPoOUDgR.Aykp46xLY9BekGrXzB8a'),
('9e4f86b2-3381-45d6-889b-29fe4ce87283', 'f.vanderlaan@buurtzorg.nl', '$2a$12$QyECOGXJfmCGHGaTnhP7eOKNAPoOUDgR.Aykp46xLY9BekGrXzB8a'),
('afb5de7c-fbee-4615-b11c-6599baddea17', 'm.peters@cordaan.nl', '$2a$12$QyECOGXJfmCGHGaTnhP7eOKNAPoOUDgR.Aykp46xLY9BekGrXzB8a'),
('c866e75a-61ab-46d5-997a-a5be70dba789', 'l.vanhuizen@patyna.nl', '$2a$12$QyECOGXJfmCGHGaTnhP7eOKNAPoOUDgR.Aykp46xLY9BekGrXzB8a'),
('5d9ec6bb-608d-4d74-b33b-1796f868625c', 'j.vanderknoop@izaak.nl', '$2a$12$QyECOGXJfmCGHGaTnhP7eOKNAPoOUDgR.Aykp46xLY9BekGrXzB8a'),
('7aa4bc40-4886-4bed-8404-6adc19125cd7', 'i.devries@sensara.com', '$2a$12$QyECOGXJfmCGHGaTnhP7eOKNAPoOUDgR.Aykp46xLY9BekGrXzB8a'),
('9f0490ac-8c52-4650-85bb-c0e07b63d0d7', 't.huisman@pieterzijl.nl', '$2a$12$QyECOGXJfmCGHGaTnhP7eOKNAPoOUDgR.Aykp46xLY9BekGrXzB8a'),
('19bbf350-c66b-4469-bedd-7b7c891aa8ad', 'i.vanhelden@vrijwaard.nl', '$2a$12$QyECOGXJfmCGHGaTnhP7eOKNAPoOUDgR.Aykp46xLY9BekGrXzB8a'),
('bf33aa50-7ebc-44ba-ab99-3fea8c8d48f0', 'o.vanklaveren@pieterzijl.nl', '$2a$12$QyECOGXJfmCGHGaTnhP7eOKNAPoOUDgR.Aykp46xLY9BekGrXzB8a'),
('31ce89ba-4106-47ad-a784-bcc10f48e1fc', 's.dejonge@zorgwaard.nl', '$2a$12$QyECOGXJfmCGHGaTnhP7eOKNAPoOUDgR.Aykp46xLY9BekGrXzB8a'),
('119c2bf6-ac24-44e3-84da-460e698505a7', 'p.vos@careyn.nl', '$2a$12$QyECOGXJfmCGHGaTnhP7eOKNAPoOUDgR.Aykp46xLY9BekGrXzB8a'),
('d8f158a2-d299-4f74-a8f0-a4b58b9e6a45', 'o.vandeven@izaak.nl', '$2a$12$QyECOGXJfmCGHGaTnhP7eOKNAPoOUDgR.Aykp46xLY9BekGrXzB8a'),
('70d18135-b050-4116-9be8-86d4192b7764', 'z.smit@archipelzorggroep.nl', '$2a$12$QyECOGXJfmCGHGaTnhP7eOKNAPoOUDgR.Aykp46xLY9BekGrXzB8a'),
('0b7b826e-e640-42fb-9156-29ea1de1958f', 'j.geerts@zuyderland.nl', '$2a$12$QyECOGXJfmCGHGaTnhP7eOKNAPoOUDgR.Aykp46xLY9BekGrXzB8a'),
('82fca79f-60ce-4ef4-8587-44d9ad2663c0', 'x.meijer@sensara.com', '$2a$12$QyECOGXJfmCGHGaTnhP7eOKNAPoOUDgR.Aykp46xLY9BekGrXzB8a'),
('61db26f9-3128-4a05-b5ca-e14f2de9d700', 's.vangelder@sensara.com', '$2a$12$QyECOGXJfmCGHGaTnhP7eOKNAPoOUDgR.Aykp46xLY9BekGrXzB8a'),
('0366b703-68c0-40de-9860-cd43f5d6321b', 'r.vermeulen@careyn.nl', '$2a$12$QyECOGXJfmCGHGaTnhP7eOKNAPoOUDgR.Aykp46xLY9BekGrXzB8a'),
('21d56685-8308-4e8d-a50e-ab03d5c65e09', 'z.vanderwal@beweging30.nl', '$2a$12$QyECOGXJfmCGHGaTnhP7eOKNAPoOUDgR.Aykp46xLY9BekGrXzB8a'),
('a93bfe6c-5a4b-4436-8ac4-e87ced149a12', 'u.muller@sensara.com', '$2a$12$QyECOGXJfmCGHGaTnhP7eOKNAPoOUDgR.Aykp46xLY9BekGrXzB8a'),
('0bdb03b2-b5d0-4c25-a4f0-79f2d20039d5', 'k.vanmunster@degraafschap.nl', '$2a$12$QyECOGXJfmCGHGaTnhP7eOKNAPoOUDgR.Aykp46xLY9BekGrXzB8a'),
('42ad27b3-bd37-408b-a76b-47edef79bf54', 'k.vanes@zuyderland.nl', '$2a$12$QyECOGXJfmCGHGaTnhP7eOKNAPoOUDgR.Aykp46xLY9BekGrXzB8a'),
('f33ec842-f945-4557-881f-cb352b18ac97', 'd.dehaan@archipelzorggroep.nl', '$2a$12$QyECOGXJfmCGHGaTnhP7eOKNAPoOUDgR.Aykp46xLY9BekGrXzB8a'),
('96d644cb-2ad2-4c46-a356-3afcf994be8a', 'q.vangils@buurtzorg.nl', '$2a$12$QyECOGXJfmCGHGaTnhP7eOKNAPoOUDgR.Aykp46xLY9BekGrXzB8a'),
('25f5e382-cc90-4baf-a685-fd67dbae551c', 'r.vanbeekhof@buurtzorg.nl', '$2a$12$QyECOGXJfmCGHGaTnhP7eOKNAPoOUDgR.Aykp46xLY9BekGrXzB8a'),
('18efdf4f-af11-4d24-813b-d86e62d64fdf', 'o.scholten@careyn.nl', '$2a$12$QyECOGXJfmCGHGaTnhP7eOKNAPoOUDgR.Aykp46xLY9BekGrXzB8a'),
('fd6a40c8-158d-474b-a52a-3988228294ef', 'u.vankamp@degraafschap.nl', '$2a$12$QyECOGXJfmCGHGaTnhP7eOKNAPoOUDgR.Aykp46xLY9BekGrXzB8a'),
('71321804-789c-4247-a6a8-05c31521798f', 'r.vanderwoude@leliezorggroep.nl', '$2a$12$QyECOGXJfmCGHGaTnhP7eOKNAPoOUDgR.Aykp46xLY9BekGrXzB8a'),
('fbb9c90d-024b-4dd3-9d45-cfb7150dc5f3', 'x.dubois@zorgwaard.nl', '$2a$12$QyECOGXJfmCGHGaTnhP7eOKNAPoOUDgR.Aykp46xLY9BekGrXzB8a'),
('3da3cee9-eb40-4c9a-9971-0036ae31d058', 'g.vanhardenberg@sensara.com', '$2a$12$QyECOGXJfmCGHGaTnhP7eOKNAPoOUDgR.Aykp46xLY9BekGrXzB8a'),
('638e0982-4f60-4880-bd3c-dfd38a5dcb39', 'h.mulder@zuyderland.nl', '$2a$12$QyECOGXJfmCGHGaTnhP7eOKNAPoOUDgR.Aykp46xLY9BekGrXzB8a'),
('8d26e904-ddcb-46c8-bd2c-656d784c82b6', 'l.vanvliet@izaak.nl', '$2a$12$QyECOGXJfmCGHGaTnhP7eOKNAPoOUDgR.Aykp46xLY9BekGrXzB8a'),
('bd88eeee-381a-40e4-b68a-a3bfc36a76b6', 'b.stevens@swinhovegroep.nl', '$2a$12$QyECOGXJfmCGHGaTnhP7eOKNAPoOUDgR.Aykp46xLY9BekGrXzB8a'),
('ec39cab3-8c97-4af8-9b27-ee5ade7307f1', 'u.roos@degraafschap.nl', '$2a$12$QyECOGXJfmCGHGaTnhP7eOKNAPoOUDgR.Aykp46xLY9BekGrXzB8a'),
('ff461740-528d-49f6-8916-bf4895fa2de1', 'p.vanheesch@archipelzorggroep.nl', '$2a$12$QyECOGXJfmCGHGaTnhP7eOKNAPoOUDgR.Aykp46xLY9BekGrXzB8a'),
('3b99b6b8-8056-4b3b-9bb1-6884175c4f71', 'b.vanderspek@sensara.com', '$2a$12$QyECOGXJfmCGHGaTnhP7eOKNAPoOUDgR.Aykp46xLY9BekGrXzB8a'),
('120c3f67-181b-4bd0-98b1-507beda76611', 'n.vanaken@vrijwaard.nl', '$2a$12$QyECOGXJfmCGHGaTnhP7eOKNAPoOUDgR.Aykp46xLY9BekGrXzB8a'),
('1ddd5426-1185-4ea5-86b2-e8e1dd73e0d6', 'g.peters@archipelzorggroep.nl', '$2a$12$QyECOGXJfmCGHGaTnhP7eOKNAPoOUDgR.Aykp46xLY9BekGrXzB8a'),
('f98ae1ae-7163-4e49-921b-fe58a2fa0b37', 'z.vermeulen@vrijwaard.nl', '$2a$12$QyECOGXJfmCGHGaTnhP7eOKNAPoOUDgR.Aykp46xLY9BekGrXzB8a'),
('0599f73b-370c-4e77-8a23-052eefe71851', 'v.vandervlist@aafje.nl', '$2a$12$QyECOGXJfmCGHGaTnhP7eOKNAPoOUDgR.Aykp46xLY9BekGrXzB8a'),
('80284f12-7659-4455-b889-8d0223b7e47c', 'n.deleeuw@swinhovegroep.nl', '$2a$12$QyECOGXJfmCGHGaTnhP7eOKNAPoOUDgR.Aykp46xLY9BekGrXzB8a'),
('4a18cbc7-c6ab-4e33-8a81-be2e0a7c006c', 'g.meijer@zuyderland.nl', '$2a$12$QyECOGXJfmCGHGaTnhP7eOKNAPoOUDgR.Aykp46xLY9BekGrXzB8a'),
('8986cc8b-3853-4d7d-bd94-3a98ae921126', 's.devries@aafje.nl', '$2a$12$QyECOGXJfmCGHGaTnhP7eOKNAPoOUDgR.Aykp46xLY9BekGrXzB8a'),
('116bb565-2a9f-44d4-a32e-02d3ab8aaddb', 'n.maas@beweging30.nl', '$2a$12$QyECOGXJfmCGHGaTnhP7eOKNAPoOUDgR.Aykp46xLY9BekGrXzB8a'),
('5524f93e-3e9e-48a2-a8f3-cf5917312468', 'i.vandriel@buurtzorg.nl', '$2a$12$QyECOGXJfmCGHGaTnhP7eOKNAPoOUDgR.Aykp46xLY9BekGrXzB8a'),
('a19234f4-b5be-40e2-b2d1-2af0ba065586', 'd.vanhees@leliezorggroep.nl', '$2a$12$QyECOGXJfmCGHGaTnhP7eOKNAPoOUDgR.Aykp46xLY9BekGrXzB8a'),
('76612554-6247-4471-86ae-f74d4b07a16b', 'l.vanhouten@zuyderland.nl', '$2a$12$QyECOGXJfmCGHGaTnhP7eOKNAPoOUDgR.Aykp46xLY9BekGrXzB8a'),
('fbe93846-7ed0-4354-9569-019e1be91cc3', 'y.hendriks@degraafschap.nl', '$2a$12$QyECOGXJfmCGHGaTnhP7eOKNAPoOUDgR.Aykp46xLY9BekGrXzB8a'),
('550fc508-519b-44dd-aeb2-b73f2aa079cc', 't.pauwels@amstelring.nl', '$2a$12$QyECOGXJfmCGHGaTnhP7eOKNAPoOUDgR.Aykp46xLY9BekGrXzB8a'),
('7266d30f-45eb-47d7-bd5f-8e6412b0f758', 'd.vankoeveringe@patyna.nl', '$2a$12$QyECOGXJfmCGHGaTnhP7eOKNAPoOUDgR.Aykp46xLY9BekGrXzB8a'),
('bcabec39-2fc9-430a-90ee-a8e4bf3b7020', 'h.vanderknaap@careyn.nl', '$2a$12$QyECOGXJfmCGHGaTnhP7eOKNAPoOUDgR.Aykp46xLY9BekGrXzB8a'),
('e47a0c2d-5982-44ca-a360-87ff8829b4f0', 'e.vankoeveringe@zuyderland.nl', '$2a$12$QyECOGXJfmCGHGaTnhP7eOKNAPoOUDgR.Aykp46xLY9BekGrXzB8a'),
('50fcd718-f527-497e-aa45-2d56a2823892', 'm.vermeulen@zuyderland.nl', '$2a$12$QyECOGXJfmCGHGaTnhP7eOKNAPoOUDgR.Aykp46xLY9BekGrXzB8a'),
('77f98c95-ff00-49b3-9632-a87b8ce2ccd8', 'n.vangorp@degraafschap.nl', '$2a$12$QyECOGXJfmCGHGaTnhP7eOKNAPoOUDgR.Aykp46xLY9BekGrXzB8a'),
('f3b02375-3287-41f4-b41e-57644838204c', 'm.vanklei@pieterzijl.nl', '$2a$12$QyECOGXJfmCGHGaTnhP7eOKNAPoOUDgR.Aykp46xLY9BekGrXzB8a'),
('b35e986a-97d0-48b8-b990-43204750b7fd', 'j.claes@izaak.nl', '$2a$12$QyECOGXJfmCGHGaTnhP7eOKNAPoOUDgR.Aykp46xLY9BekGrXzB8a'),
('994318b6-366b-4be8-af2d-a3957c57f0fd', 'c.vanijssel@salem.nl', '$2a$12$QyECOGXJfmCGHGaTnhP7eOKNAPoOUDgR.Aykp46xLY9BekGrXzB8a'),
('e510dfdd-16e8-46c9-a2d8-cb3e654926b2', 'w.vanderlinden@izaak.nl', '$2a$12$QyECOGXJfmCGHGaTnhP7eOKNAPoOUDgR.Aykp46xLY9BekGrXzB8a'),
('bc830f26-035b-4106-bc76-96618c4e8fbc', 'm.vandriel@archipelzorggroep.nl', '$2a$12$QyECOGXJfmCGHGaTnhP7eOKNAPoOUDgR.Aykp46xLY9BekGrXzB8a'),
('3e16ff0e-c24e-44e0-8e23-fb4fc54f0156', 'm.degroot@swinhovegroep.nl', '$2a$12$QyECOGXJfmCGHGaTnhP7eOKNAPoOUDgR.Aykp46xLY9BekGrXzB8a'),
('02fbbb26-617e-4ffd-b05e-d8d43efc6eba', 'c.vanderlinden@cordaan.nl', '$2a$12$QyECOGXJfmCGHGaTnhP7eOKNAPoOUDgR.Aykp46xLY9BekGrXzB8a'),
('d654c317-dbe7-4848-9549-05a0d7c7e5c8', 'c.vandermeer@amstelring.nl', '$2a$12$QyECOGXJfmCGHGaTnhP7eOKNAPoOUDgR.Aykp46xLY9BekGrXzB8a'),
('9a72144c-6d6f-4033-b645-318998e2f43b', 'y.vangalen@zorgwaard.nl', '$2a$12$QyECOGXJfmCGHGaTnhP7eOKNAPoOUDgR.Aykp46xLY9BekGrXzB8a'),
('e42b526a-8325-495d-8491-2cfbf0d26e60', 'u.vandervelde@degraafschap.nl', '$2a$12$QyECOGXJfmCGHGaTnhP7eOKNAPoOUDgR.Aykp46xLY9BekGrXzB8a'),
('1e4d4c84-33e7-4eed-8cd3-9b2714f9ba0e', 'n.vanbergen@zuyderland.nl', '$2a$12$QyECOGXJfmCGHGaTnhP7eOKNAPoOUDgR.Aykp46xLY9BekGrXzB8a'),
('9ca75e65-9fb3-49f4-9896-fe95d43b564e', 'j.vanbinsbergen@vierstroom.nl', '$2a$12$QyECOGXJfmCGHGaTnhP7eOKNAPoOUDgR.Aykp46xLY9BekGrXzB8a'),
('4921d143-8ab4-4f52-ac79-20938871bea3', 'y.vanmiddelkoop@amstelring.nl', '$2a$12$QyECOGXJfmCGHGaTnhP7eOKNAPoOUDgR.Aykp46xLY9BekGrXzB8a'),
('59f3d9fc-bc08-41da-bd4b-dbf8f3f92e0a', 's.vanhelden@amstelring.nl', '$2a$12$QyECOGXJfmCGHGaTnhP7eOKNAPoOUDgR.Aykp46xLY9BekGrXzB8a'),
('8b5231d0-5115-4a1c-a9b9-c0e5db28104f', 'x.peters@vrijwaard.nl', '$2a$12$QyECOGXJfmCGHGaTnhP7eOKNAPoOUDgR.Aykp46xLY9BekGrXzB8a'),
('dc10f68d-c1ba-49c7-8a52-f085e2dd5eb4', 'v.degraaf@vivium.nl', '$2a$12$QyECOGXJfmCGHGaTnhP7eOKNAPoOUDgR.Aykp46xLY9BekGrXzB8a'),
('fc554518-bca6-4a66-9374-d5d48bd79386', 'c.vangils@vivium.nl', '$2a$12$QyECOGXJfmCGHGaTnhP7eOKNAPoOUDgR.Aykp46xLY9BekGrXzB8a'),
('de1d0724-2b97-43db-83a0-63678fc785a9', 'b.vanloonstra@buurtzorg.nl', '$2a$12$QyECOGXJfmCGHGaTnhP7eOKNAPoOUDgR.Aykp46xLY9BekGrXzB8a'),
('0f9c20ad-cafc-46f9-9ac8-ed7f96e59e69', 's.vanhuizen@archipelzorggroep.nl', '$2a$12$QyECOGXJfmCGHGaTnhP7eOKNAPoOUDgR.Aykp46xLY9BekGrXzB8a'),
('3c54952e-f073-4fe2-b71f-3bb6ebbc4c0c', 'c.simons@vierstroom.nl', '$2a$12$QyECOGXJfmCGHGaTnhP7eOKNAPoOUDgR.Aykp46xLY9BekGrXzB8a'),
('ef0f9995-09f1-4f5f-a928-7972d2e94f17', 'y.degraaf@careyn.nl', '$2a$12$QyECOGXJfmCGHGaTnhP7eOKNAPoOUDgR.Aykp46xLY9BekGrXzB8a'),
('66e4c956-7def-49f4-98f2-611203fc7f47', 'y.dehaan@archipelzorggroep.nl', '$2a$12$QyECOGXJfmCGHGaTnhP7eOKNAPoOUDgR.Aykp46xLY9BekGrXzB8a'),
('2cdd7ec5-8350-414d-a388-d71559e29a1c', 'r.vanrosmalen@buurtzorg.nl', '$2a$12$QyECOGXJfmCGHGaTnhP7eOKNAPoOUDgR.Aykp46xLY9BekGrXzB8a'),
('21e9ecc2-7677-4e35-b22e-2239ed5457ef', 'k.vaneijk@sensara.com', '$2a$12$QyECOGXJfmCGHGaTnhP7eOKNAPoOUDgR.Aykp46xLY9BekGrXzB8a'),
('9719dc2c-43b5-4910-9181-1f48a75ebdc8', 't.vanegmond@izaak.nl', '$2a$12$QyECOGXJfmCGHGaTnhP7eOKNAPoOUDgR.Aykp46xLY9BekGrXzB8a'),
('c00eceee-7099-4f3d-892c-266a75fb6070', 'k.muller@pieterzijl.nl', '$2a$12$QyECOGXJfmCGHGaTnhP7eOKNAPoOUDgR.Aykp46xLY9BekGrXzB8a'),
('2af26176-5fd3-4f85-87ce-1a8afded4a49', 'b.vandamme@salem.nl', '$2a$12$QyECOGXJfmCGHGaTnhP7eOKNAPoOUDgR.Aykp46xLY9BekGrXzB8a'),
('341c32ec-5470-455f-8ea3-2af64c4129d3', 's.gerrits@buurtzorg.nl', '$2a$12$QyECOGXJfmCGHGaTnhP7eOKNAPoOUDgR.Aykp46xLY9BekGrXzB8a'),
('ebae6085-1437-4bcc-9781-be3d91379d7a', 'h.debruin@pieterzijl.nl', '$2a$12$QyECOGXJfmCGHGaTnhP7eOKNAPoOUDgR.Aykp46xLY9BekGrXzB8a'),
('0f9612cd-ed3b-4b8c-af33-c3f20e7e8cf3', 'v.vanschaik@cordaan.nl', '$2a$12$QyECOGXJfmCGHGaTnhP7eOKNAPoOUDgR.Aykp46xLY9BekGrXzB8a'),
('b8cd16e6-6a50-4db3-a145-3882e7a17a78', 'j.desmet@archipelzorggroep.nl', '$2a$12$QyECOGXJfmCGHGaTnhP7eOKNAPoOUDgR.Aykp46xLY9BekGrXzB8a'),
('9629456c-7e6b-4d8d-9090-f220abce502d', 'l.geerts@buurtzorg.nl', '$2a$12$QyECOGXJfmCGHGaTnhP7eOKNAPoOUDgR.Aykp46xLY9BekGrXzB8a'),
('17774491-8a7f-46c5-bc35-150b1dcba8e1', 'f.cornelis@salem.nl', '$2a$12$QyECOGXJfmCGHGaTnhP7eOKNAPoOUDgR.Aykp46xLY9BekGrXzB8a'),
('c1050e3d-1661-42a0-95d0-ebe934547887', 'w.sanders@izaak.nl', '$2a$12$QyECOGXJfmCGHGaTnhP7eOKNAPoOUDgR.Aykp46xLY9BekGrXzB8a'),
('bf8abb83-e4dc-4adb-8930-a0c5f815d602', 'n.post@patyna.nl', '$2a$12$QyECOGXJfmCGHGaTnhP7eOKNAPoOUDgR.Aykp46xLY9BekGrXzB8a'),
('5a43c70d-e824-427a-aa0c-4eeb69775296', 'j.kramer@swinhovegroep.nl', '$2a$12$QyECOGXJfmCGHGaTnhP7eOKNAPoOUDgR.Aykp46xLY9BekGrXzB8a'),
('54d91d54-3298-4e90-a150-acf9dae589fd', 'x.vanes@degraafschap.nl', '$2a$12$QyECOGXJfmCGHGaTnhP7eOKNAPoOUDgR.Aykp46xLY9BekGrXzB8a'),
('2a52f44e-2bd9-43f7-8632-96ca515a8c00', 'u.vanommen@vivium.nl', '$2a$12$QyECOGXJfmCGHGaTnhP7eOKNAPoOUDgR.Aykp46xLY9BekGrXzB8a'),
('d57dd9d8-befd-4158-aab3-738ccebbb334', 'j.debruijn@salem.nl', '$2a$12$QyECOGXJfmCGHGaTnhP7eOKNAPoOUDgR.Aykp46xLY9BekGrXzB8a'),
('a0d105a9-150b-4c15-a80b-5ff662faed52', 's.vanderknaap@patyna.nl', '$2a$12$QyECOGXJfmCGHGaTnhP7eOKNAPoOUDgR.Aykp46xLY9BekGrXzB8a'),
('d3542e90-f250-4c25-85d8-fe41d3baf649', 'a.vankeulen@vivium.nl', '$2a$12$QyECOGXJfmCGHGaTnhP7eOKNAPoOUDgR.Aykp46xLY9BekGrXzB8a'),
('180133af-85a0-407b-8b3d-2ee50dcae31c', 'b.deboer@izaak.nl', '$2a$12$QyECOGXJfmCGHGaTnhP7eOKNAPoOUDgR.Aykp46xLY9BekGrXzB8a'),
('ded909d2-6f92-4987-83ed-54b80bf8e5ff', 'f.vanwijk@zuyderland.nl', '$2a$12$QyECOGXJfmCGHGaTnhP7eOKNAPoOUDgR.Aykp46xLY9BekGrXzB8a'),
('e945f757-bb5f-47ee-a018-223aa3779e2d', 'p.maes@pieterzijl.nl', '$2a$12$QyECOGXJfmCGHGaTnhP7eOKNAPoOUDgR.Aykp46xLY9BekGrXzB8a'),
('7bed2816-b889-4787-8077-062c90cb34ab', 'r.janssen@aafje.nl', '$2a$12$QyECOGXJfmCGHGaTnhP7eOKNAPoOUDgR.Aykp46xLY9BekGrXzB8a'),
('aa1017bd-bcca-4895-8f53-2d0a0d610625', 'i.vanommen@beweging30.nl', '$2a$12$QyECOGXJfmCGHGaTnhP7eOKNAPoOUDgR.Aykp46xLY9BekGrXzB8a'),
('62d4d859-8453-4b60-a533-9c3124c5446e', 'c.vanbaal@amstelring.nl', '$2a$12$QyECOGXJfmCGHGaTnhP7eOKNAPoOUDgR.Aykp46xLY9BekGrXzB8a'),
('7a237c73-dc25-4d88-97e6-caf861e17230', 'j.vangorp@aafje.nl', '$2a$12$QyECOGXJfmCGHGaTnhP7eOKNAPoOUDgR.Aykp46xLY9BekGrXzB8a'),
('4748d383-8278-42eb-b0b2-6878c3bd0254', 'r.vanderlaan@vrijwaard.nl', '$2a$12$QyECOGXJfmCGHGaTnhP7eOKNAPoOUDgR.Aykp46xLY9BekGrXzB8a'),
('fbaca4ac-e285-4574-a42c-4ee777907562', 'm.vandriel@cordaan.nl', '$2a$12$QyECOGXJfmCGHGaTnhP7eOKNAPoOUDgR.Aykp46xLY9BekGrXzB8a'),
('3f0069c4-2c4c-48ca-b51b-810d979d19cc', 't.boer@vierstroom.nl', '$2a$12$QyECOGXJfmCGHGaTnhP7eOKNAPoOUDgR.Aykp46xLY9BekGrXzB8a'),
('0a567427-fef7-4e54-8e70-77bb268dad10', 't.vanmontfoort@swinhovegroep.nl', '$2a$12$QyECOGXJfmCGHGaTnhP7eOKNAPoOUDgR.Aykp46xLY9BekGrXzB8a'),
('2f843ce1-1913-4625-bd89-04e16a522a0b', 'w.vangestel@izaak.nl', '$2a$12$QyECOGXJfmCGHGaTnhP7eOKNAPoOUDgR.Aykp46xLY9BekGrXzB8a'),
('6ecf03d1-0903-4506-a891-fe2f490b7110', 'f.vanharten@swinhovegroep.nl', '$2a$12$QyECOGXJfmCGHGaTnhP7eOKNAPoOUDgR.Aykp46xLY9BekGrXzB8a'),
('9d3c4550-c7ab-43c9-8021-e9da4361557a', 'u.vanloonstra@archipelzorggroep.nl', '$2a$12$QyECOGXJfmCGHGaTnhP7eOKNAPoOUDgR.Aykp46xLY9BekGrXzB8a'),
('16ece621-c515-46db-bada-c3ae96991766', 'l.jans@sensara.com', '$2a$12$QyECOGXJfmCGHGaTnhP7eOKNAPoOUDgR.Aykp46xLY9BekGrXzB8a'),
('ce992f34-c552-48be-8092-79d098f7341f', 'h.vanderlaan@beweging30.nl', '$2a$12$QyECOGXJfmCGHGaTnhP7eOKNAPoOUDgR.Aykp46xLY9BekGrXzB8a'),
('da1a7dd1-aed5-411e-aaa3-d360800aebf5', 's.vanvliet@zuyderland.nl', '$2a$12$QyECOGXJfmCGHGaTnhP7eOKNAPoOUDgR.Aykp46xLY9BekGrXzB8a'),
('37c06eaa-71d5-49f3-986a-534191852f1f', 'r.deridder@zuyderland.nl', '$2a$12$QyECOGXJfmCGHGaTnhP7eOKNAPoOUDgR.Aykp46xLY9BekGrXzB8a'),
('9051887e-a69e-45d0-a19b-5bf7ea212826', 'n.vangent@beweging30.nl', '$2a$12$QyECOGXJfmCGHGaTnhP7eOKNAPoOUDgR.Aykp46xLY9BekGrXzB8a'),
('a957a70b-1b02-4be4-891c-fb9393d36e7e', 'k.kuipers@careyn.nl', '$2a$12$QyECOGXJfmCGHGaTnhP7eOKNAPoOUDgR.Aykp46xLY9BekGrXzB8a'),
('540f572c-f0a4-41da-81f0-e447160b0967', 'e.vanloonstra@careyn.nl', '$2a$12$QyECOGXJfmCGHGaTnhP7eOKNAPoOUDgR.Aykp46xLY9BekGrXzB8a'),
('3537db2f-5968-4aa9-8aac-accf99660872', 'b.vandervlist@zuyderland.nl', '$2a$12$QyECOGXJfmCGHGaTnhP7eOKNAPoOUDgR.Aykp46xLY9BekGrXzB8a'),
('6e18fbbc-000e-4530-92e5-e267649bc7dd', 'c.vandenberg@patyna.nl', '$2a$12$QyECOGXJfmCGHGaTnhP7eOKNAPoOUDgR.Aykp46xLY9BekGrXzB8a'),
('be0d01f9-6e41-4e44-944a-683d6f865d4d', 'n.vankooten@buurtzorg.nl', '$2a$12$QyECOGXJfmCGHGaTnhP7eOKNAPoOUDgR.Aykp46xLY9BekGrXzB8a'),
('89771376-5494-4c21-a4d6-b62e108e2530', 'i.vandermeulen@swinhovegroep.nl', '$2a$12$QyECOGXJfmCGHGaTnhP7eOKNAPoOUDgR.Aykp46xLY9BekGrXzB8a'),
('d9f7d09e-c28f-42a3-a0db-f1364e1c6ce1', 'm.vanharen@degraafschap.nl', '$2a$12$QyECOGXJfmCGHGaTnhP7eOKNAPoOUDgR.Aykp46xLY9BekGrXzB8a'),
('e28d3cc6-a32b-41a4-8f50-a8b2f33a2ddb', 'o.vanklooster@pieterzijl.nl', '$2a$12$QyECOGXJfmCGHGaTnhP7eOKNAPoOUDgR.Aykp46xLY9BekGrXzB8a'),
('355c28b1-9758-4dda-8aac-a58fb0bf9c74', 'l.vanveen@zuyderland.nl', '$2a$12$QyECOGXJfmCGHGaTnhP7eOKNAPoOUDgR.Aykp46xLY9BekGrXzB8a'),
('b7c7e460-f4ce-42e0-88a1-8dcf9183a567', 'x.devries@salem.nl', '$2a$12$QyECOGXJfmCGHGaTnhP7eOKNAPoOUDgR.Aykp46xLY9BekGrXzB8a'),
('1ff48f47-adb2-4226-ab51-c4e592d49bf0', 'm.vanhattem@vivium.nl', '$2a$12$QyECOGXJfmCGHGaTnhP7eOKNAPoOUDgR.Aykp46xLY9BekGrXzB8a'),
('c0ae2773-ffe4-42ee-89b3-2bb1caa55456', 'i.vanpelt@buurtzorg.nl', '$2a$12$QyECOGXJfmCGHGaTnhP7eOKNAPoOUDgR.Aykp46xLY9BekGrXzB8a'),
('21ce7730-7d5a-4244-9a84-2b1b2da169bd', 'j.vanamstel@aafje.nl', '$2a$12$QyECOGXJfmCGHGaTnhP7eOKNAPoOUDgR.Aykp46xLY9BekGrXzB8a'),
('1c977235-4b23-4bec-b8d6-2470fc0e71d9', 's.hoekstra@archipelzorggroep.nl', '$2a$12$QyECOGXJfmCGHGaTnhP7eOKNAPoOUDgR.Aykp46xLY9BekGrXzB8a'),
('c4257fb4-0c42-4078-8dc5-54c6688ef900', 's.vanklaveren@vivium.nl', '$2a$12$QyECOGXJfmCGHGaTnhP7eOKNAPoOUDgR.Aykp46xLY9BekGrXzB8a'),
('d5aca03d-f9cb-4fb3-ab88-0b3d6b54e2a9', 'm.debruijn@izaak.nl', '$2a$12$QyECOGXJfmCGHGaTnhP7eOKNAPoOUDgR.Aykp46xLY9BekGrXzB8a'),
('6f598a4d-555b-46f8-9d9c-152a8125c69c', 's.vanoorschot@buurtzorg.nl', '$2a$12$QyECOGXJfmCGHGaTnhP7eOKNAPoOUDgR.Aykp46xLY9BekGrXzB8a'),
('085325fc-109d-4093-b66f-4df65a6d35e2', 'b.vanveen@beweging30.nl', '$2a$12$QyECOGXJfmCGHGaTnhP7eOKNAPoOUDgR.Aykp46xLY9BekGrXzB8a'),
('11d0f1b3-4c17-4c4c-8b49-7b3bf196844d', 'd.vanhouten@zorgwaard.nl', '$2a$12$QyECOGXJfmCGHGaTnhP7eOKNAPoOUDgR.Aykp46xLY9BekGrXzB8a'),
('bd928cd8-8be4-4d81-8bc9-6c861f6abee4', 'e.vanloenen@salem.nl', '$2a$12$QyECOGXJfmCGHGaTnhP7eOKNAPoOUDgR.Aykp46xLY9BekGrXzB8a'),
('12e06568-22ab-4883-a191-3b88dacf18c7', 'w.vanherk@buurtzorg.nl', '$2a$12$QyECOGXJfmCGHGaTnhP7eOKNAPoOUDgR.Aykp46xLY9BekGrXzB8a'),
('bcc9eeab-1733-4af4-be4b-e3158dcc4a27', 'j.vandermeer@sensara.com', '$2a$12$QyECOGXJfmCGHGaTnhP7eOKNAPoOUDgR.Aykp46xLY9BekGrXzB8a'),
('71983041-c660-456e-9885-65a95bb9513f', 'c.groen@leliezorggroep.nl', '$2a$12$QyECOGXJfmCGHGaTnhP7eOKNAPoOUDgR.Aykp46xLY9BekGrXzB8a'),
('7759bb07-d664-4555-8572-46e416e903ae', 'l.boer@sensara.com', '$2a$12$QyECOGXJfmCGHGaTnhP7eOKNAPoOUDgR.Aykp46xLY9BekGrXzB8a'),
('bd3a7e85-1e50-4fb5-b562-679dc6d86d04', 'e.vanommen@zorgwaard.nl', '$2a$12$QyECOGXJfmCGHGaTnhP7eOKNAPoOUDgR.Aykp46xLY9BekGrXzB8a'),
('78c138ce-cd59-4746-9acf-5bde7c3b9d6e', 'i.timmermans@degraafschap.nl', '$2a$12$QyECOGXJfmCGHGaTnhP7eOKNAPoOUDgR.Aykp46xLY9BekGrXzB8a'),
('2b7b5c3f-169f-46e7-a861-4c99648ebd8e', 'e.vangent@vivium.nl', '$2a$12$QyECOGXJfmCGHGaTnhP7eOKNAPoOUDgR.Aykp46xLY9BekGrXzB8a'),
('373b7d5e-4a5a-467c-9b02-785163e0cb35', 'h.vanloon@patyna.nl', '$2a$12$QyECOGXJfmCGHGaTnhP7eOKNAPoOUDgR.Aykp46xLY9BekGrXzB8a'),
('2f35ba3f-2bcd-4e19-a400-88abd56f3e66', 'u.groen@zuyderland.nl', '$2a$12$QyECOGXJfmCGHGaTnhP7eOKNAPoOUDgR.Aykp46xLY9BekGrXzB8a'),
('48d0d29f-7cd9-4cd4-b00e-22131e5274b8', 'm.aerts@zuyderland.nl', '$2a$12$QyECOGXJfmCGHGaTnhP7eOKNAPoOUDgR.Aykp46xLY9BekGrXzB8a'),
('b031faf2-3d96-4d6b-ba51-fa8db832362c', 'g.wouters@vierstroom.nl', '$2a$12$QyECOGXJfmCGHGaTnhP7eOKNAPoOUDgR.Aykp46xLY9BekGrXzB8a'),
('7930a929-3d11-481d-8379-2129de85c248', 'y.vandriel@salem.nl', '$2a$12$QyECOGXJfmCGHGaTnhP7eOKNAPoOUDgR.Aykp46xLY9BekGrXzB8a'),
('97bf1d2f-9aaa-42ce-90b2-8e65260cccc6', 'd.vanhoutenbosch@salem.nl', '$2a$12$QyECOGXJfmCGHGaTnhP7eOKNAPoOUDgR.Aykp46xLY9BekGrXzB8a'),
('87832e8b-6ab5-494c-bce8-58558f6a1348', 'e.devos@vierstroom.nl', '$2a$12$QyECOGXJfmCGHGaTnhP7eOKNAPoOUDgR.Aykp46xLY9BekGrXzB8a'),
('77b69ee5-5a31-4df7-a820-7dc48914c8a9', 'f.vanderwoude@vrijwaard.nl', '$2a$12$QyECOGXJfmCGHGaTnhP7eOKNAPoOUDgR.Aykp46xLY9BekGrXzB8a'),
('fef18b2e-86a1-47f1-9dbc-8dfe2ff1ca75', 'f.vanbeek@swinhovegroep.nl', '$2a$12$QyECOGXJfmCGHGaTnhP7eOKNAPoOUDgR.Aykp46xLY9BekGrXzB8a'),
('86e5ec61-cf5e-4eb4-ae67-ab30916809e8', 'c.vanderlinden@patyna.nl', '$2a$12$QyECOGXJfmCGHGaTnhP7eOKNAPoOUDgR.Aykp46xLY9BekGrXzB8a'),
('e1f57c55-0be6-42c3-805a-92507e1d35da', 'v.kuiper@beweging30.nl', '$2a$12$QyECOGXJfmCGHGaTnhP7eOKNAPoOUDgR.Aykp46xLY9BekGrXzB8a'),
('82c6fa0b-84a1-4461-bc4f-4e68fcf36375', 'j.vanlier@salem.nl', '$2a$12$QyECOGXJfmCGHGaTnhP7eOKNAPoOUDgR.Aykp46xLY9BekGrXzB8a'),
('8b8eb061-9ab1-4e36-ba63-a38d1ccb5bcf', 'r.janssen@izaak.nl', '$2a$12$QyECOGXJfmCGHGaTnhP7eOKNAPoOUDgR.Aykp46xLY9BekGrXzB8a'),
('d4ce6a09-c77b-45bf-9cf9-e4bcc7ab4b9a', 'o.vanloenen@amstelring.nl', '$2a$12$QyECOGXJfmCGHGaTnhP7eOKNAPoOUDgR.Aykp46xLY9BekGrXzB8a'),
('e022d54d-9527-4224-8f09-a139bd014acd', 'c.vanloenen@pieterzijl.nl', '$2a$12$QyECOGXJfmCGHGaTnhP7eOKNAPoOUDgR.Aykp46xLY9BekGrXzB8a'),
('34e9d18d-c3ee-4487-b3d3-c84abc0289c8', 'd.vankooten@patyna.nl', '$2a$12$QyECOGXJfmCGHGaTnhP7eOKNAPoOUDgR.Aykp46xLY9BekGrXzB8a'),
('bd560e56-6d2d-4c79-9128-d2e0ce8f6aef', 'q.vanhaastert@beweging30.nl', '$2a$12$QyECOGXJfmCGHGaTnhP7eOKNAPoOUDgR.Aykp46xLY9BekGrXzB8a'),
('16ceccab-3145-41b9-8c6d-75ec5e713697', 'a.visser@amstelring.nl', '$2a$12$QyECOGXJfmCGHGaTnhP7eOKNAPoOUDgR.Aykp46xLY9BekGrXzB8a'),
('5a3523cc-7b68-421a-9c4d-a8bd92cb3c6b', 'v.vangent@zuyderland.nl', '$2a$12$QyECOGXJfmCGHGaTnhP7eOKNAPoOUDgR.Aykp46xLY9BekGrXzB8a'),
('7236c209-3d7d-480d-9e0a-7c429a634690', 'd.boer@pieterzijl.nl', '$2a$12$QyECOGXJfmCGHGaTnhP7eOKNAPoOUDgR.Aykp46xLY9BekGrXzB8a'),
('8ff7f988-d716-4a3a-9ac4-942a3217f85d', 'o.vanloenen@beweging30.nl', '$2a$12$QyECOGXJfmCGHGaTnhP7eOKNAPoOUDgR.Aykp46xLY9BekGrXzB8a'),
('39d80da4-f843-492d-8446-abcef88d4186', 'p.vankampen@zorgwaard.nl', '$2a$12$QyECOGXJfmCGHGaTnhP7eOKNAPoOUDgR.Aykp46xLY9BekGrXzB8a'),
('421323f6-f06d-4ffb-a0a5-8e8e670dee37', 'w.vanginkel@patyna.nl', '$2a$12$QyECOGXJfmCGHGaTnhP7eOKNAPoOUDgR.Aykp46xLY9BekGrXzB8a'),
('402ba078-d179-4506-ac2c-5c8cf996b13a', 'p.deridder@vrijwaard.nl', '$2a$12$QyECOGXJfmCGHGaTnhP7eOKNAPoOUDgR.Aykp46xLY9BekGrXzB8a'),
('288bdcbe-d2a9-4b84-ba55-70544534929a', 'v.pieters@zuyderland.nl', '$2a$12$QyECOGXJfmCGHGaTnhP7eOKNAPoOUDgR.Aykp46xLY9BekGrXzB8a');

-- identity & app_user (kolom 10)
INSERT INTO auth.app_user (id, identity_id, first_name, last_name) VALUES
('77f38379-1552-4652-8e2d-7e0a8cea379c', '35c00cfc-2139-4ea4-bca6-0d7004accdae', 'Zahra', 'van der Spek'),
('9fe89fb4-301f-47e4-9903-c6d929c612fc', '9c130f7d-b73e-4383-ac62-8b2f5afc822b', 'Xandro', 'van Hoek'),
('cde55a4a-f91a-4ec0-9dc8-076c9db7b453', '0cdf65fc-9443-4880-9a5b-48f99f78741f', 'Jorn', 'van der Meer'),
('e1fb6714-5e71-4fde-9f39-600bb65d8e5e', 'abbe807a-6782-4266-9f39-c2d413e91d6e', 'Yara', 'van Kooten'),
('f2240e4c-bff4-4324-908e-f6b604eb951c', '91cd5bdc-58f9-4eb4-a76c-b7e5249a5b47', 'Xeno', 'van der Meulen'),
('d084ddb4-d6af-44b8-9d1e-147c956e8083', '04447d64-0400-40ea-bb4b-0c91bcbffaca', 'Fabio', 'de Haan'),
('c720f0a2-3944-4c83-8cf4-5daa37d930d8', 'bb2afefa-1caf-431c-96a4-9b31348f0f10', 'Milan', 'Maes'),
('9da1a68c-161a-4cf6-9aed-3aeb0dca81a5', '61856910-3867-4596-938c-0f7e717612a7', 'Teun', 'Goossens'),
('fd6ea328-4011-4753-8b13-68013dda7f0e', 'f7822a1c-7d5d-441d-9638-3ddf5399088b', 'Greta', 'Hendriks'),
('c426b3db-707b-4306-9e23-2dd00657b145', '691e5618-5f4f-4a9a-aec8-e00da3ebbdda', 'Pepijn-Jan', 'van Rooijen'),
('eb936988-d155-4049-a37d-b2e80b5d49fb', 'c7535b87-250a-48bc-b683-48e0d988b9ce', 'Senna', 'van Huizen'),
('9ecb7e02-d621-4cb6-bd21-907db6085548', 'e3c44593-d657-49fa-8614-920e259f4dd1', 'Esmee', 'Blom'),
('6f96e3c9-b622-4515-96b6-9fb26d6d0012', '7dc42aeb-8ac6-4752-a066-3b10132b56b8', 'Fedde', 'van der Steen'),
('830c6eb8-6038-4c12-b168-f4478c20124e', 'de39117b-a168-482a-bf4e-7545d472acee', 'Rogier', 'Kok'),
('8c2b8bb1-0aec-4e5b-97b9-11f49e71579f', 'e9819ef4-466f-40e5-a300-b3b6ac2b0fd6', 'Johan', 'van der Kroef'),
('1ea52d20-c358-4974-b40f-2fcff27411df', '1c105e60-53ef-4eb2-9ff0-19d1639c0a2c', 'Elin', 'Vos'),
('23a99e72-75e2-4129-86c3-b95fc7279efc', 'b0a43651-483b-4324-a459-f30234c20dcd', 'Amber', 'van Damme'),
('0225f4be-0dd5-4a59-9bb8-a187c4a0390f', '33686fba-799a-4728-b056-53c34e256604', 'Olivia', 'de Smet'),
('8a99fad2-0537-4017-b282-4f85ce643131', '84b492aa-f730-4f4c-a08d-981bccfdc328', 'Boaz', 'van Hoek'),
('97477c18-c2b2-44b4-bf25-c4722af9940b', '924da5b0-80cf-4187-8ebb-5029883b6f9f', 'Ulla', 'Visser'),
('ee07d2a9-050a-45d1-9db2-59f4a1f809d1', 'f9034bf6-a05d-49f1-bfe6-eeb2277ee130', 'Ischa', 'Simons'),
('4396c3c4-17e8-461c-8e5f-f4bbd1f1f140', 'ff01d1bd-8bb7-4584-bb82-40e2634ab4ca', 'Vivianne', 'van Kamp'),
('88d4efa5-f87d-4772-8dcf-087d5cf90b8a', 'f9e276fa-c302-4655-b692-dcc60e099e6f', 'Liam', 'van Gils'),
('bbeef056-1368-4fff-bb58-6fbe22bd8a10', '86b3e438-cdd5-42e2-aad0-fec95001742f', 'Roel', 'van der Linden'),
('dcc1cb4f-21e1-4c95-8831-795135845e13', '108c0ba0-7d1a-48de-aa03-6addffb12085', 'Tamara', 'Blom'),
('51461953-1fde-4573-b50c-98790c69b8bc', '463a084e-d1e8-4ab7-99d0-95a68d0c9088', 'Feline', 'de Haan'),
('00605cea-415b-4100-a0eb-54f9221bad05', 'e933e94e-3c63-4058-a58f-a93fe627636e', 'Miles', 'van Aalst'),
('87ddda2a-d4f7-4499-ba65-93df3408c44c', '76e21a39-26a8-490f-beee-849fd08b8510', 'Roel', 'de Bruin'),
('8e29cb99-84dd-47ca-a24d-f3b5cc7fdfd8', '634eff5e-71c2-47e9-8034-077e20b7086d', 'Ivo', 'van der Linden'),
('0ef17a6a-c685-448e-b147-677d997fb5a2', '6b2e5ef7-5d36-43d4-936b-023645ff7c2a', 'Ruben', 'van de Ven'),
('2babef9a-8a3a-458a-bca4-cc0831c3a216', 'ddf47c62-602b-4ba4-a3e2-70b58c881a52', 'Karin', 'van Dijk'),
('14fa3200-6870-4725-856f-21d32c6224df', '75bd8185-1d0f-44ce-adeb-544a7bc56643', 'Igor', 'van den Heuvel'),
('d0477f56-cec9-4dab-b9a3-6cde87c7815c', '98d56e8b-7476-4619-94c1-16b084e3233a', 'Milan', 'van Leeuwen'),
('0651419f-1b75-4fa1-aa0e-394aacb9ac93', '37f94572-5cdb-478b-96db-9a3674ee7e51', 'Dewi', 'van den Heuvel'),
('6c3c312f-afe1-4acd-a05b-7aafaef80e90', '8c4c6774-ddd9-48df-89d4-1386d4dd8293', 'Frederique', 'Timmermans'),
('213f77f3-5314-4ccd-b6fe-8561a6aa43ce', '89482ea5-6749-465d-b8d1-199d9b1ae668', 'Mila', 'van Klei'),
('91c8b514-3680-4144-b86b-ac78fc50dfd4', '00583df7-a884-42ad-8ec2-d7f1f9fc3412', 'Fenna', 'van der Laan'),
('76ef2f81-ffa3-4b56-b73b-e3ae5d093f46', '49e98ec2-b32e-4d59-b37a-99e983f1d692', 'Oda', 'van Middelkoop'),
('f4c93670-a460-48b2-b06d-1ade4f612bb4', '7f6fafd5-3904-4aed-b245-1e047c2297d7', 'Janneke', 'van Binsbergen'),
('b90ecb9f-1635-454e-bf05-f0e8ebfa9e41', '913251b2-abb8-4c95-9158-fda1280ee985', 'Hester', 'Hendriks'),
('e6920694-9a53-4c7c-8bbd-056be43c8482', 'e335f10f-97cc-41ed-959e-376ee8179143', 'Nienke', 'Dupont'),
('34025ff9-4160-45ec-8695-8a7e44ea3a33', '1c189bb6-061d-446c-b71c-076d66e290f0', 'Bart', 'van Rooijen'),
('bd4e90a4-3007-43f6-a948-891692652f3c', '8fee4680-35d4-4bb9-81e0-6916d1bf7c61', 'Veerle', 'van den Heuvel'),
('b741a4d3-d545-438f-88df-c750685661d9', '27454d22-2d26-44ba-997d-f6574626c689', 'Toby', 'Goossens'),
('5ba2cac2-848e-4c9e-a654-75d4c4eda490', '242d6a38-820e-43d0-819e-7cbd924c9109', 'Thomas', 'Kramer'),
('60d81428-60a4-4365-9d11-1b3e5f4c6f8e', '11e87184-5598-4715-a3f6-6c942afb3860', 'Cees', 'de Vos'),
('63072f2c-11bd-4845-aae7-5ae97e2504e9', '5794713e-9739-4d3d-aa62-6b151acabf64', 'Eelco', 'van den Heuvel'),
('f5ccee0a-e45c-4c4b-9de4-31da4bf1fa08', 'a83ad8ea-4afb-4f4e-8377-38a07d898fd1', 'Zahira', 'de Vos'),
('3bd83506-749d-459b-94c1-64578600cffb', 'e5b688eb-8b20-4687-832d-00a0bd069f1d', 'Isa', 'van Eck'),
('d535f245-7b2a-4223-a38a-859861d2dac1', '5f78ffae-8b70-4463-9e78-98726aca155a', 'Ulla', 'van Houtenbosch'),
('bf15d18d-141e-494f-97e4-f54a961821f9', '625e3855-1807-4646-b109-4702c9c049c0', 'Finn', 'van der Wal'),
('c9215d9c-d08a-4256-9e0a-eaa27b22fa21', '10d9f6ba-8ab8-41f5-a894-e4336fbdbad8', 'Rens-Jan', 'van Keulen'),
('f10c2949-2319-4cf1-b0d2-3de20c7c2b92', '2ebe7f4a-1fb5-4f00-878f-ee6a4c95dc1d', 'Roosmarijn', 'Meijer'),
('2775d3f7-bf82-49cc-9f94-51d7c974e68f', '1956222a-7741-40b6-b05b-cf77216a8d73', 'Vivianne', 'van Harten'),
('e95d7089-95d8-47c6-a19e-0618bdb7057b', '7dae4b87-c3d9-46fe-aeb7-7f8cc6e35329', 'Quinten', 'Dijkstra'),
('2f8aa67b-9c4e-4327-958a-feb292874ed8', '34378aae-91f6-4812-be80-f753edfeb9f0', 'Viggo', 'van Doorn'),
('79bc0f25-01c9-4258-93a4-3ed8e3f88af3', '5aeb50ac-ba11-47d5-ad2a-f7e45fe87a02', 'Xanthe', 'Mertens'),
('57d8d89a-6b33-4c12-8665-ab0482be16b2', '40613602-2277-4f57-bfe7-10147e794294', 'Miles', 'van Reenen'),
('b93ba2d4-ca5c-41ce-8817-f3b9dae568ed', 'cfdc4a2e-1580-4472-b730-b63706e052fb', 'Joep', 'van Beekhof'),
('a5a9dfe0-2320-4b6a-b824-083417a7f537', '8260c057-472a-450f-be23-b932abf51ec2', 'Wout', 'van den Heuvel'),
('e4f5a9d5-fd61-4fa7-b614-e4b6ac14bab2', 'f37ff9c4-6695-400d-be65-6a6470f00672', 'Famke', 'Gerrits'),
('8e496aa1-47b3-458e-acee-62e4b3e3b94e', '712cee00-afb0-49ef-8544-2f5b2cf13b54', 'Jorn', 'van Pelt'),
('76c88536-57ee-4e68-af48-ff0c88a4fb04', 'c1443728-3bcb-461d-aeb3-7f067d961e12', 'Nienke', 'Simons'),
('ae8c76d2-857a-4409-bfe2-a5a5bfd948ea', '6af9b4e1-1ac9-423d-957b-99d19c5592aa', 'Rik', 'van Rossum'),
('66837125-47d5-4091-af54-ee7701d06444', 'b048aecf-73b2-483e-84d5-7428a60ae5a8', 'Olga', 'van Kats'),
('8783249f-b395-4003-8a71-f4f20f4a0312', 'dda43d7d-9e6c-4feb-aa50-aedc0a1f3682', 'Yfke', 'van Ham'),
('f796ab33-4c98-4071-b71e-c22ec96d8630', '7ae36071-5a14-4271-8fad-be0b1d9e2971', 'Frank', 'Dijkstra'),
('c170bbb7-37b3-45d8-8392-fb87a4c36a9b', '4a944bb3-530f-4a3d-8784-eec54efd33fe', 'Pascal', 'Martens'),
('1843e73e-c8ec-474b-bac4-7b4e5d2009f6', 'd8f43f49-0b8a-4d02-926e-70f1996301f8', 'Yaël', 'Roos'),
('d8e2904e-2136-4c14-aedd-e1c820853dd3', '83205f19-b6b8-4ab4-aa5e-d6ac3397b49e', 'Gwen', 'Blom'),
('2f3f9897-3f6a-4a57-a545-3ffac06e8513', '8ac0689e-10ed-4c26-b965-1ed49c13039d', 'Amira', 'van der Velde'),
('7e5689b4-d597-4769-a887-5792ec1a8fe2', '93cb1376-eb75-4d3b-91bb-cf01b1c946ce', 'Zoë-Louise', 'Aerts'),
('285d3c15-7589-48ee-abf4-0af22831171d', '99a5caed-716c-4962-9125-45e75bfc0e2b', 'Ignace', 'van der Wielen'),
('420e549e-aa62-48f9-82a3-d5cfd7d49097', 'cb3eeec6-8fba-45b9-bda9-39c7a60c6f7a', 'Jitske', 'van Ham'),
('50bbb7be-ecdb-4f02-b2c3-e5a4f646dad1', 'a91af5f1-937d-489c-9154-6b93c55ad14b', 'Hilde', 'van Loenen'),
('97102163-e282-442b-8366-0c33c260255b', '505b9c7c-8bb0-4990-b92d-a2a4f471629a', 'Fabian', 'Vos'),
('9df28abe-9202-4af5-9eb4-695e9c2408bf', 'ffe147d8-4574-4dbc-9321-6e90c3e49e04', 'Noël', 'van Herk'),
('be86f8c4-2d4f-424d-aa32-1239c4a3aa68', '375a1ed2-a0a7-4bd2-a121-7a5f99b0d604', 'Suzanne', 'van Doesburg'),
('c79d5177-ab20-4113-a726-e154dd959161', '80d0f358-07a0-4086-8a0a-49de16221c8c', 'Wies', 'van Hardenberg'),
('9b592950-c21d-4d53-8a94-9ecb3492be59', '2b6d1a5b-8624-4245-8430-897c19af43b4', 'Emma', 'Timmermans'),
('3f6ce485-b223-46cf-8917-eff89269a662', 'fad9a07e-02a5-4002-987f-f7ce98917611', 'Xandra', 'van den Bosch'),
('fb41aa09-3b69-4100-9309-ee743361b7ad', '936655df-d201-4441-a268-2ddb4c8df46c', 'Julian', 'van Bergen'),
('0402363c-b099-4643-87f7-5e0e40de6f6d', '3275337d-a4f0-466a-9d47-8aab9d4dc6f2', 'Tirza', 'van Klooster'),
('d8612372-17ea-47d4-b9b0-a2a65564b309', 'eba2982d-e309-4d2f-9f8f-efd2b299520d', 'Matthijs', 'Maas'),
('b3955f39-70ae-4850-b160-c7ca4e406189', '1e00fddb-9017-4459-87b6-1e39338d73f6', 'Cynthia', 'van Rossum'),
('7b25718b-adda-40b8-8ba4-9f28b313b54d', '3b182a14-52a2-42aa-b331-9c41474c583a', 'Sietse', 'van der Wal'),
('bd293ec5-b29b-4ed5-a9de-113859d216bc', '9e4f86b2-3381-45d6-889b-29fe4ce87283', 'Feline', 'van der Laan'),
('ddd1c527-0687-4e19-8867-4cfdf36e4b43', 'afb5de7c-fbee-4615-b11c-6599baddea17', 'Max', 'Peters'),
('f0998fec-1c2b-440f-bb28-62dd602f210b', 'c866e75a-61ab-46d5-997a-a5be70dba789', 'Luca', 'van Huizen'),
('7669a53f-b3bf-4e08-9d8e-d07bb348b7f9', '5d9ec6bb-608d-4d74-b33b-1796f868625c', 'Jacqueline', 'van der Knoop'),
('3b69ff89-ba55-41aa-9fff-7ad6587d23e2', '7aa4bc40-4886-4bed-8404-6adc19125cd7', 'Ignace', 'de Vries'),
('7d43931e-51a3-4e07-9762-b0c2b099f982', '9f0490ac-8c52-4650-85bb-c0e07b63d0d7', 'Teo', 'Huisman'),
('ef0414a2-5480-451c-b822-464571d0c961', '19bbf350-c66b-4469-bedd-7b7c891aa8ad', 'Ilona', 'van Helden'),
('8d1a9ec2-9d9e-4877-a246-1f3406b3ea68', 'bf33aa50-7ebc-44ba-ab99-3fea8c8d48f0', 'Olga', 'van Klaveren'),
('a359f51c-d494-45d5-824d-9cd44223cbb8', '31ce89ba-4106-47ad-a784-bcc10f48e1fc', 'Sanne', 'de Jonge'),
('a18ad162-2aa3-4589-a777-e83af9659f74', '119c2bf6-ac24-44e3-84da-460e698505a7', 'Pepijn-Jan', 'Vos'),
('aee337bd-92d3-4b43-a9db-f819037486d5', 'd8f158a2-d299-4f74-a8f0-a4b58b9e6a45', 'Odile', 'van de Ven'),
('9614bed2-85a9-45b8-95ea-ada8de9ac54f', '70d18135-b050-4116-9be8-86d4192b7764', 'Zelda', 'Smit'),
('235d0a38-5053-4cfe-abb6-cc829674dba7', '0b7b826e-e640-42fb-9156-29ea1de1958f', 'Jesse', 'Geerts'),
('8435784a-1250-4f29-9b45-c729e00d93d3', '82fca79f-60ce-4ef4-8587-44d9ad2663c0', 'Xavi', 'Meijer'),
('61830a0b-692d-4c95-8101-46e49dc2c7c7', '61db26f9-3128-4a05-b5ca-e14f2de9d700', 'Suzanne', 'van Gelder'),
('9dc28db1-99de-4a28-8d3b-bc9c8885e9e5', '0366b703-68c0-40de-9860-cd43f5d6321b', 'Romée', 'Vermeulen'),
('d490fc73-b715-469d-9309-0487e9230082', '21d56685-8308-4e8d-a50e-ab03d5c65e09', 'Zeger', 'van der Wal'),
('93216796-dee2-4814-9613-805d3daa9515', 'a93bfe6c-5a4b-4436-8ac4-e87ced149a12', 'Urbain', 'Muller'),
('5c251bd3-e6e9-4afe-a23e-79d587bd3c7c', '0bdb03b2-b5d0-4c25-a4f0-79f2d20039d5', 'Karlijn', 'van Munster'),
('6c08321a-0a5f-4045-a3cd-4888460591a1', '42ad27b3-bd37-408b-a76b-47edef79bf54', 'Kim', 'van Es'),
('fe20b3be-fd2d-480d-8560-bd5c367b5c71', 'f33ec842-f945-4557-881f-cb352b18ac97', 'Demi-Louise', 'de Haan'),
('98413eec-9cd3-4b8a-bd3d-d6db7b7b01be', '96d644cb-2ad2-4c46-a356-3afcf994be8a', 'Quincy', 'van Gils'),
('6504e69d-d73d-4ab6-91d7-5f8920c05efe', '25f5e382-cc90-4baf-a685-fd67dbae551c', 'Ruben', 'van Beekhof'),
('d05dd2e0-d177-46a9-a2f9-78606d037d81', '18efdf4f-af11-4d24-813b-d86e62d64fdf', 'Onno', 'Scholten'),
('4df97543-6c91-4b16-8866-4f2117719959', 'fd6a40c8-158d-474b-a52a-3988228294ef', 'Una', 'van Kamp'),
('730d2588-70f8-41c5-b7d4-a138ef99cc1f', '71321804-789c-4247-a6a8-05c31521798f', 'Renske', 'van der Woude'),
('709a6309-4731-488c-82a2-c32cd9260882', 'fbb9c90d-024b-4dd3-9d45-cfb7150dc5f3', 'Xandra', 'Dubois'),
('e4f11c1f-291b-4261-9521-7d7f91b94539', '3da3cee9-eb40-4c9a-9971-0036ae31d058', 'Geert', 'van Hardenberg'),
('92b7c8c7-0161-4319-a2b5-a5ca672879c1', '638e0982-4f60-4880-bd3c-dfd38a5dcb39', 'Hugo', 'Mulder'),
('4c050883-a9e1-47f7-bca9-9ffead24c259', '8d26e904-ddcb-46c8-bd2c-656d784c82b6', 'Larissa', 'van Vliet'),
('5c5be448-bd51-48c7-ab91-eb16f7961ce3', 'bd88eeee-381a-40e4-b68a-a3bfc36a76b6', 'Boaz', 'Stevens'),
('8bdbcc41-2313-4d1c-b8ca-5bd3b809745f', 'ec39cab3-8c97-4af8-9b27-ee5ade7307f1', 'Ulrike', 'Roos'),
('2b0aefb6-79c7-441c-9376-e456db19b50b', 'ff461740-528d-49f6-8916-bf4895fa2de1', 'Paulien', 'van Heesch'),
('af6533f0-5ab1-4ebf-9978-3fe942ecfdcb', '3b99b6b8-8056-4b3b-9bb1-6884175c4f71', 'Bart', 'van der Spek'),
('8b5802c1-74fc-417a-acc9-5d5784956b4b', '120c3f67-181b-4bd0-98b1-507beda76611', 'Noud', 'van Aken'),
('9483953b-aabf-40a0-889d-a3e2d018ac63', '1ddd5426-1185-4ea5-86b2-e8e1dd73e0d6', 'Greta', 'Peters'),
('71fdea39-2e00-4dca-b214-29ad3251fae3', 'f98ae1ae-7163-4e49-921b-fe58a2fa0b37', 'Zeger', 'Vermeulen'),
('131451c5-1136-4cc9-b4ef-878b21594e73', '0599f73b-370c-4e77-8a23-052eefe71851', 'Viggo', 'van der Vlist'),
('457802bc-f76f-42f1-b12a-32dcc41608a2', '80284f12-7659-4455-b889-8d0223b7e47c', 'Nova', 'de Leeuw'),
('cc3fe785-ed37-439d-9748-3108b32f1e50', '4a18cbc7-c6ab-4e33-8a81-be2e0a7c006c', 'Geertje', 'Meijer'),
('cf822dc2-eee6-4e27-af69-1e8e3ebb38d2', '8986cc8b-3853-4d7d-bd94-3a98ae921126', 'Simon', 'de Vries'),
('eb4ec68f-f4de-4be5-bf74-a07208dafc44', '116bb565-2a9f-44d4-a32e-02d3ab8aaddb', 'Nienke', 'Maas'),
('b65d9dc7-6db5-40c9-a610-da384d13930a', '5524f93e-3e9e-48a2-a8f3-cf5917312468', 'Igor', 'van Driel'),
('20cd5a8c-859a-46cc-b29e-8eccf67a6381', 'a19234f4-b5be-40e2-b2d1-2af0ba065586', 'Danique', 'van Hees'),
('e484c288-096c-42f9-a6cd-6ee39fc7d664', '76612554-6247-4471-86ae-f74d4b07a16b', 'Lotte', 'van Houten'),
('3b45782d-ed4b-4a05-9784-3371008d85d9', 'fbe93846-7ed0-4354-9569-019e1be91cc3', 'Yaël', 'Hendriks'),
('73a3f2cd-1023-4404-ba7a-483149cb7350', '550fc508-519b-44dd-aeb2-b73f2aa079cc', 'Teun', 'Pauwels'),
('f6fb2322-9a5f-468e-b0e2-4a62f8dfedad', '7266d30f-45eb-47d7-bd5f-8e6412b0f758', 'Douwe', 'van Koeveringe'),
('10270f41-8d77-4049-aaad-949f538970dd', 'bcabec39-2fc9-430a-90ee-a8e4bf3b7020', 'Hildegard', 'van der Knaap'),
('204ed978-f7a3-476c-a3d4-027732f38e3a', 'e47a0c2d-5982-44ca-a360-87ff8829b4f0', 'Emmanuel', 'van Koeveringe'),
('f997d0b9-6210-44df-957a-ba363d338dd0', '50fcd718-f527-497e-aa45-2d56a2823892', 'Mark', 'Vermeulen'),
('cdbc3acd-d975-40a7-a2ff-8053dd804a19', '77f98c95-ff00-49b3-9632-a87b8ce2ccd8', 'Natasja', 'van Gorp'),
('49719dac-858c-4183-b296-a4b1f517032f', 'f3b02375-3287-41f4-b41e-57644838204c', 'Margriet', 'van Klei'),
('2e28aa81-365d-441e-b99f-53a60a20d56a', 'b35e986a-97d0-48b8-b990-43204750b7fd', 'Joris', 'Claes'),
('b1302084-2afa-4c3c-8db1-1a3d1406d1cc', '994318b6-366b-4be8-af2d-a3957c57f0fd', 'Cas', 'van IJssel'),
('2193b9c4-c5a6-4e2b-bf9e-300f6e10b132', 'e510dfdd-16e8-46c9-a2d8-cb3e654926b2', 'Wendy', 'van der Linden'),
('861a8b55-a197-48c7-896d-968a19604cf1', 'bc830f26-035b-4106-bc76-96618c4e8fbc', 'Marnix', 'van Driel'),
('b7a08e12-ce1b-4276-ac09-9518d35cf35e', '3e16ff0e-c24e-44e0-8e23-fb4fc54f0156', 'Matthijs', 'de Groot'),
('ed3b7092-2831-41c2-9982-90ec7562a28a', '02fbbb26-617e-4ffd-b05e-d8d43efc6eba', 'Cynthia', 'van der Linden'),
('215d2504-4909-4f4c-9d7d-39242048b859', 'd654c317-dbe7-4848-9549-05a0d7c7e5c8', 'Charlotte', 'van der Meer'),
('73b83f24-4b6a-47e6-8c1e-46312cd03090', '9a72144c-6d6f-4033-b645-318998e2f43b', 'Yvonne', 'van Galen'),
('2cb501c7-47bc-45ac-ac8c-486991552b2d', 'e42b526a-8325-495d-8491-2cfbf0d26e60', 'Ursula', 'van der Velde'),
('06427a0a-a45f-463f-b82d-5a6dd375c887', '1e4d4c84-33e7-4eed-8cd3-9b2714f9ba0e', 'Nienke', 'van Bergen'),
('3b474b0e-9bad-4ef4-b474-121b700ea9cb', '9ca75e65-9fb3-49f4-9896-fe95d43b564e', 'Job', 'van Binsbergen'),
('1d33267b-7ee6-4688-bb95-bace0ddad92f', '4921d143-8ab4-4f52-ac79-20938871bea3', 'Ype', 'van Middelkoop'),
('af36c8bb-83a9-4d48-a7d6-01f3b529e7a2', '59f3d9fc-bc08-41da-bd4b-dbf8f3f92e0a', 'Sylvia', 'van Helden'),
('8110f5d3-d5a5-417f-b623-d62712712711', '8b5231d0-5115-4a1c-a9b9-c0e5db28104f', 'Xeno', 'Peters'),
('1a5bcdf8-42e2-4071-8182-4642db624b5e', 'dc10f68d-c1ba-49c7-8a52-f085e2dd5eb4', 'Valerie', 'de Graaf'),
('2f8879a3-c919-435c-b05c-458909876b70', 'fc554518-bca6-4a66-9374-d5d48bd79386', 'Carmen', 'van Gils'),
('3f4595a6-42f3-42d9-b10f-6111e8e68fd2', 'de1d0724-2b97-43db-83a0-63678fc785a9', 'Bramwell', 'van Loonstra'),
('2e74280a-aaab-4e8d-8a15-58fe0b92db82', '0f9c20ad-cafc-46f9-9ac8-ed7f96e59e69', 'Sem', 'van Huizen'),
('b809c6ea-11f7-4a30-a837-72e6e2b4b406', '3c54952e-f073-4fe2-b71f-3bb6ebbc4c0c', 'Carmen', 'Simons'),
('a87376cb-8026-413c-b5f8-fe2ca553ce47', 'ef0f9995-09f1-4f5f-a928-7972d2e94f17', 'Yoran', 'de Graaf'),
('5f50975a-7877-447a-92b7-cdadabb1a01a', '66e4c956-7def-49f4-98f2-611203fc7f47', 'Yfke', 'de Haan'),
('fa9c356c-1d78-4795-a8d1-70f501c63508', '2cdd7ec5-8350-414d-a388-d71559e29a1c', 'Rens-Jan', 'van Rosmalen'),
('f891977e-9ffa-4c35-a0b6-cd109804d61e', '21e9ecc2-7677-4e35-b22e-2239ed5457ef', 'Klaes', 'van Eijk'),
('ff3831d0-68a9-4422-adcf-bf5c7ef3f956', '9719dc2c-43b5-4910-9181-1f48a75ebdc8', 'Tess', 'van Egmond'),
('2b74f146-46e2-4115-8ffc-42d839ee98bd', 'c00eceee-7099-4f3d-892c-266a75fb6070', 'Kilian', 'Muller'),
('e4c7afce-f829-48e4-94dc-256c4ff5754a', '2af26176-5fd3-4f85-87ce-1a8afded4a49', 'Bente', 'van Damme'),
('2091cb3a-6059-4743-ac79-403916835135', '341c32ec-5470-455f-8ea3-2af64c4129d3', 'Sterre', 'Gerrits'),
('5675bf4f-7114-4cb7-963a-c08c65b06614', 'ebae6085-1437-4bcc-9781-be3d91379d7a', 'Haye', 'de Bruin'),
('154cff42-3ee8-423a-a0e5-8bc76da71ae4', '0f9612cd-ed3b-4b8c-af33-c3f20e7e8cf3', 'Valeska', 'van Schaik'),
('d082c4d8-52ce-408c-bf6f-984ac0af23cd', 'b8cd16e6-6a50-4db3-a145-3882e7a17a78', 'Jolanda', 'de Smet'),
('8c38709f-7865-4580-93b5-0311891e3559', '9629456c-7e6b-4d8d-9090-f220abce502d', 'Lois', 'Geerts'),
('1175c58e-0198-4831-b904-9d2f7dd4dc9a', '17774491-8a7f-46c5-bc35-150b1dcba8e1', 'Fenna', 'Cornelis'),
('80048a8c-475f-4467-a0f0-6d2f254af4dc', 'c1050e3d-1661-42a0-95d0-ebe934547887', 'Wies', 'Sanders'),
('2e487439-12fc-49b9-bbf8-ee7d74814da9', 'bf8abb83-e4dc-4adb-8930-a0c5f815d602', 'Noëlle', 'Post'),
('3c8a68d1-b03f-4382-b8ef-450e93120f79', '5a43c70d-e824-427a-aa0c-4eeb69775296', 'Jolijn', 'Kramer'),
('0398e8cc-e0e5-4b66-a796-6c78ad511b9a', '54d91d54-3298-4e90-a150-acf9dae589fd', 'Xenia', 'van Es'),
('e9dcc85c-4fb6-495b-a3a5-9c3bc5c9f81c', '2a52f44e-2bd9-43f7-8632-96ca515a8c00', 'Ulrike', 'van Ommen'),
('db615c7e-35d3-46b6-8653-f261c8adc66f', 'd57dd9d8-befd-4158-aab3-738ccebbb334', 'Johan', 'de Bruijn'),
('edaa561b-c454-4ad2-b746-d8adf4953331', 'a0d105a9-150b-4c15-a80b-5ff662faed52', 'Sanne', 'van der Knaap'),
('22c08c0e-22f0-4f2b-9347-e52b07e3f493', 'd3542e90-f250-4c25-85d8-fe41d3baf649', 'André', 'van Keulen'),
('f76c898f-bbb8-4b2a-aed7-bfad1a528ed7', '180133af-85a0-407b-8b3d-2ee50dcae31c', 'Bente', 'de Boer'),
('46b8580a-e45e-4b6c-85e4-d923613e8eb9', 'ded909d2-6f92-4987-83ed-54b80bf8e5ff', 'Fabio', 'van Wijk'),
('b35b7672-2c25-4b5c-8e09-22801b3ba2ff', 'e945f757-bb5f-47ee-a018-223aa3779e2d', 'Pepijn', 'Maes'),
('c16c1621-6712-4ca7-abd5-0ffd50881498', '7bed2816-b889-4787-8077-062c90cb34ab', 'Rianne', 'Janssen'),
('971d94cb-9bf7-418c-94c6-2d159627b304', 'aa1017bd-bcca-4895-8f53-2d0a0d610625', 'Ilona', 'van Ommen'),
('0e92ddf8-4bd7-46eb-b307-b2b617e9b9b1', '62d4d859-8453-4b60-a533-9c3124c5446e', 'Cees', 'van Baal'),
('c2332e58-8edc-4989-8991-d970b19a4f28', '7a237c73-dc25-4d88-97e6-caf861e17230', 'Julian', 'van Gorp'),
('487cd5a0-5ba0-4071-bffe-b52ece181081', '4748d383-8278-42eb-b0b2-6878c3bd0254', 'Renske', 'van der Laan'),
('e47cd46b-1a80-47ab-9f1f-69b950059fee', 'fbaca4ac-e285-4574-a42c-4ee777907562', 'Mark', 'van Driel'),
('893172a9-9f70-40be-8619-af1e52ee3517', '3f0069c4-2c4c-48ca-b51b-810d979d19cc', 'Thea', 'Boer'),
('34f90975-9948-4ff7-9df2-6349001d32b8', '0a567427-fef7-4e54-8e70-77bb268dad10', 'Tijn', 'van Montfoort'),
('1defc4dc-71b7-4475-8560-7bbc2ad4c06e', '2f843ce1-1913-4625-bd89-04e16a522a0b', 'Wouter', 'van Gestel'),
('55ea80ec-7043-4e11-a315-1911682bd1bc', '6ecf03d1-0903-4506-a891-fe2f490b7110', 'Fleur', 'van Harten'),
('e57eba94-cc50-497e-9f4d-5bb38c0eac40', '9d3c4550-c7ab-43c9-8021-e9da4361557a', 'Urbanus', 'van Loonstra'),
('7af4c23f-d8dd-45e7-8ade-936a66449ff7', '16ece621-c515-46db-bada-c3ae96991766', 'Lars', 'Jans'),
('6c1c173f-9ec9-4776-8220-94cf46370609', 'ce992f34-c552-48be-8092-79d098f7341f', 'Haye', 'van der Laan'),
('6729b544-1b1d-4428-863e-a68ab4f2e19c', 'da1a7dd1-aed5-411e-aaa3-d360800aebf5', 'Stefan', 'van Vliet'),
('4bd6a83f-ce56-4717-9479-fc14ae286276', '37c06eaa-71d5-49f3-986a-534191852f1f', 'Rutger', 'de Ridder'),
('23cdfad8-066c-4e6c-a18a-232759a6a877', '9051887e-a69e-45d0-a19b-5bf7ea212826', 'Nienke', 'van Gent'),
('a2260597-0472-405b-b91b-db5f8ddff55c', 'a957a70b-1b02-4be4-891c-fb9393d36e7e', 'Karlijn', 'Kuipers'),
('d057944a-76c9-484f-b64f-1d3adf05ead7', '540f572c-f0a4-41da-81f0-e447160b0967', 'Esmee', 'van Loonstra'),
('afb3ab27-cad2-4dbe-8b03-c360b23880cc', '3537db2f-5968-4aa9-8aac-accf99660872', 'Bram', 'van der Vlist'),
('e7371f40-e027-4459-9df4-b7058214199e', '6e18fbbc-000e-4530-92e5-e267649bc7dd', 'Claudia', 'van den Berg'),
('5addc43d-f7cb-4f65-8fc2-5b18386d1035', 'be0d01f9-6e41-4e44-944a-683d6f865d4d', 'Norbert', 'van Kooten'),
('b7f70f73-0b5e-4124-96d8-1caabbcd6768', '89771376-5494-4c21-a4d6-b62e108e2530', 'Ivana', 'van der Meulen'),
('5b999ae1-5a02-4706-9f7d-00b2fc8ad1a7', 'd9f7d09e-c28f-42a3-a0db-f1364e1c6ce1', 'Melle', 'van Haren'),
('0f190f46-b388-48dc-b452-95cebe1dfe85', 'e28d3cc6-a32b-41a4-8f50-a8b2f33a2ddb', 'Olivier', 'van Klooster'),
('f8b867d6-40d7-4dbe-a4f4-a25b5d3b9495', '355c28b1-9758-4dda-8aac-a58fb0bf9c74', 'Larissa', 'van Veen'),
('9e3e3a12-871a-4efc-97b1-b1f29ba9c0f3', 'b7c7e460-f4ce-42e0-88a1-8dcf9183a567', 'Xandra', 'de Vries'),
('d3981809-b735-4054-8443-ce3e0f4864ef', '1ff48f47-adb2-4226-ab51-c4e592d49bf0', 'Milan', 'van Hattem'),
('db9864d6-9cfe-419c-887e-1b792f737b78', 'c0ae2773-ffe4-42ee-89b3-2bb1caa55456', 'Ignace', 'van Pelt'),
('d8675391-cd57-4d1b-9660-c18b1116aa43', '21ce7730-7d5a-4244-9a84-2b1b2da169bd', 'Job', 'van Amstel'),
('863ccd65-2f4c-445c-914b-10ca3cd12622', '1c977235-4b23-4bec-b8d6-2470fc0e71d9', 'Sabine', 'Hoekstra'),
('e53b8711-5481-4375-86f5-44e88c923d4e', 'c4257fb4-0c42-4078-8dc5-54c6688ef900', 'Stijn', 'van Klaveren'),
('a4b9c528-5eb4-45de-b755-d133ef112983', 'd5aca03d-f9cb-4fb3-ab88-0b3d6b54e2a9', 'Milan', 'de Bruijn'),
('7ef55932-da50-4d98-b436-5248e183277b', '6f598a4d-555b-46f8-9d9c-152a8125c69c', 'Sabine', 'van Oorschot'),
('d31c83c8-6a9f-4c77-8884-398c4b331bd1', '085325fc-109d-4093-b66f-4df65a6d35e2', 'Bart', 'van Veen'),
('dbbabe18-d777-47be-8ef9-eb488c7e7650', '11d0f1b3-4c17-4c4c-8b49-7b3bf196844d', 'Dex', 'van Houten'),
('e699f697-374c-4fde-af3a-aa0cb32a6254', 'bd928cd8-8be4-4d81-8bc9-6c861f6abee4', 'Ewout', 'van Loenen'),
('8b0fa65d-106d-45a5-a965-d9b186d3558c', '12e06568-22ab-4883-a191-3b88dacf18c7', 'Wendy', 'van Herk'),
('1a041a37-c2d0-4f35-83d1-df361b828125', 'bcc9eeab-1733-4af4-be4b-e3158dcc4a27', 'James', 'van der Meer'),
('eb4b8bbd-90af-44a2-b247-3c468d79ecc1', '71983041-c660-456e-9885-65a95bb9513f', 'Charlotte', 'Groen'),
('de512155-aad8-4184-b3c0-e2bc37c832a2', '7759bb07-d664-4555-8572-46e416e903ae', 'Luca', 'Boer'),
('99ffcde7-2cef-4a06-a7c6-4cdc50a79437', 'bd3a7e85-1e50-4fb5-b562-679dc6d86d04', 'Emma', 'van Ommen'),
('61f74eb8-1e34-46f4-9938-f8d622ec81c5', '78c138ce-cd59-4746-9acf-5bde7c3b9d6e', 'Ivana', 'Timmermans'),
('b2ea09e8-9284-4151-b902-4040d2d0f52a', '2b7b5c3f-169f-46e7-a861-4c99648ebd8e', 'Emiel', 'van Gent'),
('6f936d5f-8c7f-48b0-b55c-a7c62f265364', '373b7d5e-4a5a-467c-9b02-785163e0cb35', 'Heleen', 'van Loon'),
('10430d42-6065-446b-85bf-d1178b671496', '2f35ba3f-2bcd-4e19-a400-88abd56f3e66', 'Una', 'Groen'),
('971a7168-a049-496c-b3ca-11fb238f7d39', '48d0d29f-7cd9-4cd4-b00e-22131e5274b8', 'Marjolein', 'Aerts'),
('c17ff8e7-c3f0-46ba-98e3-90a08f7125af', 'b031faf2-3d96-4d6b-ba51-fa8db832362c', 'Gerard', 'Wouters'),
('4d35c70f-8599-4320-99ba-c899722e61d1', '7930a929-3d11-481d-8379-2129de85c248', 'Yfke', 'van Driel'),
('9f0c09b9-2800-4fa2-bd8b-38b3f0f4fcb3', '97bf1d2f-9aaa-42ce-90b2-8e65260cccc6', 'Demi-Louise', 'van Houtenbosch'),
('aa61d805-efaf-4273-b14f-54f9e9362604', '87832e8b-6ab5-494c-bce8-58558f6a1348', 'Evert', 'de Vos'),
('dbf9236a-6649-4610-8fe4-e156d69cdc71', '77b69ee5-5a31-4df7-a820-7dc48914c8a9', 'Finn', 'van der Woude'),
('5e0c49a0-826c-4e0c-961f-e552f19843ea', 'fef18b2e-86a1-47f1-9dbc-8dfe2ff1ca75', 'Fenna', 'van Beek'),
('f94aac06-c87a-4d42-9703-9a16d39d68b4', '86e5ec61-cf5e-4eb4-ae67-ab30916809e8', 'Claudia', 'van der Linden'),
('7215f34e-dcf9-443c-9657-4ac827f53b8a', 'e1f57c55-0be6-42c3-805a-92507e1d35da', 'Veerle', 'Kuiper'),
('a43b9245-c727-4ceb-91a0-e09e73b3564d', '82c6fa0b-84a1-4461-bc4f-4e68fcf36375', 'Jolien', 'van Lier'),
('fba72d6c-362c-4954-b8da-a019e68ac8d1', '8b8eb061-9ab1-4e36-ba63-a38d1ccb5bcf', 'Rosa', 'Janssen'),
('582098df-8a51-4005-862a-67ee8dd0ac38', 'd4ce6a09-c77b-45bf-9cf9-e4bcc7ab4b9a', 'Oda', 'van Loenen'),
('c089dd76-dc82-4472-8a82-b783052566cf', 'e022d54d-9527-4224-8f09-a139bd014acd', 'Cornelis', 'van Loenen'),
('f561d7db-84f2-4a30-affe-1d05d8fb5609', '34e9d18d-c3ee-4487-b3d3-c84abc0289c8', 'Demi-Louise', 'van Kooten'),
('89d1d220-1c61-45b7-a7ae-f96a116fb439', 'bd560e56-6d2d-4c79-9128-d2e0ce8f6aef', 'Quinten', 'van Haastert'),
('2f2dd96e-cd08-4101-bbe9-95d6ca807473', '16ceccab-3145-41b9-8c6d-75ec5e713697', 'Aart', 'Visser'),
('5ec0e021-c5ef-4b4d-9d34-3a31ceb84b8c', '5a3523cc-7b68-421a-9c4d-a8bd92cb3c6b', 'Valentijn', 'van Gent'),
('e9a22f14-1d9c-4cbb-892c-ad4f16585e59', '7236c209-3d7d-480d-9e0a-7c429a634690', 'Danique', 'Boer'),
('24d56966-c550-4393-be5c-abd22fc247c4', '8ff7f988-d716-4a3a-9ac4-942a3217f85d', 'Olga', 'van Loenen'),
('28032e82-1c08-4295-b31e-58bf579153ae', '39d80da4-f843-492d-8446-abcef88d4186', 'Pim', 'van Kampen'),
('c1a7d244-a452-4f86-8a36-1d543b862a38', '421323f6-f06d-4ffb-a0a5-8e8e670dee37', 'Wilma', 'van Ginkel'),
('bdbfd135-78f2-4078-a2b2-4899a6e08fd7', '402ba078-d179-4506-ac2c-5c8cf996b13a', 'Piet', 'de Ridder'),
('952a8a36-a986-4ef6-9d43-fddba534b0ed', '288bdcbe-d2a9-4b84-ba55-70544534929a', 'Victoriano', 'Pieters');

-- app_user_organization_membership (kolom 7)
INSERT INTO organization.app_user_organization_membership (organization_id, app_user_id, member_since, invited_by, role) VALUES
('64c799d9-f2f8-4d20-925d-abe28a634611', '77f38379-1552-4652-8e2d-7e0a8cea379c', '2025-04-12 12:55:33+00', '40569079-6621-43c6-9e4d-80caf9c5d2d6', 'organization_admin'),
('d9abe56a-3513-43f8-8416-a1b569f537ac', '9fe89fb4-301f-47e4-9903-c6d929c612fc', '2025-03-30 21:30:50+00', '40569079-6621-43c6-9e4d-80caf9c5d2d6', 'organization_admin'),
('b4732c83-ccb0-4089-a8ea-9215b8194317', 'cde55a4a-f91a-4ec0-9dc8-076c9db7b453', '2024-02-06 03:50:21+00', 'b708b03a-fd3b-4542-96ec-24417326421a', 'organization_admin'),
('32fe5efe-2f1e-4d6b-b136-631c35fe52b2', 'e1fb6714-5e71-4fde-9f39-600bb65d8e5e', '2024-04-09 01:37:07+00', '40569079-6621-43c6-9e4d-80caf9c5d2d6', 'organization_admin'),
('43520bff-313e-45fb-b5cf-e1254d043fcd', 'f2240e4c-bff4-4324-908e-f6b604eb951c', '2024-10-28 21:25:07+00', 'b708b03a-fd3b-4542-96ec-24417326421a', 'organization_admin'),
('33de84cd-42b7-4fd6-a7ba-7fef0ae05fdf', 'd084ddb4-d6af-44b8-9d1e-147c956e8083', '2024-05-30 18:12:46+00', '40569079-6621-43c6-9e4d-80caf9c5d2d6', 'organization_admin'),
('0a11114d-1e13-4e2d-ae3c-a0fc94cee5e0', 'c720f0a2-3944-4c83-8cf4-5daa37d930d8', '2025-05-22 18:30:13+00', 'b708b03a-fd3b-4542-96ec-24417326421a', 'organization_admin'),
('98eacfd6-6ff4-4925-a954-036c8712f200', '9da1a68c-161a-4cf6-9aed-3aeb0dca81a5', '2024-11-08 23:37:59+00', 'b708b03a-fd3b-4542-96ec-24417326421a', 'organization_admin'),
('9cb3290d-86cf-43de-85f3-8b621007d65d', 'fd6ea328-4011-4753-8b13-68013dda7f0e', '2024-11-29 02:46:01+00', 'b708b03a-fd3b-4542-96ec-24417326421a', 'organization_admin'),
('32fe5efe-2f1e-4d6b-b136-631c35fe52b2', 'c426b3db-707b-4306-9e23-2dd00657b145', '2025-08-17 13:19:52+00', 'e1fb6714-5e71-4fde-9f39-600bb65d8e5e', 'organization_member'),
('b1f9ee38-8733-49df-9e53-7bd280be56d0', 'eb936988-d155-4049-a37d-b2e80b5d49fb', '2024-03-15 04:31:35+00', '40569079-6621-43c6-9e4d-80caf9c5d2d6', 'organization_admin'),
('9cb3290d-86cf-43de-85f3-8b621007d65d', '9ecb7e02-d621-4cb6-bd21-907db6085548', '2024-04-27 13:27:27+00', 'fd6ea328-4011-4753-8b13-68013dda7f0e', 'organization_member'),
('9d00b0e5-382b-45b9-a9f5-15bcf57278e2', '6f96e3c9-b622-4515-96b6-9fb26d6d0012', '2025-04-22 22:19:24+00', '40569079-6621-43c6-9e4d-80caf9c5d2d6', 'organization_admin'),
('9cb3290d-86cf-43de-85f3-8b621007d65d', '830c6eb8-6038-4c12-b168-f4478c20124e', '2024-04-21 06:15:41+00', 'fd6ea328-4011-4753-8b13-68013dda7f0e', 'organization_member'),
('b1f9ee38-8733-49df-9e53-7bd280be56d0', '8c2b8bb1-0aec-4e5b-97b9-11f49e71579f', '2025-03-16 08:29:31+00', 'eb936988-d155-4049-a37d-b2e80b5d49fb', 'organization_member'),
('944d4730-c8b6-4a35-a2cd-7d2d3af443bc', '1ea52d20-c358-4974-b40f-2fcff27411df', '2025-01-12 12:22:49+00', '40569079-6621-43c6-9e4d-80caf9c5d2d6', 'organization_admin'),
('9108e1ad-08d4-4ab7-bac7-0e9bbfb6f2ed', '23a99e72-75e2-4129-86c3-b95fc7279efc', '2024-01-01 17:20:21+00', 'b708b03a-fd3b-4542-96ec-24417326421a', 'organization_admin'),
('1d17b0d9-5722-4236-8fe9-b173c39a97bb', '0225f4be-0dd5-4a59-9bb8-a187c4a0390f', '2025-01-12 09:52:16+00', 'b708b03a-fd3b-4542-96ec-24417326421a', 'organization_admin'),
('d632c28d-7a32-421d-b18b-29993133a618', '8a99fad2-0537-4017-b282-4f85ce643131', '2024-01-12 09:42:12+00', 'b708b03a-fd3b-4542-96ec-24417326421a', 'organization_admin'),
('b1f9ee38-8733-49df-9e53-7bd280be56d0', '97477c18-c2b2-44b4-bf25-c4722af9940b', '2024-11-06 01:21:20+00', 'eb936988-d155-4049-a37d-b2e80b5d49fb', 'organization_member'),
('1d17b0d9-5722-4236-8fe9-b173c39a97bb', 'ee07d2a9-050a-45d1-9db2-59f4a1f809d1', '2025-02-03 09:33:24+00', '0225f4be-0dd5-4a59-9bb8-a187c4a0390f', 'organization_member'),
('6db86b70-0aef-41dc-9bff-6b88fe7b825a', '4396c3c4-17e8-461c-8e5f-f4bbd1f1f140', '2024-08-14 14:55:50+00', '40569079-6621-43c6-9e4d-80caf9c5d2d6', 'organization_admin'),
('b1f9ee38-8733-49df-9e53-7bd280be56d0', '88d4efa5-f87d-4772-8dcf-087d5cf90b8a', '2024-10-10 20:58:09+00', 'eb936988-d155-4049-a37d-b2e80b5d49fb', 'organization_member'),
('98eacfd6-6ff4-4925-a954-036c8712f200', 'bbeef056-1368-4fff-bb58-6fbe22bd8a10', '2025-07-05 13:30:29+00', '9da1a68c-161a-4cf6-9aed-3aeb0dca81a5', 'organization_member'),
('a0611b70-9952-4770-a305-9f79cfdfb10c', 'dcc1cb4f-21e1-4c95-8831-795135845e13', '2024-03-29 17:08:47+00', '40569079-6621-43c6-9e4d-80caf9c5d2d6', 'organization_admin'),
('6db86b70-0aef-41dc-9bff-6b88fe7b825a', '51461953-1fde-4573-b50c-98790c69b8bc', '2024-07-22 15:02:07+00', '4396c3c4-17e8-461c-8e5f-f4bbd1f1f140', 'organization_member'),
('9cb3290d-86cf-43de-85f3-8b621007d65d', '00605cea-415b-4100-a0eb-54f9221bad05', '2025-03-23 23:24:12+00', 'fd6ea328-4011-4753-8b13-68013dda7f0e', 'organization_member'),
('d9abe56a-3513-43f8-8416-a1b569f537ac', '87ddda2a-d4f7-4499-ba65-93df3408c44c', '2024-02-14 16:33:24+00', '9fe89fb4-301f-47e4-9903-c6d929c612fc', 'organization_member'),
('43520bff-313e-45fb-b5cf-e1254d043fcd', '8e29cb99-84dd-47ca-a24d-f3b5cc7fdfd8', '2024-03-19 08:50:05+00', 'f2240e4c-bff4-4324-908e-f6b604eb951c', 'organization_member'),
('43520bff-313e-45fb-b5cf-e1254d043fcd', '0ef17a6a-c685-448e-b147-677d997fb5a2', '2025-05-01 16:21:51+00', 'f2240e4c-bff4-4324-908e-f6b604eb951c', 'organization_member'),
('32fe5efe-2f1e-4d6b-b136-631c35fe52b2', '2babef9a-8a3a-458a-bca4-cc0831c3a216', '2024-03-10 09:05:23+00', 'e1fb6714-5e71-4fde-9f39-600bb65d8e5e', 'organization_member'),
('9d00b0e5-382b-45b9-a9f5-15bcf57278e2', '14fa3200-6870-4725-856f-21d32c6224df', '2025-04-10 20:29:43+00', '6f96e3c9-b622-4515-96b6-9fb26d6d0012', 'organization_member'),
('32fe5efe-2f1e-4d6b-b136-631c35fe52b2', 'd0477f56-cec9-4dab-b9a3-6cde87c7815c', '2024-11-05 09:03:45+00', 'e1fb6714-5e71-4fde-9f39-600bb65d8e5e', 'organization_member'),
('0a11114d-1e13-4e2d-ae3c-a0fc94cee5e0', '0651419f-1b75-4fa1-aa0e-394aacb9ac93', '2025-02-13 10:37:12+00', 'c720f0a2-3944-4c83-8cf4-5daa37d930d8', 'organization_member'),
('32fe5efe-2f1e-4d6b-b136-631c35fe52b2', '6c3c312f-afe1-4acd-a05b-7aafaef80e90', '2024-05-28 03:26:52+00', 'e1fb6714-5e71-4fde-9f39-600bb65d8e5e', 'organization_member'),
('b4732c83-ccb0-4089-a8ea-9215b8194317', '213f77f3-5314-4ccd-b6fe-8561a6aa43ce', '2025-04-01 07:52:39+00', 'cde55a4a-f91a-4ec0-9dc8-076c9db7b453', 'organization_member'),
('dcc7c867-57b7-463b-a512-5c48a08ad8aa', '91c8b514-3680-4144-b86b-ac78fc50dfd4', '2025-07-09 13:01:20+00', 'b708b03a-fd3b-4542-96ec-24417326421a', 'organization_admin'),
('6db86b70-0aef-41dc-9bff-6b88fe7b825a', '76ef2f81-ffa3-4b56-b73b-e3ae5d093f46', '2025-05-29 15:29:41+00', '4396c3c4-17e8-461c-8e5f-f4bbd1f1f140', 'organization_member'),
('ed88bd78-a1cc-43d4-88ca-f7287ad14501', 'f4c93670-a460-48b2-b06d-1ade4f612bb4', '2025-02-10 17:08:57+00', '40569079-6621-43c6-9e4d-80caf9c5d2d6', 'organization_admin'),
('dcc7c867-57b7-463b-a512-5c48a08ad8aa', 'b90ecb9f-1635-454e-bf05-f0e8ebfa9e41', '2025-05-09 10:02:56+00', '91c8b514-3680-4144-b86b-ac78fc50dfd4', 'organization_member'),
('9cb3290d-86cf-43de-85f3-8b621007d65d', 'e6920694-9a53-4c7c-8bbd-056be43c8482', '2024-04-27 00:24:46+00', 'fd6ea328-4011-4753-8b13-68013dda7f0e', 'organization_member'),
('64c799d9-f2f8-4d20-925d-abe28a634611', '34025ff9-4160-45ec-8695-8a7e44ea3a33', '2024-06-05 05:00:09+00', '77f38379-1552-4652-8e2d-7e0a8cea379c', 'organization_member'),
('d9abe56a-3513-43f8-8416-a1b569f537ac', 'bd4e90a4-3007-43f6-a948-891692652f3c', '2024-05-20 03:25:30+00', '9fe89fb4-301f-47e4-9903-c6d929c612fc', 'organization_member'),
('0a11114d-1e13-4e2d-ae3c-a0fc94cee5e0', 'b741a4d3-d545-438f-88df-c750685661d9', '2024-12-29 10:40:04+00', 'c720f0a2-3944-4c83-8cf4-5daa37d930d8', 'organization_member'),
('32fe5efe-2f1e-4d6b-b136-631c35fe52b2', '5ba2cac2-848e-4c9e-a654-75d4c4eda490', '2025-09-11 06:45:39+00', 'e1fb6714-5e71-4fde-9f39-600bb65d8e5e', 'organization_member'),
('d9abe56a-3513-43f8-8416-a1b569f537ac', '60d81428-60a4-4365-9d11-1b3e5f4c6f8e', '2025-08-07 14:01:37+00', '9fe89fb4-301f-47e4-9903-c6d929c612fc', 'organization_member'),
('ed88bd78-a1cc-43d4-88ca-f7287ad14501', '63072f2c-11bd-4845-aae7-5ae97e2504e9', '2024-07-18 22:36:35+00', 'f4c93670-a460-48b2-b06d-1ade4f612bb4', 'organization_member'),
('98eacfd6-6ff4-4925-a954-036c8712f200', 'f5ccee0a-e45c-4c4b-9de4-31da4bf1fa08', '2025-03-25 11:51:44+00', '9da1a68c-161a-4cf6-9aed-3aeb0dca81a5', 'organization_member'),
('98eacfd6-6ff4-4925-a954-036c8712f200', '3bd83506-749d-459b-94c1-64578600cffb', '2024-08-30 01:08:52+00', '9da1a68c-161a-4cf6-9aed-3aeb0dca81a5', 'organization_member'),
('ed88bd78-a1cc-43d4-88ca-f7287ad14501', 'd535f245-7b2a-4223-a38a-859861d2dac1', '2024-01-24 11:25:17+00', 'f4c93670-a460-48b2-b06d-1ade4f612bb4', 'organization_member'),
('b4732c83-ccb0-4089-a8ea-9215b8194317', 'bf15d18d-141e-494f-97e4-f54a961821f9', '2024-03-22 05:45:50+00', 'cde55a4a-f91a-4ec0-9dc8-076c9db7b453', 'organization_member'),
('32fe5efe-2f1e-4d6b-b136-631c35fe52b2', 'c9215d9c-d08a-4256-9e0a-eaa27b22fa21', '2024-10-17 04:21:50+00', 'e1fb6714-5e71-4fde-9f39-600bb65d8e5e', 'organization_member'),
('0a11114d-1e13-4e2d-ae3c-a0fc94cee5e0', 'f10c2949-2319-4cf1-b0d2-3de20c7c2b92', '2024-05-08 21:11:24+00', 'c720f0a2-3944-4c83-8cf4-5daa37d930d8', 'organization_member'),
('b1f9ee38-8733-49df-9e53-7bd280be56d0', '2775d3f7-bf82-49cc-9f94-51d7c974e68f', '2024-10-07 06:00:50+00', 'eb936988-d155-4049-a37d-b2e80b5d49fb', 'organization_member'),
('9d00b0e5-382b-45b9-a9f5-15bcf57278e2', 'e95d7089-95d8-47c6-a19e-0618bdb7057b', '2025-03-03 03:13:14+00', '6f96e3c9-b622-4515-96b6-9fb26d6d0012', 'organization_member'),
('0a11114d-1e13-4e2d-ae3c-a0fc94cee5e0', '2f8aa67b-9c4e-4327-958a-feb292874ed8', '2024-12-06 20:57:50+00', 'c720f0a2-3944-4c83-8cf4-5daa37d930d8', 'organization_member'),
('9cb3290d-86cf-43de-85f3-8b621007d65d', '79bc0f25-01c9-4258-93a4-3ed8e3f88af3', '2025-03-20 14:06:44+00', 'fd6ea328-4011-4753-8b13-68013dda7f0e', 'organization_member'),
('32fe5efe-2f1e-4d6b-b136-631c35fe52b2', '57d8d89a-6b33-4c12-8665-ab0482be16b2', '2025-07-01 15:51:00+00', 'e1fb6714-5e71-4fde-9f39-600bb65d8e5e', 'organization_member'),
('1d17b0d9-5722-4236-8fe9-b173c39a97bb', 'b93ba2d4-ca5c-41ce-8817-f3b9dae568ed', '2024-08-26 09:53:58+00', '0225f4be-0dd5-4a59-9bb8-a187c4a0390f', 'organization_member'),
('98eacfd6-6ff4-4925-a954-036c8712f200', 'a5a9dfe0-2320-4b6a-b824-083417a7f537', '2024-02-24 02:38:07+00', '9da1a68c-161a-4cf6-9aed-3aeb0dca81a5', 'organization_member'),
('ed88bd78-a1cc-43d4-88ca-f7287ad14501', 'e4f5a9d5-fd61-4fa7-b614-e4b6ac14bab2', '2024-11-28 14:45:45+00', 'f4c93670-a460-48b2-b06d-1ade4f612bb4', 'organization_member'),
('64c799d9-f2f8-4d20-925d-abe28a634611', '8e496aa1-47b3-458e-acee-62e4b3e3b94e', '2024-04-09 17:01:41+00', '77f38379-1552-4652-8e2d-7e0a8cea379c', 'organization_member'),
('32fe5efe-2f1e-4d6b-b136-631c35fe52b2', '76c88536-57ee-4e68-af48-ff0c88a4fb04', '2024-02-21 01:13:52+00', 'e1fb6714-5e71-4fde-9f39-600bb65d8e5e', 'organization_member'),
('0a11114d-1e13-4e2d-ae3c-a0fc94cee5e0', 'ae8c76d2-857a-4409-bfe2-a5a5bfd948ea', '2025-03-11 04:39:45+00', 'c720f0a2-3944-4c83-8cf4-5daa37d930d8', 'organization_member'),
('ed88bd78-a1cc-43d4-88ca-f7287ad14501', '66837125-47d5-4091-af54-ee7701d06444', '2025-09-10 01:24:25+00', 'f4c93670-a460-48b2-b06d-1ade4f612bb4', 'organization_member'),
('d9abe56a-3513-43f8-8416-a1b569f537ac', '8783249f-b395-4003-8a71-f4f20f4a0312', '2024-05-11 18:27:48+00', '9fe89fb4-301f-47e4-9903-c6d929c612fc', 'organization_member'),
('a0611b70-9952-4770-a305-9f79cfdfb10c', 'f796ab33-4c98-4071-b71e-c22ec96d8630', '2024-03-09 03:32:07+00', 'dcc1cb4f-21e1-4c95-8831-795135845e13', 'organization_member'),
('b4732c83-ccb0-4089-a8ea-9215b8194317', 'c170bbb7-37b3-45d8-8392-fb87a4c36a9b', '2024-05-01 04:07:35+00', 'cde55a4a-f91a-4ec0-9dc8-076c9db7b453', 'organization_member'),
('32fe5efe-2f1e-4d6b-b136-631c35fe52b2', '1843e73e-c8ec-474b-bac4-7b4e5d2009f6', '2024-09-19 00:09:13+00', 'e1fb6714-5e71-4fde-9f39-600bb65d8e5e', 'organization_member'),
('0a11114d-1e13-4e2d-ae3c-a0fc94cee5e0', 'd8e2904e-2136-4c14-aedd-e1c820853dd3', '2024-03-21 06:55:35+00', 'c720f0a2-3944-4c83-8cf4-5daa37d930d8', 'organization_member'),
('98eacfd6-6ff4-4925-a954-036c8712f200', '2f3f9897-3f6a-4a57-a545-3ffac06e8513', '2025-03-31 04:41:56+00', '9da1a68c-161a-4cf6-9aed-3aeb0dca81a5', 'organization_member'),
('1d17b0d9-5722-4236-8fe9-b173c39a97bb', '7e5689b4-d597-4769-a887-5792ec1a8fe2', '2024-10-05 16:05:03+00', '0225f4be-0dd5-4a59-9bb8-a187c4a0390f', 'organization_member'),
('98eacfd6-6ff4-4925-a954-036c8712f200', '285d3c15-7589-48ee-abf4-0af22831171d', '2025-09-01 06:50:41+00', '9da1a68c-161a-4cf6-9aed-3aeb0dca81a5', 'organization_member'),
('0a11114d-1e13-4e2d-ae3c-a0fc94cee5e0', '420e549e-aa62-48f9-82a3-d5cfd7d49097', '2024-03-04 16:42:06+00', 'c720f0a2-3944-4c83-8cf4-5daa37d930d8', 'organization_member'),
('98eacfd6-6ff4-4925-a954-036c8712f200', '50bbb7be-ecdb-4f02-b2c3-e5a4f646dad1', '2025-07-01 20:59:44+00', '9da1a68c-161a-4cf6-9aed-3aeb0dca81a5', 'organization_member'),
('9108e1ad-08d4-4ab7-bac7-0e9bbfb6f2ed', '97102163-e282-442b-8366-0c33c260255b', '2024-08-29 07:47:27+00', '23a99e72-75e2-4129-86c3-b95fc7279efc', 'organization_member'),
('b4732c83-ccb0-4089-a8ea-9215b8194317', '9df28abe-9202-4af5-9eb4-695e9c2408bf', '2024-02-16 21:15:48+00', 'cde55a4a-f91a-4ec0-9dc8-076c9db7b453', 'organization_member'),
('9cb3290d-86cf-43de-85f3-8b621007d65d', 'be86f8c4-2d4f-424d-aa32-1239c4a3aa68', '2024-05-12 08:12:26+00', 'fd6ea328-4011-4753-8b13-68013dda7f0e', 'organization_member'),
('33de84cd-42b7-4fd6-a7ba-7fef0ae05fdf', 'c79d5177-ab20-4113-a726-e154dd959161', '2024-06-02 17:53:26+00', 'd084ddb4-d6af-44b8-9d1e-147c956e8083', 'organization_member'),
('9108e1ad-08d4-4ab7-bac7-0e9bbfb6f2ed', '9b592950-c21d-4d53-8a94-9ecb3492be59', '2024-04-20 18:18:16+00', '23a99e72-75e2-4129-86c3-b95fc7279efc', 'organization_member'),
('6db86b70-0aef-41dc-9bff-6b88fe7b825a', '3f6ce485-b223-46cf-8917-eff89269a662', '2024-10-03 14:29:56+00', '4396c3c4-17e8-461c-8e5f-f4bbd1f1f140', 'organization_member'),
('d632c28d-7a32-421d-b18b-29993133a618', 'fb41aa09-3b69-4100-9309-ee743361b7ad', '2024-08-09 13:55:20+00', '8a99fad2-0537-4017-b282-4f85ce643131', 'organization_member'),
('43520bff-313e-45fb-b5cf-e1254d043fcd', '0402363c-b099-4643-87f7-5e0e40de6f6d', '2024-01-08 12:40:30+00', 'f2240e4c-bff4-4324-908e-f6b604eb951c', 'organization_member'),
('0a11114d-1e13-4e2d-ae3c-a0fc94cee5e0', 'd8612372-17ea-47d4-b9b0-a2a65564b309', '2025-09-06 08:49:12+00', 'c720f0a2-3944-4c83-8cf4-5daa37d930d8', 'organization_member'),
('dcc7c867-57b7-463b-a512-5c48a08ad8aa', 'b3955f39-70ae-4850-b160-c7ca4e406189', '2024-10-08 16:18:45+00', '91c8b514-3680-4144-b86b-ac78fc50dfd4', 'organization_member'),
('9108e1ad-08d4-4ab7-bac7-0e9bbfb6f2ed', '7b25718b-adda-40b8-8ba4-9f28b313b54d', '2025-05-04 07:57:45+00', '23a99e72-75e2-4129-86c3-b95fc7279efc', 'organization_member'),
('d632c28d-7a32-421d-b18b-29993133a618', 'bd293ec5-b29b-4ed5-a9de-113859d216bc', '2025-06-03 20:46:33+00', '8a99fad2-0537-4017-b282-4f85ce643131', 'organization_member'),
('32fe5efe-2f1e-4d6b-b136-631c35fe52b2', 'ddd1c527-0687-4e19-8867-4cfdf36e4b43', '2024-01-12 07:04:25+00', 'e1fb6714-5e71-4fde-9f39-600bb65d8e5e', 'organization_member'),
('944d4730-c8b6-4a35-a2cd-7d2d3af443bc', 'f0998fec-1c2b-440f-bb28-62dd602f210b', '2024-05-05 11:20:54+00', '1ea52d20-c358-4974-b40f-2fcff27411df', 'organization_member'),
('64c799d9-f2f8-4d20-925d-abe28a634611', '7669a53f-b3bf-4e08-9d8e-d07bb348b7f9', '2024-01-27 17:39:04+00', '77f38379-1552-4652-8e2d-7e0a8cea379c', 'organization_member'),
('6db86b70-0aef-41dc-9bff-6b88fe7b825a', '3b69ff89-ba55-41aa-9fff-7ad6587d23e2', '2025-06-23 17:34:45+00', '4396c3c4-17e8-461c-8e5f-f4bbd1f1f140', 'organization_member'),
('43520bff-313e-45fb-b5cf-e1254d043fcd', '7d43931e-51a3-4e07-9762-b0c2b099f982', '2024-12-08 11:09:53+00', 'f2240e4c-bff4-4324-908e-f6b604eb951c', 'organization_member'),
('a0611b70-9952-4770-a305-9f79cfdfb10c', 'ef0414a2-5480-451c-b822-464571d0c961', '2024-10-08 11:02:03+00', 'dcc1cb4f-21e1-4c95-8831-795135845e13', 'organization_member'),
('43520bff-313e-45fb-b5cf-e1254d043fcd', '8d1a9ec2-9d9e-4877-a246-1f3406b3ea68', '2024-05-25 17:25:29+00', 'f2240e4c-bff4-4324-908e-f6b604eb951c', 'organization_member'),
('9cb3290d-86cf-43de-85f3-8b621007d65d', 'a359f51c-d494-45d5-824d-9cd44223cbb8', '2025-06-20 21:37:04+00', 'fd6ea328-4011-4753-8b13-68013dda7f0e', 'organization_member'),
('ed88bd78-a1cc-43d4-88ca-f7287ad14501', 'a18ad162-2aa3-4589-a777-e83af9659f74', '2024-07-18 12:08:07+00', 'f4c93670-a460-48b2-b06d-1ade4f612bb4', 'organization_member'),
('64c799d9-f2f8-4d20-925d-abe28a634611', 'aee337bd-92d3-4b43-a9db-f819037486d5', '2024-12-02 02:00:50+00', '77f38379-1552-4652-8e2d-7e0a8cea379c', 'organization_member'),
('b4732c83-ccb0-4089-a8ea-9215b8194317', '9614bed2-85a9-45b8-95ea-ada8de9ac54f', '2024-01-03 15:25:25+00', 'cde55a4a-f91a-4ec0-9dc8-076c9db7b453', 'organization_member'),
('1d17b0d9-5722-4236-8fe9-b173c39a97bb', '235d0a38-5053-4cfe-abb6-cc829674dba7', '2025-04-06 02:57:39+00', '0225f4be-0dd5-4a59-9bb8-a187c4a0390f', 'organization_member'),
('6db86b70-0aef-41dc-9bff-6b88fe7b825a', '8435784a-1250-4f29-9b45-c729e00d93d3', '2024-09-17 20:39:09+00', '4396c3c4-17e8-461c-8e5f-f4bbd1f1f140', 'organization_member'),
('6db86b70-0aef-41dc-9bff-6b88fe7b825a', '61830a0b-692d-4c95-8101-46e49dc2c7c7', '2025-03-15 05:57:24+00', '4396c3c4-17e8-461c-8e5f-f4bbd1f1f140', 'organization_member'),
('ed88bd78-a1cc-43d4-88ca-f7287ad14501', '9dc28db1-99de-4a28-8d3b-bc9c8885e9e5', '2025-01-07 05:06:15+00', 'f4c93670-a460-48b2-b06d-1ade4f612bb4', 'organization_member'),
('98eacfd6-6ff4-4925-a954-036c8712f200', 'd490fc73-b715-469d-9309-0487e9230082', '2024-03-27 22:39:13+00', '9da1a68c-161a-4cf6-9aed-3aeb0dca81a5', 'organization_member'),
('6db86b70-0aef-41dc-9bff-6b88fe7b825a', '93216796-dee2-4814-9613-805d3daa9515', '2024-10-23 13:08:23+00', '4396c3c4-17e8-461c-8e5f-f4bbd1f1f140', 'organization_member'),
('d9abe56a-3513-43f8-8416-a1b569f537ac', '5c251bd3-e6e9-4afe-a23e-79d587bd3c7c', '2024-12-12 11:35:16+00', '9fe89fb4-301f-47e4-9903-c6d929c612fc', 'organization_member'),
('1d17b0d9-5722-4236-8fe9-b173c39a97bb', '6c08321a-0a5f-4045-a3cd-4888460591a1', '2025-06-11 12:13:18+00', '0225f4be-0dd5-4a59-9bb8-a187c4a0390f', 'organization_member'),
('b4732c83-ccb0-4089-a8ea-9215b8194317', 'fe20b3be-fd2d-480d-8560-bd5c367b5c71', '2025-04-03 07:02:55+00', 'cde55a4a-f91a-4ec0-9dc8-076c9db7b453', 'organization_member'),
('d632c28d-7a32-421d-b18b-29993133a618', '98413eec-9cd3-4b8a-bd3d-d6db7b7b01be', '2025-08-05 06:41:46+00', '8a99fad2-0537-4017-b282-4f85ce643131', 'organization_member'),
('d632c28d-7a32-421d-b18b-29993133a618', '6504e69d-d73d-4ab6-91d7-5f8920c05efe', '2024-12-25 01:46:52+00', '8a99fad2-0537-4017-b282-4f85ce643131', 'organization_member'),
('ed88bd78-a1cc-43d4-88ca-f7287ad14501', 'd05dd2e0-d177-46a9-a2f9-78606d037d81', '2024-01-24 17:31:26+00', 'f4c93670-a460-48b2-b06d-1ade4f612bb4', 'organization_member'),
('d9abe56a-3513-43f8-8416-a1b569f537ac', '4df97543-6c91-4b16-8866-4f2117719959', '2024-11-23 06:52:20+00', '9fe89fb4-301f-47e4-9903-c6d929c612fc', 'organization_member'),
('33de84cd-42b7-4fd6-a7ba-7fef0ae05fdf', '730d2588-70f8-41c5-b7d4-a138ef99cc1f', '2025-01-02 22:09:04+00', 'd084ddb4-d6af-44b8-9d1e-147c956e8083', 'organization_member'),
('9cb3290d-86cf-43de-85f3-8b621007d65d', '709a6309-4731-488c-82a2-c32cd9260882', '2025-07-15 16:33:39+00', 'fd6ea328-4011-4753-8b13-68013dda7f0e', 'organization_member'),
('6db86b70-0aef-41dc-9bff-6b88fe7b825a', 'e4f11c1f-291b-4261-9521-7d7f91b94539', '2025-07-24 21:30:12+00', '4396c3c4-17e8-461c-8e5f-f4bbd1f1f140', 'organization_member'),
('1d17b0d9-5722-4236-8fe9-b173c39a97bb', '92b7c8c7-0161-4319-a2b5-a5ca672879c1', '2024-05-03 20:52:15+00', '0225f4be-0dd5-4a59-9bb8-a187c4a0390f', 'organization_member'),
('64c799d9-f2f8-4d20-925d-abe28a634611', '4c050883-a9e1-47f7-bca9-9ffead24c259', '2025-03-21 12:35:51+00', '77f38379-1552-4652-8e2d-7e0a8cea379c', 'organization_member'),
('1d76a3fc-a879-4d16-844e-8498fd0c1e3d', '5c5be448-bd51-48c7-ab91-eb16f7961ce3', '2025-05-05 06:51:13+00', 'b708b03a-fd3b-4542-96ec-24417326421a', 'organization_admin'),
('d9abe56a-3513-43f8-8416-a1b569f537ac', '8bdbcc41-2313-4d1c-b8ca-5bd3b809745f', '2024-09-17 19:32:45+00', '9fe89fb4-301f-47e4-9903-c6d929c612fc', 'organization_member'),
('b4732c83-ccb0-4089-a8ea-9215b8194317', '2b0aefb6-79c7-441c-9376-e456db19b50b', '2024-07-27 05:52:57+00', 'cde55a4a-f91a-4ec0-9dc8-076c9db7b453', 'organization_member'),
('6db86b70-0aef-41dc-9bff-6b88fe7b825a', 'af6533f0-5ab1-4ebf-9978-3fe942ecfdcb', '2024-11-01 08:44:45+00', '4396c3c4-17e8-461c-8e5f-f4bbd1f1f140', 'organization_member'),
('a0611b70-9952-4770-a305-9f79cfdfb10c', '8b5802c1-74fc-417a-acc9-5d5784956b4b', '2024-10-04 07:50:17+00', 'dcc1cb4f-21e1-4c95-8831-795135845e13', 'organization_member'),
('b4732c83-ccb0-4089-a8ea-9215b8194317', '9483953b-aabf-40a0-889d-a3e2d018ac63', '2025-03-13 21:49:37+00', 'cde55a4a-f91a-4ec0-9dc8-076c9db7b453', 'organization_member'),
('a0611b70-9952-4770-a305-9f79cfdfb10c', '71fdea39-2e00-4dca-b214-29ad3251fae3', '2024-04-16 05:10:18+00', 'dcc1cb4f-21e1-4c95-8831-795135845e13', 'organization_member'),
('b1f9ee38-8733-49df-9e53-7bd280be56d0', '131451c5-1136-4cc9-b4ef-878b21594e73', '2024-11-14 18:26:41+00', 'eb936988-d155-4049-a37d-b2e80b5d49fb', 'organization_member'),
('1d76a3fc-a879-4d16-844e-8498fd0c1e3d', '457802bc-f76f-42f1-b12a-32dcc41608a2', '2024-05-25 14:43:47+00', '5c5be448-bd51-48c7-ab91-eb16f7961ce3', 'organization_member'),
('1d17b0d9-5722-4236-8fe9-b173c39a97bb', 'cc3fe785-ed37-439d-9748-3108b32f1e50', '2025-03-11 18:17:30+00', '0225f4be-0dd5-4a59-9bb8-a187c4a0390f', 'organization_member'),
('b1f9ee38-8733-49df-9e53-7bd280be56d0', 'cf822dc2-eee6-4e27-af69-1e8e3ebb38d2', '2025-08-26 20:52:42+00', 'eb936988-d155-4049-a37d-b2e80b5d49fb', 'organization_member'),
('98eacfd6-6ff4-4925-a954-036c8712f200', 'eb4ec68f-f4de-4be5-bf74-a07208dafc44', '2025-01-06 15:42:33+00', '9da1a68c-161a-4cf6-9aed-3aeb0dca81a5', 'organization_member'),
('d632c28d-7a32-421d-b18b-29993133a618', 'b65d9dc7-6db5-40c9-a610-da384d13930a', '2024-07-27 05:51:10+00', '8a99fad2-0537-4017-b282-4f85ce643131', 'organization_member'),
('33de84cd-42b7-4fd6-a7ba-7fef0ae05fdf', '20cd5a8c-859a-46cc-b29e-8eccf67a6381', '2024-06-11 11:04:07+00', 'd084ddb4-d6af-44b8-9d1e-147c956e8083', 'organization_member'),
('1d17b0d9-5722-4236-8fe9-b173c39a97bb', 'e484c288-096c-42f9-a6cd-6ee39fc7d664', '2024-09-09 06:25:15+00', '0225f4be-0dd5-4a59-9bb8-a187c4a0390f', 'organization_member'),
('d9abe56a-3513-43f8-8416-a1b569f537ac', '3b45782d-ed4b-4a05-9784-3371008d85d9', '2024-05-09 00:36:13+00', '9fe89fb4-301f-47e4-9903-c6d929c612fc', 'organization_member'),
('9d00b0e5-382b-45b9-a9f5-15bcf57278e2', '73a3f2cd-1023-4404-ba7a-483149cb7350', '2024-09-23 11:50:02+00', '6f96e3c9-b622-4515-96b6-9fb26d6d0012', 'organization_member'),
('944d4730-c8b6-4a35-a2cd-7d2d3af443bc', 'f6fb2322-9a5f-468e-b0e2-4a62f8dfedad', '2024-11-07 02:39:24+00', '1ea52d20-c358-4974-b40f-2fcff27411df', 'organization_member'),
('ed88bd78-a1cc-43d4-88ca-f7287ad14501', '10270f41-8d77-4049-aaad-949f538970dd', '2024-09-10 00:41:43+00', 'f4c93670-a460-48b2-b06d-1ade4f612bb4', 'organization_member'),
('1d17b0d9-5722-4236-8fe9-b173c39a97bb', '204ed978-f7a3-476c-a3d4-027732f38e3a', '2024-03-29 21:19:15+00', '0225f4be-0dd5-4a59-9bb8-a187c4a0390f', 'organization_member'),
('1d17b0d9-5722-4236-8fe9-b173c39a97bb', 'f997d0b9-6210-44df-957a-ba363d338dd0', '2025-08-31 15:46:16+00', '0225f4be-0dd5-4a59-9bb8-a187c4a0390f', 'organization_member'),
('d9abe56a-3513-43f8-8416-a1b569f537ac', 'cdbc3acd-d975-40a7-a2ff-8053dd804a19', '2024-02-21 02:13:58+00', '9fe89fb4-301f-47e4-9903-c6d929c612fc', 'organization_member'),
('43520bff-313e-45fb-b5cf-e1254d043fcd', '49719dac-858c-4183-b296-a4b1f517032f', '2024-09-04 23:55:11+00', 'f2240e4c-bff4-4324-908e-f6b604eb951c', 'organization_member'),
('64c799d9-f2f8-4d20-925d-abe28a634611', '2e28aa81-365d-441e-b99f-53a60a20d56a', '2024-08-25 07:48:05+00', '77f38379-1552-4652-8e2d-7e0a8cea379c', 'organization_member'),
('0a11114d-1e13-4e2d-ae3c-a0fc94cee5e0', 'b1302084-2afa-4c3c-8db1-1a3d1406d1cc', '2024-03-30 03:12:43+00', 'c720f0a2-3944-4c83-8cf4-5daa37d930d8', 'organization_member'),
('64c799d9-f2f8-4d20-925d-abe28a634611', '2193b9c4-c5a6-4e2b-bf9e-300f6e10b132', '2024-09-03 22:25:08+00', '77f38379-1552-4652-8e2d-7e0a8cea379c', 'organization_member'),
('b4732c83-ccb0-4089-a8ea-9215b8194317', '861a8b55-a197-48c7-896d-968a19604cf1', '2025-07-20 08:57:43+00', 'cde55a4a-f91a-4ec0-9dc8-076c9db7b453', 'organization_member'),
('1d76a3fc-a879-4d16-844e-8498fd0c1e3d', 'b7a08e12-ce1b-4276-ac09-9518d35cf35e', '2024-05-11 16:14:16+00', '5c5be448-bd51-48c7-ab91-eb16f7961ce3', 'organization_member'),
('32fe5efe-2f1e-4d6b-b136-631c35fe52b2', 'ed3b7092-2831-41c2-9982-90ec7562a28a', '2024-10-02 06:47:33+00', 'e1fb6714-5e71-4fde-9f39-600bb65d8e5e', 'organization_member'),
('9d00b0e5-382b-45b9-a9f5-15bcf57278e2', '215d2504-4909-4f4c-9d7d-39242048b859', '2025-08-15 20:51:31+00', '6f96e3c9-b622-4515-96b6-9fb26d6d0012', 'organization_member'),
('9cb3290d-86cf-43de-85f3-8b621007d65d', '73b83f24-4b6a-47e6-8c1e-46312cd03090', '2025-08-08 23:59:54+00', 'fd6ea328-4011-4753-8b13-68013dda7f0e', 'organization_member'),
('d9abe56a-3513-43f8-8416-a1b569f537ac', '2cb501c7-47bc-45ac-ac8c-486991552b2d', '2025-09-02 01:48:22+00', '9fe89fb4-301f-47e4-9903-c6d929c612fc', 'organization_member'),
('1d17b0d9-5722-4236-8fe9-b173c39a97bb', '06427a0a-a45f-463f-b82d-5a6dd375c887', '2025-02-23 20:22:38+00', '0225f4be-0dd5-4a59-9bb8-a187c4a0390f', 'organization_member'),
('dcc7c867-57b7-463b-a512-5c48a08ad8aa', '3b474b0e-9bad-4ef4-b474-121b700ea9cb', '2024-10-06 10:56:25+00', '91c8b514-3680-4144-b86b-ac78fc50dfd4', 'organization_member'),
('9d00b0e5-382b-45b9-a9f5-15bcf57278e2', '1d33267b-7ee6-4688-bb95-bace0ddad92f', '2024-12-27 16:20:41+00', '6f96e3c9-b622-4515-96b6-9fb26d6d0012', 'organization_member'),
('9d00b0e5-382b-45b9-a9f5-15bcf57278e2', 'af36c8bb-83a9-4d48-a7d6-01f3b529e7a2', '2024-04-17 18:58:12+00', '6f96e3c9-b622-4515-96b6-9fb26d6d0012', 'organization_member'),
('a0611b70-9952-4770-a305-9f79cfdfb10c', '8110f5d3-d5a5-417f-b623-d62712712711', '2025-04-01 23:32:33+00', 'dcc1cb4f-21e1-4c95-8831-795135845e13', 'organization_member'),
('9108e1ad-08d4-4ab7-bac7-0e9bbfb6f2ed', '1a5bcdf8-42e2-4071-8182-4642db624b5e', '2024-06-19 20:01:02+00', '23a99e72-75e2-4129-86c3-b95fc7279efc', 'organization_member'),
('9108e1ad-08d4-4ab7-bac7-0e9bbfb6f2ed', '2f8879a3-c919-435c-b05c-458909876b70', '2025-04-13 17:18:22+00', '23a99e72-75e2-4129-86c3-b95fc7279efc', 'organization_member'),
('d632c28d-7a32-421d-b18b-29993133a618', '3f4595a6-42f3-42d9-b10f-6111e8e68fd2', '2025-01-06 02:41:55+00', '8a99fad2-0537-4017-b282-4f85ce643131', 'organization_member'),
('b4732c83-ccb0-4089-a8ea-9215b8194317', '2e74280a-aaab-4e8d-8a15-58fe0b92db82', '2024-06-30 03:15:04+00', 'cde55a4a-f91a-4ec0-9dc8-076c9db7b453', 'organization_member'),
('dcc7c867-57b7-463b-a512-5c48a08ad8aa', 'b809c6ea-11f7-4a30-a837-72e6e2b4b406', '2024-10-13 11:27:45+00', '91c8b514-3680-4144-b86b-ac78fc50dfd4', 'organization_member'),
('ed88bd78-a1cc-43d4-88ca-f7287ad14501', 'a87376cb-8026-413c-b5f8-fe2ca553ce47', '2024-03-30 01:53:09+00', 'f4c93670-a460-48b2-b06d-1ade4f612bb4', 'organization_member'),
('b4732c83-ccb0-4089-a8ea-9215b8194317', '5f50975a-7877-447a-92b7-cdadabb1a01a', '2025-07-23 17:56:52+00', 'cde55a4a-f91a-4ec0-9dc8-076c9db7b453', 'organization_member'),
('d632c28d-7a32-421d-b18b-29993133a618', 'fa9c356c-1d78-4795-a8d1-70f501c63508', '2024-11-21 09:33:33+00', '8a99fad2-0537-4017-b282-4f85ce643131', 'organization_member'),
('6db86b70-0aef-41dc-9bff-6b88fe7b825a', 'f891977e-9ffa-4c35-a0b6-cd109804d61e', '2024-08-03 12:54:20+00', '4396c3c4-17e8-461c-8e5f-f4bbd1f1f140', 'organization_member'),
('64c799d9-f2f8-4d20-925d-abe28a634611', 'ff3831d0-68a9-4422-adcf-bf5c7ef3f956', '2025-01-02 19:11:58+00', '77f38379-1552-4652-8e2d-7e0a8cea379c', 'organization_member'),
('43520bff-313e-45fb-b5cf-e1254d043fcd', '2b74f146-46e2-4115-8ffc-42d839ee98bd', '2025-05-22 22:44:18+00', 'f2240e4c-bff4-4324-908e-f6b604eb951c', 'organization_member'),
('0a11114d-1e13-4e2d-ae3c-a0fc94cee5e0', 'e4c7afce-f829-48e4-94dc-256c4ff5754a', '2024-07-27 00:11:51+00', 'c720f0a2-3944-4c83-8cf4-5daa37d930d8', 'organization_member'),
('d632c28d-7a32-421d-b18b-29993133a618', '2091cb3a-6059-4743-ac79-403916835135', '2024-09-20 02:59:46+00', '8a99fad2-0537-4017-b282-4f85ce643131', 'organization_member'),
('43520bff-313e-45fb-b5cf-e1254d043fcd', '5675bf4f-7114-4cb7-963a-c08c65b06614', '2024-12-11 15:26:15+00', 'f2240e4c-bff4-4324-908e-f6b604eb951c', 'organization_member'),
('32fe5efe-2f1e-4d6b-b136-631c35fe52b2', '154cff42-3ee8-423a-a0e5-8bc76da71ae4', '2024-10-19 20:11:12+00', 'e1fb6714-5e71-4fde-9f39-600bb65d8e5e', 'organization_member'),
('b4732c83-ccb0-4089-a8ea-9215b8194317', 'd082c4d8-52ce-408c-bf6f-984ac0af23cd', '2025-04-15 02:52:33+00', 'cde55a4a-f91a-4ec0-9dc8-076c9db7b453', 'organization_member'),
('d632c28d-7a32-421d-b18b-29993133a618', '8c38709f-7865-4580-93b5-0311891e3559', '2024-04-05 03:01:55+00', '8a99fad2-0537-4017-b282-4f85ce643131', 'organization_member'),
('0a11114d-1e13-4e2d-ae3c-a0fc94cee5e0', '1175c58e-0198-4831-b904-9d2f7dd4dc9a', '2024-10-03 01:13:11+00', 'c720f0a2-3944-4c83-8cf4-5daa37d930d8', 'organization_member'),
('64c799d9-f2f8-4d20-925d-abe28a634611', '80048a8c-475f-4467-a0f0-6d2f254af4dc', '2024-05-05 16:49:22+00', '77f38379-1552-4652-8e2d-7e0a8cea379c', 'organization_member'),
('944d4730-c8b6-4a35-a2cd-7d2d3af443bc', '2e487439-12fc-49b9-bbf8-ee7d74814da9', '2024-10-25 02:08:58+00', '1ea52d20-c358-4974-b40f-2fcff27411df', 'organization_member'),
('1d76a3fc-a879-4d16-844e-8498fd0c1e3d', '3c8a68d1-b03f-4382-b8ef-450e93120f79', '2025-03-31 09:48:16+00', '5c5be448-bd51-48c7-ab91-eb16f7961ce3', 'organization_member'),
('d9abe56a-3513-43f8-8416-a1b569f537ac', '0398e8cc-e0e5-4b66-a796-6c78ad511b9a', '2025-07-02 21:11:09+00', '9fe89fb4-301f-47e4-9903-c6d929c612fc', 'organization_member'),
('9108e1ad-08d4-4ab7-bac7-0e9bbfb6f2ed', 'e9dcc85c-4fb6-495b-a3a5-9c3bc5c9f81c', '2024-09-28 02:32:34+00', '23a99e72-75e2-4129-86c3-b95fc7279efc', 'organization_member'),
('0a11114d-1e13-4e2d-ae3c-a0fc94cee5e0', 'db615c7e-35d3-46b6-8653-f261c8adc66f', '2025-03-02 19:41:37+00', 'c720f0a2-3944-4c83-8cf4-5daa37d930d8', 'organization_member'),
('944d4730-c8b6-4a35-a2cd-7d2d3af443bc', 'edaa561b-c454-4ad2-b746-d8adf4953331', '2024-02-27 11:59:46+00', '1ea52d20-c358-4974-b40f-2fcff27411df', 'organization_member'),
('9108e1ad-08d4-4ab7-bac7-0e9bbfb6f2ed', '22c08c0e-22f0-4f2b-9347-e52b07e3f493', '2024-05-29 13:39:57+00', '23a99e72-75e2-4129-86c3-b95fc7279efc', 'organization_member'),
('64c799d9-f2f8-4d20-925d-abe28a634611', 'f76c898f-bbb8-4b2a-aed7-bfad1a528ed7', '2024-08-02 05:32:29+00', '77f38379-1552-4652-8e2d-7e0a8cea379c', 'organization_member'),
('1d17b0d9-5722-4236-8fe9-b173c39a97bb', '46b8580a-e45e-4b6c-85e4-d923613e8eb9', '2025-02-13 22:49:51+00', '0225f4be-0dd5-4a59-9bb8-a187c4a0390f', 'organization_member'),
('43520bff-313e-45fb-b5cf-e1254d043fcd', 'b35b7672-2c25-4b5c-8e09-22801b3ba2ff', '2024-12-31 02:28:48+00', 'f2240e4c-bff4-4324-908e-f6b604eb951c', 'organization_member'),
('b1f9ee38-8733-49df-9e53-7bd280be56d0', 'c16c1621-6712-4ca7-abd5-0ffd50881498', '2025-08-23 14:16:20+00', 'eb936988-d155-4049-a37d-b2e80b5d49fb', 'organization_member'),
('98eacfd6-6ff4-4925-a954-036c8712f200', '971d94cb-9bf7-418c-94c6-2d159627b304', '2025-05-12 17:33:49+00', '9da1a68c-161a-4cf6-9aed-3aeb0dca81a5', 'organization_member'),
('9d00b0e5-382b-45b9-a9f5-15bcf57278e2', '0e92ddf8-4bd7-46eb-b307-b2b617e9b9b1', '2025-05-19 22:09:03+00', '6f96e3c9-b622-4515-96b6-9fb26d6d0012', 'organization_member'),
('b1f9ee38-8733-49df-9e53-7bd280be56d0', 'c2332e58-8edc-4989-8991-d970b19a4f28', '2024-04-29 00:51:47+00', 'eb936988-d155-4049-a37d-b2e80b5d49fb', 'organization_member'),
('a0611b70-9952-4770-a305-9f79cfdfb10c', '487cd5a0-5ba0-4071-bffe-b52ece181081', '2024-12-29 11:15:44+00', 'dcc1cb4f-21e1-4c95-8831-795135845e13', 'organization_member'),
('32fe5efe-2f1e-4d6b-b136-631c35fe52b2', 'e47cd46b-1a80-47ab-9f1f-69b950059fee', '2024-11-24 22:49:24+00', 'e1fb6714-5e71-4fde-9f39-600bb65d8e5e', 'organization_member'),
('dcc7c867-57b7-463b-a512-5c48a08ad8aa', '893172a9-9f70-40be-8619-af1e52ee3517', '2024-03-30 05:04:19+00', '91c8b514-3680-4144-b86b-ac78fc50dfd4', 'organization_member'),
('1d76a3fc-a879-4d16-844e-8498fd0c1e3d', '34f90975-9948-4ff7-9df2-6349001d32b8', '2024-03-24 10:36:55+00', '5c5be448-bd51-48c7-ab91-eb16f7961ce3', 'organization_member'),
('64c799d9-f2f8-4d20-925d-abe28a634611', '1defc4dc-71b7-4475-8560-7bbc2ad4c06e', '2024-08-17 14:30:24+00', '77f38379-1552-4652-8e2d-7e0a8cea379c', 'organization_member'),
('1d76a3fc-a879-4d16-844e-8498fd0c1e3d', '55ea80ec-7043-4e11-a315-1911682bd1bc', '2024-12-23 09:55:53+00', '5c5be448-bd51-48c7-ab91-eb16f7961ce3', 'organization_member'),
('b4732c83-ccb0-4089-a8ea-9215b8194317', 'e57eba94-cc50-497e-9f4d-5bb38c0eac40', '2024-05-22 06:11:04+00', 'cde55a4a-f91a-4ec0-9dc8-076c9db7b453', 'organization_member'),
('6db86b70-0aef-41dc-9bff-6b88fe7b825a', '7af4c23f-d8dd-45e7-8ade-936a66449ff7', '2024-07-02 09:07:52+00', '4396c3c4-17e8-461c-8e5f-f4bbd1f1f140', 'organization_member'),
('98eacfd6-6ff4-4925-a954-036c8712f200', '6c1c173f-9ec9-4776-8220-94cf46370609', '2024-02-01 17:55:06+00', '9da1a68c-161a-4cf6-9aed-3aeb0dca81a5', 'organization_member'),
('1d17b0d9-5722-4236-8fe9-b173c39a97bb', '6729b544-1b1d-4428-863e-a68ab4f2e19c', '2024-10-28 20:10:35+00', '0225f4be-0dd5-4a59-9bb8-a187c4a0390f', 'organization_member'),
('1d17b0d9-5722-4236-8fe9-b173c39a97bb', '4bd6a83f-ce56-4717-9479-fc14ae286276', '2024-06-24 21:13:07+00', '0225f4be-0dd5-4a59-9bb8-a187c4a0390f', 'organization_member'),
('98eacfd6-6ff4-4925-a954-036c8712f200', '23cdfad8-066c-4e6c-a18a-232759a6a877', '2025-05-24 03:03:59+00', '9da1a68c-161a-4cf6-9aed-3aeb0dca81a5', 'organization_member'),
('ed88bd78-a1cc-43d4-88ca-f7287ad14501', 'a2260597-0472-405b-b91b-db5f8ddff55c', '2024-03-10 21:10:28+00', 'f4c93670-a460-48b2-b06d-1ade4f612bb4', 'organization_member'),
('ed88bd78-a1cc-43d4-88ca-f7287ad14501', 'd057944a-76c9-484f-b64f-1d3adf05ead7', '2025-05-07 03:30:08+00', 'f4c93670-a460-48b2-b06d-1ade4f612bb4', 'organization_member'),
('1d17b0d9-5722-4236-8fe9-b173c39a97bb', 'afb3ab27-cad2-4dbe-8b03-c360b23880cc', '2025-07-03 05:29:12+00', '0225f4be-0dd5-4a59-9bb8-a187c4a0390f', 'organization_member'),
('944d4730-c8b6-4a35-a2cd-7d2d3af443bc', 'e7371f40-e027-4459-9df4-b7058214199e', '2025-03-25 19:17:32+00', '1ea52d20-c358-4974-b40f-2fcff27411df', 'organization_member'),
('d632c28d-7a32-421d-b18b-29993133a618', '5addc43d-f7cb-4f65-8fc2-5b18386d1035', '2024-10-25 18:35:01+00', '8a99fad2-0537-4017-b282-4f85ce643131', 'organization_member'),
('1d76a3fc-a879-4d16-844e-8498fd0c1e3d', 'b7f70f73-0b5e-4124-96d8-1caabbcd6768', '2025-04-09 03:31:29+00', '5c5be448-bd51-48c7-ab91-eb16f7961ce3', 'organization_member'),
('d9abe56a-3513-43f8-8416-a1b569f537ac', '5b999ae1-5a02-4706-9f7d-00b2fc8ad1a7', '2024-09-11 11:38:04+00', '9fe89fb4-301f-47e4-9903-c6d929c612fc', 'organization_member'),
('43520bff-313e-45fb-b5cf-e1254d043fcd', '0f190f46-b388-48dc-b452-95cebe1dfe85', '2024-10-29 03:48:45+00', 'f2240e4c-bff4-4324-908e-f6b604eb951c', 'organization_member'),
('1d17b0d9-5722-4236-8fe9-b173c39a97bb', 'f8b867d6-40d7-4dbe-a4f4-a25b5d3b9495', '2025-03-08 12:56:17+00', '0225f4be-0dd5-4a59-9bb8-a187c4a0390f', 'organization_member'),
('0a11114d-1e13-4e2d-ae3c-a0fc94cee5e0', '9e3e3a12-871a-4efc-97b1-b1f29ba9c0f3', '2024-08-03 22:56:11+00', 'c720f0a2-3944-4c83-8cf4-5daa37d930d8', 'organization_member'),
('9108e1ad-08d4-4ab7-bac7-0e9bbfb6f2ed', 'd3981809-b735-4054-8443-ce3e0f4864ef', '2024-06-09 23:33:14+00', '23a99e72-75e2-4129-86c3-b95fc7279efc', 'organization_member'),
('d632c28d-7a32-421d-b18b-29993133a618', 'db9864d6-9cfe-419c-887e-1b792f737b78', '2025-07-13 14:59:16+00', '8a99fad2-0537-4017-b282-4f85ce643131', 'organization_member'),
('b1f9ee38-8733-49df-9e53-7bd280be56d0', 'd8675391-cd57-4d1b-9660-c18b1116aa43', '2025-06-14 22:11:42+00', 'eb936988-d155-4049-a37d-b2e80b5d49fb', 'organization_member'),
('b4732c83-ccb0-4089-a8ea-9215b8194317', '863ccd65-2f4c-445c-914b-10ca3cd12622', '2024-03-09 06:38:05+00', 'cde55a4a-f91a-4ec0-9dc8-076c9db7b453', 'organization_member'),
('9108e1ad-08d4-4ab7-bac7-0e9bbfb6f2ed', 'e53b8711-5481-4375-86f5-44e88c923d4e', '2024-09-10 09:17:48+00', '23a99e72-75e2-4129-86c3-b95fc7279efc', 'organization_member'),
('64c799d9-f2f8-4d20-925d-abe28a634611', 'a4b9c528-5eb4-45de-b755-d133ef112983', '2025-02-16 23:24:26+00', '77f38379-1552-4652-8e2d-7e0a8cea379c', 'organization_member'),
('d632c28d-7a32-421d-b18b-29993133a618', '7ef55932-da50-4d98-b436-5248e183277b', '2025-07-19 04:49:54+00', '8a99fad2-0537-4017-b282-4f85ce643131', 'organization_member'),
('98eacfd6-6ff4-4925-a954-036c8712f200', 'd31c83c8-6a9f-4c77-8884-398c4b331bd1', '2024-04-22 01:55:30+00', '9da1a68c-161a-4cf6-9aed-3aeb0dca81a5', 'organization_member'),
('9cb3290d-86cf-43de-85f3-8b621007d65d', 'dbbabe18-d777-47be-8ef9-eb488c7e7650', '2025-07-30 01:49:49+00', 'fd6ea328-4011-4753-8b13-68013dda7f0e', 'organization_member'),
('0a11114d-1e13-4e2d-ae3c-a0fc94cee5e0', 'e699f697-374c-4fde-af3a-aa0cb32a6254', '2024-10-16 04:45:26+00', 'c720f0a2-3944-4c83-8cf4-5daa37d930d8', 'organization_member'),
('d632c28d-7a32-421d-b18b-29993133a618', '8b0fa65d-106d-45a5-a965-d9b186d3558c', '2024-04-09 19:43:07+00', '8a99fad2-0537-4017-b282-4f85ce643131', 'organization_member'),
('6db86b70-0aef-41dc-9bff-6b88fe7b825a', '1a041a37-c2d0-4f35-83d1-df361b828125', '2025-02-17 09:08:17+00', '4396c3c4-17e8-461c-8e5f-f4bbd1f1f140', 'organization_member'),
('33de84cd-42b7-4fd6-a7ba-7fef0ae05fdf', 'eb4b8bbd-90af-44a2-b247-3c468d79ecc1', '2024-09-20 22:29:15+00', 'd084ddb4-d6af-44b8-9d1e-147c956e8083', 'organization_member'),
('6db86b70-0aef-41dc-9bff-6b88fe7b825a', 'de512155-aad8-4184-b3c0-e2bc37c832a2', '2025-01-10 10:01:26+00', '4396c3c4-17e8-461c-8e5f-f4bbd1f1f140', 'organization_member'),
('9cb3290d-86cf-43de-85f3-8b621007d65d', '99ffcde7-2cef-4a06-a7c6-4cdc50a79437', '2025-07-26 06:21:02+00', 'fd6ea328-4011-4753-8b13-68013dda7f0e', 'organization_member'),
('d9abe56a-3513-43f8-8416-a1b569f537ac', '61f74eb8-1e34-46f4-9938-f8d622ec81c5', '2024-07-19 02:00:27+00', '9fe89fb4-301f-47e4-9903-c6d929c612fc', 'organization_member'),
('9108e1ad-08d4-4ab7-bac7-0e9bbfb6f2ed', 'b2ea09e8-9284-4151-b902-4040d2d0f52a', '2024-12-23 03:56:41+00', '23a99e72-75e2-4129-86c3-b95fc7279efc', 'organization_member'),
('944d4730-c8b6-4a35-a2cd-7d2d3af443bc', '6f936d5f-8c7f-48b0-b55c-a7c62f265364', '2024-07-31 23:22:48+00', '1ea52d20-c358-4974-b40f-2fcff27411df', 'organization_member'),
('1d17b0d9-5722-4236-8fe9-b173c39a97bb', '10430d42-6065-446b-85bf-d1178b671496', '2025-05-24 17:17:09+00', '0225f4be-0dd5-4a59-9bb8-a187c4a0390f', 'organization_member'),
('1d17b0d9-5722-4236-8fe9-b173c39a97bb', '971a7168-a049-496c-b3ca-11fb238f7d39', '2025-08-24 03:08:54+00', '0225f4be-0dd5-4a59-9bb8-a187c4a0390f', 'organization_member'),
('dcc7c867-57b7-463b-a512-5c48a08ad8aa', 'c17ff8e7-c3f0-46ba-98e3-90a08f7125af', '2024-06-08 19:34:41+00', '91c8b514-3680-4144-b86b-ac78fc50dfd4', 'organization_member'),
('0a11114d-1e13-4e2d-ae3c-a0fc94cee5e0', '4d35c70f-8599-4320-99ba-c899722e61d1', '2024-11-27 00:05:42+00', 'c720f0a2-3944-4c83-8cf4-5daa37d930d8', 'organization_member'),
('0a11114d-1e13-4e2d-ae3c-a0fc94cee5e0', '9f0c09b9-2800-4fa2-bd8b-38b3f0f4fcb3', '2024-03-29 12:37:54+00', 'c720f0a2-3944-4c83-8cf4-5daa37d930d8', 'organization_member'),
('dcc7c867-57b7-463b-a512-5c48a08ad8aa', 'aa61d805-efaf-4273-b14f-54f9e9362604', '2024-06-19 09:59:09+00', '91c8b514-3680-4144-b86b-ac78fc50dfd4', 'organization_member'),
('a0611b70-9952-4770-a305-9f79cfdfb10c', 'dbf9236a-6649-4610-8fe4-e156d69cdc71', '2025-06-24 04:02:28+00', 'dcc1cb4f-21e1-4c95-8831-795135845e13', 'organization_member'),
('1d76a3fc-a879-4d16-844e-8498fd0c1e3d', '5e0c49a0-826c-4e0c-961f-e552f19843ea', '2024-06-26 02:48:47+00', '5c5be448-bd51-48c7-ab91-eb16f7961ce3', 'organization_member'),
('944d4730-c8b6-4a35-a2cd-7d2d3af443bc', 'f94aac06-c87a-4d42-9703-9a16d39d68b4', '2024-04-05 12:25:19+00', '1ea52d20-c358-4974-b40f-2fcff27411df', 'organization_member'),
('98eacfd6-6ff4-4925-a954-036c8712f200', '7215f34e-dcf9-443c-9657-4ac827f53b8a', '2025-04-23 04:28:13+00', '9da1a68c-161a-4cf6-9aed-3aeb0dca81a5', 'organization_member'),
('0a11114d-1e13-4e2d-ae3c-a0fc94cee5e0', 'a43b9245-c727-4ceb-91a0-e09e73b3564d', '2025-07-10 03:54:16+00', 'c720f0a2-3944-4c83-8cf4-5daa37d930d8', 'organization_member'),
('64c799d9-f2f8-4d20-925d-abe28a634611', 'fba72d6c-362c-4954-b8da-a019e68ac8d1', '2025-01-19 00:32:45+00', '77f38379-1552-4652-8e2d-7e0a8cea379c', 'organization_member'),
('9d00b0e5-382b-45b9-a9f5-15bcf57278e2', '582098df-8a51-4005-862a-67ee8dd0ac38', '2024-09-07 16:43:54+00', '6f96e3c9-b622-4515-96b6-9fb26d6d0012', 'organization_member'),
('43520bff-313e-45fb-b5cf-e1254d043fcd', 'c089dd76-dc82-4472-8a82-b783052566cf', '2024-05-30 21:55:50+00', 'f2240e4c-bff4-4324-908e-f6b604eb951c', 'organization_member'),
('944d4730-c8b6-4a35-a2cd-7d2d3af443bc', 'f561d7db-84f2-4a30-affe-1d05d8fb5609', '2025-05-08 11:12:15+00', '1ea52d20-c358-4974-b40f-2fcff27411df', 'organization_member'),
('98eacfd6-6ff4-4925-a954-036c8712f200', '89d1d220-1c61-45b7-a7ae-f96a116fb439', '2024-09-17 04:43:10+00', '9da1a68c-161a-4cf6-9aed-3aeb0dca81a5', 'organization_member'),
('9d00b0e5-382b-45b9-a9f5-15bcf57278e2', '2f2dd96e-cd08-4101-bbe9-95d6ca807473', '2024-08-08 21:22:10+00', '6f96e3c9-b622-4515-96b6-9fb26d6d0012', 'organization_member'),
('1d17b0d9-5722-4236-8fe9-b173c39a97bb', '5ec0e021-c5ef-4b4d-9d34-3a31ceb84b8c', '2025-06-20 20:24:10+00', '0225f4be-0dd5-4a59-9bb8-a187c4a0390f', 'organization_member'),
('43520bff-313e-45fb-b5cf-e1254d043fcd', 'e9a22f14-1d9c-4cbb-892c-ad4f16585e59', '2025-04-03 22:44:29+00', 'f2240e4c-bff4-4324-908e-f6b604eb951c', 'organization_member'),
('98eacfd6-6ff4-4925-a954-036c8712f200', '24d56966-c550-4393-be5c-abd22fc247c4', '2024-04-15 22:37:18+00', '9da1a68c-161a-4cf6-9aed-3aeb0dca81a5', 'organization_member'),
('9cb3290d-86cf-43de-85f3-8b621007d65d', '28032e82-1c08-4295-b31e-58bf579153ae', '2025-07-08 06:59:44+00', 'fd6ea328-4011-4753-8b13-68013dda7f0e', 'organization_member'),
('944d4730-c8b6-4a35-a2cd-7d2d3af443bc', 'c1a7d244-a452-4f86-8a36-1d543b862a38', '2025-03-18 17:46:53+00', '1ea52d20-c358-4974-b40f-2fcff27411df', 'organization_member'),
('a0611b70-9952-4770-a305-9f79cfdfb10c', 'bdbfd135-78f2-4078-a2b2-4899a6e08fd7', '2025-06-16 13:58:36+00', 'dcc1cb4f-21e1-4c95-8831-795135845e13', 'organization_member'),
('1d17b0d9-5722-4236-8fe9-b173c39a97bb', '952a8a36-a986-4ef6-9d43-fddba534b0ed', '2024-05-11 10:35:36+00', '0225f4be-0dd5-4a59-9bb8-a187c4a0390f', 'organization_member');

-- app_user_team_membership (kolom 12)
INSERT INTO team.app_user_team_membership (team_id, app_user_id, member_since, invited_by, role) VALUES
('1b6d5325-c8b0-4836-8f3d-51bb6def9a45', 'c720f0a2-3944-4c83-8cf4-5daa37d930d8', '2025-07-19 05:45:38+00', 'c720f0a2-3944-4c83-8cf4-5daa37d930d8', 'team_admin'),
('1b6d5325-c8b0-4836-8f3d-51bb6def9a45', 'b741a4d3-d545-438f-88df-c750685661d9', '2024-11-05 23:36:18+00', 'c720f0a2-3944-4c83-8cf4-5daa37d930d8', 'team_member'),
('1b6d5325-c8b0-4836-8f3d-51bb6def9a45', 'd8e2904e-2136-4c14-aedd-e1c820853dd3', '2025-09-05 21:08:09+00', 'c720f0a2-3944-4c83-8cf4-5daa37d930d8', 'team_member'),
('1b6d5325-c8b0-4836-8f3d-51bb6def9a45', '420e549e-aa62-48f9-82a3-d5cfd7d49097', '2025-06-23 07:14:13+00', 'c720f0a2-3944-4c83-8cf4-5daa37d930d8', 'team_member'),
('1b6d5325-c8b0-4836-8f3d-51bb6def9a45', 'd8612372-17ea-47d4-b9b0-a2a65564b309', '2024-07-31 16:54:59+00', 'c720f0a2-3944-4c83-8cf4-5daa37d930d8', 'team_member'),
('1b6d5325-c8b0-4836-8f3d-51bb6def9a45', '1175c58e-0198-4831-b904-9d2f7dd4dc9a', '2025-01-30 00:27:59+00', 'c720f0a2-3944-4c83-8cf4-5daa37d930d8', 'team_member'),
('1b6d5325-c8b0-4836-8f3d-51bb6def9a45', 'db615c7e-35d3-46b6-8653-f261c8adc66f', '2024-09-15 08:41:53+00', 'c720f0a2-3944-4c83-8cf4-5daa37d930d8', 'team_member'),
('1b6d5325-c8b0-4836-8f3d-51bb6def9a45', '9e3e3a12-871a-4efc-97b1-b1f29ba9c0f3', '2025-06-23 03:39:26+00', 'c720f0a2-3944-4c83-8cf4-5daa37d930d8', 'team_member'),
('1b6d5325-c8b0-4836-8f3d-51bb6def9a45', '4d35c70f-8599-4320-99ba-c899722e61d1', '2025-05-21 07:14:20+00', 'c720f0a2-3944-4c83-8cf4-5daa37d930d8', 'team_member'),
('1b6d5325-c8b0-4836-8f3d-51bb6def9a45', '9f0c09b9-2800-4fa2-bd8b-38b3f0f4fcb3', '2024-09-19 22:11:31+00', 'c720f0a2-3944-4c83-8cf4-5daa37d930d8', 'team_admin'),
('1b6d5325-c8b0-4836-8f3d-51bb6def9a45', 'a43b9245-c727-4ceb-91a0-e09e73b3564d', '2025-05-16 19:07:09+00', 'c720f0a2-3944-4c83-8cf4-5daa37d930d8', 'team_member'),
('e4a68d87-682d-4eae-8c27-911086bb7ceb', 'c720f0a2-3944-4c83-8cf4-5daa37d930d8', '2024-03-06 05:58:35+00', 'c720f0a2-3944-4c83-8cf4-5daa37d930d8', 'team_admin'),
('e4a68d87-682d-4eae-8c27-911086bb7ceb', '0651419f-1b75-4fa1-aa0e-394aacb9ac93', '2024-12-13 21:31:34+00', '0651419f-1b75-4fa1-aa0e-394aacb9ac93', 'team_admin'),
('e4a68d87-682d-4eae-8c27-911086bb7ceb', 'b741a4d3-d545-438f-88df-c750685661d9', '2024-11-02 14:39:12+00', 'c720f0a2-3944-4c83-8cf4-5daa37d930d8', 'team_member'),
('e4a68d87-682d-4eae-8c27-911086bb7ceb', 'f10c2949-2319-4cf1-b0d2-3de20c7c2b92', '2024-11-14 03:35:31+00', 'd8612372-17ea-47d4-b9b0-a2a65564b309', 'team_member'),
('e4a68d87-682d-4eae-8c27-911086bb7ceb', '2f8aa67b-9c4e-4327-958a-feb292874ed8', '2024-05-28 14:10:47+00', '0651419f-1b75-4fa1-aa0e-394aacb9ac93', 'team_member'),
('e4a68d87-682d-4eae-8c27-911086bb7ceb', 'd8e2904e-2136-4c14-aedd-e1c820853dd3', '2025-02-06 19:01:18+00', 'c720f0a2-3944-4c83-8cf4-5daa37d930d8', 'team_member'),
('e4a68d87-682d-4eae-8c27-911086bb7ceb', '420e549e-aa62-48f9-82a3-d5cfd7d49097', '2024-08-07 20:19:55+00', 'd8612372-17ea-47d4-b9b0-a2a65564b309', 'team_member'),
('e4a68d87-682d-4eae-8c27-911086bb7ceb', 'd8612372-17ea-47d4-b9b0-a2a65564b309', '2025-08-19 03:32:56+00', '0651419f-1b75-4fa1-aa0e-394aacb9ac93', 'team_admin'),
('e4a68d87-682d-4eae-8c27-911086bb7ceb', 'e4c7afce-f829-48e4-94dc-256c4ff5754a', '2024-05-26 16:13:25+00', '0651419f-1b75-4fa1-aa0e-394aacb9ac93', 'team_member'),
('e4a68d87-682d-4eae-8c27-911086bb7ceb', '1175c58e-0198-4831-b904-9d2f7dd4dc9a', '2025-01-07 15:59:11+00', '0651419f-1b75-4fa1-aa0e-394aacb9ac93', 'team_member'),
('e4a68d87-682d-4eae-8c27-911086bb7ceb', 'db615c7e-35d3-46b6-8653-f261c8adc66f', '2024-09-01 23:36:13+00', '0651419f-1b75-4fa1-aa0e-394aacb9ac93', 'team_member'),
('e4a68d87-682d-4eae-8c27-911086bb7ceb', '9e3e3a12-871a-4efc-97b1-b1f29ba9c0f3', '2025-03-11 08:58:03+00', 'c720f0a2-3944-4c83-8cf4-5daa37d930d8', 'team_member'),
('e4a68d87-682d-4eae-8c27-911086bb7ceb', 'e699f697-374c-4fde-af3a-aa0cb32a6254', '2025-06-13 12:38:25+00', '0651419f-1b75-4fa1-aa0e-394aacb9ac93', 'team_member'),
('e4a68d87-682d-4eae-8c27-911086bb7ceb', '9f0c09b9-2800-4fa2-bd8b-38b3f0f4fcb3', '2024-08-08 09:58:03+00', '0651419f-1b75-4fa1-aa0e-394aacb9ac93', 'team_member'),
('e4a68d87-682d-4eae-8c27-911086bb7ceb', 'a43b9245-c727-4ceb-91a0-e09e73b3564d', '2025-03-20 07:13:55+00', 'c720f0a2-3944-4c83-8cf4-5daa37d930d8', 'team_member'),
('b69f7a45-e8ee-4d04-826c-825a8a88c770', 'fd6ea328-4011-4753-8b13-68013dda7f0e', '2024-01-30 07:49:37+00', 'fd6ea328-4011-4753-8b13-68013dda7f0e', 'team_admin'),
('b69f7a45-e8ee-4d04-826c-825a8a88c770', '9ecb7e02-d621-4cb6-bd21-907db6085548', '2025-04-24 04:04:51+00', 'fd6ea328-4011-4753-8b13-68013dda7f0e', 'team_member'),
('b69f7a45-e8ee-4d04-826c-825a8a88c770', '830c6eb8-6038-4c12-b168-f4478c20124e', '2025-01-20 22:00:10+00', 'fd6ea328-4011-4753-8b13-68013dda7f0e', 'team_member'),
('b69f7a45-e8ee-4d04-826c-825a8a88c770', '00605cea-415b-4100-a0eb-54f9221bad05', '2025-02-10 20:52:42+00', 'fd6ea328-4011-4753-8b13-68013dda7f0e', 'team_member'),
('b69f7a45-e8ee-4d04-826c-825a8a88c770', 'be86f8c4-2d4f-424d-aa32-1239c4a3aa68', '2025-06-21 11:35:25+00', 'fd6ea328-4011-4753-8b13-68013dda7f0e', 'team_member'),
('b69f7a45-e8ee-4d04-826c-825a8a88c770', '709a6309-4731-488c-82a2-c32cd9260882', '2024-04-27 11:28:05+00', 'fd6ea328-4011-4753-8b13-68013dda7f0e', 'team_member'),
('b69f7a45-e8ee-4d04-826c-825a8a88c770', '73b83f24-4b6a-47e6-8c1e-46312cd03090', '2025-01-15 03:28:49+00', 'fd6ea328-4011-4753-8b13-68013dda7f0e', 'team_member'),
('b69f7a45-e8ee-4d04-826c-825a8a88c770', '99ffcde7-2cef-4a06-a7c6-4cdc50a79437', '2024-06-21 08:50:52+00', 'fd6ea328-4011-4753-8b13-68013dda7f0e', 'team_member'),
('1e777869-b91a-40be-a1bb-4c19c871230a', 'fd6ea328-4011-4753-8b13-68013dda7f0e', '2024-11-15 18:42:21+00', 'fd6ea328-4011-4753-8b13-68013dda7f0e', 'team_admin'),
('1e777869-b91a-40be-a1bb-4c19c871230a', '9ecb7e02-d621-4cb6-bd21-907db6085548', '2024-07-30 02:59:11+00', 'fd6ea328-4011-4753-8b13-68013dda7f0e', 'team_member'),
('1e777869-b91a-40be-a1bb-4c19c871230a', '830c6eb8-6038-4c12-b168-f4478c20124e', '2025-06-16 22:10:49+00', 'fd6ea328-4011-4753-8b13-68013dda7f0e', 'team_member'),
('1e777869-b91a-40be-a1bb-4c19c871230a', '79bc0f25-01c9-4258-93a4-3ed8e3f88af3', '2024-04-27 10:05:11+00', 'fd6ea328-4011-4753-8b13-68013dda7f0e', 'team_member'),
('1e777869-b91a-40be-a1bb-4c19c871230a', 'be86f8c4-2d4f-424d-aa32-1239c4a3aa68', '2025-05-14 04:06:40+00', 'fd6ea328-4011-4753-8b13-68013dda7f0e', 'team_member'),
('1e777869-b91a-40be-a1bb-4c19c871230a', 'a359f51c-d494-45d5-824d-9cd44223cbb8', '2025-07-31 01:23:32+00', 'fd6ea328-4011-4753-8b13-68013dda7f0e', 'team_member'),
('1e777869-b91a-40be-a1bb-4c19c871230a', '709a6309-4731-488c-82a2-c32cd9260882', '2024-10-13 21:56:20+00', 'fd6ea328-4011-4753-8b13-68013dda7f0e', 'team_member'),
('1e777869-b91a-40be-a1bb-4c19c871230a', '73b83f24-4b6a-47e6-8c1e-46312cd03090', '2025-07-02 18:24:08+00', 'fd6ea328-4011-4753-8b13-68013dda7f0e', 'team_member'),
('1e777869-b91a-40be-a1bb-4c19c871230a', 'dbbabe18-d777-47be-8ef9-eb488c7e7650', '2025-01-07 14:43:48+00', 'fd6ea328-4011-4753-8b13-68013dda7f0e', 'team_member'),
('1e777869-b91a-40be-a1bb-4c19c871230a', '99ffcde7-2cef-4a06-a7c6-4cdc50a79437', '2024-08-23 12:09:50+00', 'fd6ea328-4011-4753-8b13-68013dda7f0e', 'team_member'),
('1e777869-b91a-40be-a1bb-4c19c871230a', '28032e82-1c08-4295-b31e-58bf579153ae', '2024-11-17 10:05:45+00', 'fd6ea328-4011-4753-8b13-68013dda7f0e', 'team_member'),
('03c1643d-fa2e-4ecf-9cc2-d1a8e595f487', 'fd6ea328-4011-4753-8b13-68013dda7f0e', '2025-05-27 18:46:38+00', 'fd6ea328-4011-4753-8b13-68013dda7f0e', 'team_admin'),
('03c1643d-fa2e-4ecf-9cc2-d1a8e595f487', '9ecb7e02-d621-4cb6-bd21-907db6085548', '2024-10-22 01:53:06+00', 'fd6ea328-4011-4753-8b13-68013dda7f0e', 'team_member'),
('03c1643d-fa2e-4ecf-9cc2-d1a8e595f487', '830c6eb8-6038-4c12-b168-f4478c20124e', '2024-08-17 14:59:42+00', '709a6309-4731-488c-82a2-c32cd9260882', 'team_member'),
('03c1643d-fa2e-4ecf-9cc2-d1a8e595f487', '00605cea-415b-4100-a0eb-54f9221bad05', '2025-07-05 17:53:18+00', 'fd6ea328-4011-4753-8b13-68013dda7f0e', 'team_member'),
('03c1643d-fa2e-4ecf-9cc2-d1a8e595f487', 'e6920694-9a53-4c7c-8bbd-056be43c8482', '2024-10-24 06:34:09+00', '709a6309-4731-488c-82a2-c32cd9260882', 'team_member'),
('03c1643d-fa2e-4ecf-9cc2-d1a8e595f487', '79bc0f25-01c9-4258-93a4-3ed8e3f88af3', '2025-08-21 08:27:04+00', 'fd6ea328-4011-4753-8b13-68013dda7f0e', 'team_member'),
('03c1643d-fa2e-4ecf-9cc2-d1a8e595f487', 'be86f8c4-2d4f-424d-aa32-1239c4a3aa68', '2025-09-11 00:22:46+00', 'fd6ea328-4011-4753-8b13-68013dda7f0e', 'team_member'),
('03c1643d-fa2e-4ecf-9cc2-d1a8e595f487', 'a359f51c-d494-45d5-824d-9cd44223cbb8', '2025-07-03 10:17:11+00', '709a6309-4731-488c-82a2-c32cd9260882', 'team_member'),
('03c1643d-fa2e-4ecf-9cc2-d1a8e595f487', '709a6309-4731-488c-82a2-c32cd9260882', '2024-10-30 23:04:32+00', 'fd6ea328-4011-4753-8b13-68013dda7f0e', 'team_admin'),
('03c1643d-fa2e-4ecf-9cc2-d1a8e595f487', '73b83f24-4b6a-47e6-8c1e-46312cd03090', '2024-08-31 12:51:44+00', '709a6309-4731-488c-82a2-c32cd9260882', 'team_member'),
('03c1643d-fa2e-4ecf-9cc2-d1a8e595f487', '99ffcde7-2cef-4a06-a7c6-4cdc50a79437', '2024-03-27 04:34:27+00', 'fd6ea328-4011-4753-8b13-68013dda7f0e', 'team_member'),
('03c1643d-fa2e-4ecf-9cc2-d1a8e595f487', '28032e82-1c08-4295-b31e-58bf579153ae', '2025-04-02 16:51:29+00', '709a6309-4731-488c-82a2-c32cd9260882', 'team_member'),
('1c4e5ba4-222e-4d4a-890e-4593ed5942e0', 'eb936988-d155-4049-a37d-b2e80b5d49fb', '2024-11-17 10:30:10+00', 'eb936988-d155-4049-a37d-b2e80b5d49fb', 'team_admin'),
('1c4e5ba4-222e-4d4a-890e-4593ed5942e0', '8c2b8bb1-0aec-4e5b-97b9-11f49e71579f', '2025-05-12 08:20:25+00', 'cf822dc2-eee6-4e27-af69-1e8e3ebb38d2', 'team_member'),
('1c4e5ba4-222e-4d4a-890e-4593ed5942e0', '97477c18-c2b2-44b4-bf25-c4722af9940b', '2025-04-02 00:53:22+00', 'eb936988-d155-4049-a37d-b2e80b5d49fb', 'team_member'),
('1c4e5ba4-222e-4d4a-890e-4593ed5942e0', '88d4efa5-f87d-4772-8dcf-087d5cf90b8a', '2024-06-20 17:03:17+00', 'eb936988-d155-4049-a37d-b2e80b5d49fb', 'team_member'),
('1c4e5ba4-222e-4d4a-890e-4593ed5942e0', '131451c5-1136-4cc9-b4ef-878b21594e73', '2024-04-04 05:02:24+00', 'cf822dc2-eee6-4e27-af69-1e8e3ebb38d2', 'team_member'),
('1c4e5ba4-222e-4d4a-890e-4593ed5942e0', 'cf822dc2-eee6-4e27-af69-1e8e3ebb38d2', '2025-05-21 14:15:46+00', 'cf822dc2-eee6-4e27-af69-1e8e3ebb38d2', 'team_admin'),
('1c4e5ba4-222e-4d4a-890e-4593ed5942e0', 'c16c1621-6712-4ca7-abd5-0ffd50881498', '2024-06-15 12:46:33+00', 'eb936988-d155-4049-a37d-b2e80b5d49fb', 'team_member'),
('1c4e5ba4-222e-4d4a-890e-4593ed5942e0', 'd8675391-cd57-4d1b-9660-c18b1116aa43', '2024-05-26 09:21:20+00', 'cf822dc2-eee6-4e27-af69-1e8e3ebb38d2', 'team_member'),
('b074bd56-c047-457e-ace7-4111664348c6', 'eb936988-d155-4049-a37d-b2e80b5d49fb', '2024-10-11 14:44:51+00', 'eb936988-d155-4049-a37d-b2e80b5d49fb', 'team_admin'),
('b074bd56-c047-457e-ace7-4111664348c6', '8c2b8bb1-0aec-4e5b-97b9-11f49e71579f', '2024-08-16 18:40:39+00', '8c2b8bb1-0aec-4e5b-97b9-11f49e71579f', 'team_admin'),
('b074bd56-c047-457e-ace7-4111664348c6', '97477c18-c2b2-44b4-bf25-c4722af9940b', '2024-09-15 23:25:59+00', 'eb936988-d155-4049-a37d-b2e80b5d49fb', 'team_member'),
('b074bd56-c047-457e-ace7-4111664348c6', '88d4efa5-f87d-4772-8dcf-087d5cf90b8a', '2024-04-27 19:33:03+00', '8c2b8bb1-0aec-4e5b-97b9-11f49e71579f', 'team_member'),
('b074bd56-c047-457e-ace7-4111664348c6', 'cf822dc2-eee6-4e27-af69-1e8e3ebb38d2', '2025-02-13 05:19:14+00', 'eb936988-d155-4049-a37d-b2e80b5d49fb', 'team_member'),
('b074bd56-c047-457e-ace7-4111664348c6', 'c16c1621-6712-4ca7-abd5-0ffd50881498', '2025-04-04 08:28:26+00', 'eb936988-d155-4049-a37d-b2e80b5d49fb', 'team_member'),
('b074bd56-c047-457e-ace7-4111664348c6', 'd8675391-cd57-4d1b-9660-c18b1116aa43', '2025-05-01 06:48:22+00', '8c2b8bb1-0aec-4e5b-97b9-11f49e71579f', 'team_member'),
('f73322de-4854-4fe1-8b3c-b20eb0bc27c9', 'f4c93670-a460-48b2-b06d-1ade4f612bb4', '2025-08-17 09:02:05+00', 'f4c93670-a460-48b2-b06d-1ade4f612bb4', 'team_admin'),
('f73322de-4854-4fe1-8b3c-b20eb0bc27c9', 'd535f245-7b2a-4223-a38a-859861d2dac1', '2025-07-22 09:23:15+00', 'f4c93670-a460-48b2-b06d-1ade4f612bb4', 'team_member'),
('f73322de-4854-4fe1-8b3c-b20eb0bc27c9', 'e4f5a9d5-fd61-4fa7-b614-e4b6ac14bab2', '2024-06-13 02:35:28+00', 'f4c93670-a460-48b2-b06d-1ade4f612bb4', 'team_member'),
('f73322de-4854-4fe1-8b3c-b20eb0bc27c9', '66837125-47d5-4091-af54-ee7701d06444', '2025-09-01 13:38:23+00', 'f4c93670-a460-48b2-b06d-1ade4f612bb4', 'team_member'),
('f73322de-4854-4fe1-8b3c-b20eb0bc27c9', 'a18ad162-2aa3-4589-a777-e83af9659f74', '2025-09-09 15:22:50+00', 'f4c93670-a460-48b2-b06d-1ade4f612bb4', 'team_admin'),
('f73322de-4854-4fe1-8b3c-b20eb0bc27c9', '9dc28db1-99de-4a28-8d3b-bc9c8885e9e5', '2024-06-12 14:49:09+00', 'a18ad162-2aa3-4589-a777-e83af9659f74', 'team_member'),
('f73322de-4854-4fe1-8b3c-b20eb0bc27c9', 'd05dd2e0-d177-46a9-a2f9-78606d037d81', '2024-01-15 19:33:37+00', 'a18ad162-2aa3-4589-a777-e83af9659f74', 'team_member'),
('f73322de-4854-4fe1-8b3c-b20eb0bc27c9', '10270f41-8d77-4049-aaad-949f538970dd', '2025-07-20 10:44:49+00', 'a18ad162-2aa3-4589-a777-e83af9659f74', 'team_member'),
('f73322de-4854-4fe1-8b3c-b20eb0bc27c9', 'a87376cb-8026-413c-b5f8-fe2ca553ce47', '2024-01-17 05:03:55+00', 'a18ad162-2aa3-4589-a777-e83af9659f74', 'team_member'),
('f73322de-4854-4fe1-8b3c-b20eb0bc27c9', 'a2260597-0472-405b-b91b-db5f8ddff55c', '2025-07-01 16:42:14+00', 'a2260597-0472-405b-b91b-db5f8ddff55c', 'team_admin'),
('b34f5dc0-de5a-4538-acfa-9b83dba2bd7e', 'f4c93670-a460-48b2-b06d-1ade4f612bb4', '2024-07-25 06:07:58+00', 'f4c93670-a460-48b2-b06d-1ade4f612bb4', 'team_admin'),
('b34f5dc0-de5a-4538-acfa-9b83dba2bd7e', '63072f2c-11bd-4845-aae7-5ae97e2504e9', '2024-09-16 19:38:06+00', 'e4f5a9d5-fd61-4fa7-b614-e4b6ac14bab2', 'team_member'),
('b34f5dc0-de5a-4538-acfa-9b83dba2bd7e', 'd535f245-7b2a-4223-a38a-859861d2dac1', '2024-07-08 21:52:38+00', 'e4f5a9d5-fd61-4fa7-b614-e4b6ac14bab2', 'team_member'),
('b34f5dc0-de5a-4538-acfa-9b83dba2bd7e', 'e4f5a9d5-fd61-4fa7-b614-e4b6ac14bab2', '2024-02-16 18:01:00+00', 'f4c93670-a460-48b2-b06d-1ade4f612bb4', 'team_admin'),
('b34f5dc0-de5a-4538-acfa-9b83dba2bd7e', '66837125-47d5-4091-af54-ee7701d06444', '2024-12-02 00:33:42+00', 'e4f5a9d5-fd61-4fa7-b614-e4b6ac14bab2', 'team_member'),
('b34f5dc0-de5a-4538-acfa-9b83dba2bd7e', 'd05dd2e0-d177-46a9-a2f9-78606d037d81', '2024-07-30 18:19:17+00', 'f4c93670-a460-48b2-b06d-1ade4f612bb4', 'team_member'),
('b34f5dc0-de5a-4538-acfa-9b83dba2bd7e', 'a87376cb-8026-413c-b5f8-fe2ca553ce47', '2024-09-15 04:15:13+00', 'e4f5a9d5-fd61-4fa7-b614-e4b6ac14bab2', 'team_member'),
('b34f5dc0-de5a-4538-acfa-9b83dba2bd7e', 'a2260597-0472-405b-b91b-db5f8ddff55c', '2024-01-13 17:28:25+00', 'e4f5a9d5-fd61-4fa7-b614-e4b6ac14bab2', 'team_member'),
('95975c82-8c86-4e16-be1d-52db0f50e1e0', 'f4c93670-a460-48b2-b06d-1ade4f612bb4', '2025-07-06 10:37:21+00', 'f4c93670-a460-48b2-b06d-1ade4f612bb4', 'team_admin'),
('95975c82-8c86-4e16-be1d-52db0f50e1e0', '63072f2c-11bd-4845-aae7-5ae97e2504e9', '2025-02-04 09:27:12+00', 'f4c93670-a460-48b2-b06d-1ade4f612bb4', 'team_member'),
('95975c82-8c86-4e16-be1d-52db0f50e1e0', '66837125-47d5-4091-af54-ee7701d06444', '2025-08-20 20:47:27+00', 'a87376cb-8026-413c-b5f8-fe2ca553ce47', 'team_member'),
('95975c82-8c86-4e16-be1d-52db0f50e1e0', 'a18ad162-2aa3-4589-a777-e83af9659f74', '2025-07-09 09:38:14+00', 'f4c93670-a460-48b2-b06d-1ade4f612bb4', 'team_member'),
('95975c82-8c86-4e16-be1d-52db0f50e1e0', '9dc28db1-99de-4a28-8d3b-bc9c8885e9e5', '2025-01-28 00:23:43+00', 'f4c93670-a460-48b2-b06d-1ade4f612bb4', 'team_member'),
('95975c82-8c86-4e16-be1d-52db0f50e1e0', 'a87376cb-8026-413c-b5f8-fe2ca553ce47', '2024-06-22 09:18:56+00', 'f4c93670-a460-48b2-b06d-1ade4f612bb4', 'team_admin'),
('95975c82-8c86-4e16-be1d-52db0f50e1e0', 'a2260597-0472-405b-b91b-db5f8ddff55c', '2025-08-20 09:43:11+00', 'f4c93670-a460-48b2-b06d-1ade4f612bb4', 'team_member'),
('deebcd48-91e8-4214-a86b-24cf472cbed2', '4396c3c4-17e8-461c-8e5f-f4bbd1f1f140', '2024-05-17 17:42:59+00', '4396c3c4-17e8-461c-8e5f-f4bbd1f1f140', 'team_admin'),
('deebcd48-91e8-4214-a86b-24cf472cbed2', '76ef2f81-ffa3-4b56-b73b-e3ae5d093f46', '2024-05-26 19:51:49+00', '4396c3c4-17e8-461c-8e5f-f4bbd1f1f140', 'team_member'),
('deebcd48-91e8-4214-a86b-24cf472cbed2', '3f6ce485-b223-46cf-8917-eff89269a662', '2024-07-13 14:02:10+00', '4396c3c4-17e8-461c-8e5f-f4bbd1f1f140', 'team_member'),
('deebcd48-91e8-4214-a86b-24cf472cbed2', '61830a0b-692d-4c95-8101-46e49dc2c7c7', '2024-08-14 14:08:24+00', '4396c3c4-17e8-461c-8e5f-f4bbd1f1f140', 'team_member'),
('deebcd48-91e8-4214-a86b-24cf472cbed2', '93216796-dee2-4814-9613-805d3daa9515', '2024-12-21 02:03:31+00', '7af4c23f-d8dd-45e7-8ade-936a66449ff7', 'team_member'),
('deebcd48-91e8-4214-a86b-24cf472cbed2', 'e4f11c1f-291b-4261-9521-7d7f91b94539', '2024-08-16 19:49:18+00', '4396c3c4-17e8-461c-8e5f-f4bbd1f1f140', 'team_member'),
('deebcd48-91e8-4214-a86b-24cf472cbed2', 'f891977e-9ffa-4c35-a0b6-cd109804d61e', '2024-12-16 06:47:09+00', '4396c3c4-17e8-461c-8e5f-f4bbd1f1f140', 'team_member'),
('deebcd48-91e8-4214-a86b-24cf472cbed2', '7af4c23f-d8dd-45e7-8ade-936a66449ff7', '2024-03-10 09:56:50+00', '4396c3c4-17e8-461c-8e5f-f4bbd1f1f140', 'team_admin'),
('dbeaea24-44af-4d97-b15f-aa4451c3e20b', '4396c3c4-17e8-461c-8e5f-f4bbd1f1f140', '2024-12-09 19:42:48+00', '4396c3c4-17e8-461c-8e5f-f4bbd1f1f140', 'team_admin'),
('dbeaea24-44af-4d97-b15f-aa4451c3e20b', '51461953-1fde-4573-b50c-98790c69b8bc', '2025-08-22 23:45:13+00', 'f891977e-9ffa-4c35-a0b6-cd109804d61e', 'team_member'),
('dbeaea24-44af-4d97-b15f-aa4451c3e20b', '3f6ce485-b223-46cf-8917-eff89269a662', '2024-10-26 15:13:20+00', '4396c3c4-17e8-461c-8e5f-f4bbd1f1f140', 'team_admin'),
('dbeaea24-44af-4d97-b15f-aa4451c3e20b', '61830a0b-692d-4c95-8101-46e49dc2c7c7', '2025-01-22 23:27:21+00', '4396c3c4-17e8-461c-8e5f-f4bbd1f1f140', 'team_member'),
('dbeaea24-44af-4d97-b15f-aa4451c3e20b', '93216796-dee2-4814-9613-805d3daa9515', '2025-08-19 21:21:02+00', 'f891977e-9ffa-4c35-a0b6-cd109804d61e', 'team_member'),
('dbeaea24-44af-4d97-b15f-aa4451c3e20b', 'e4f11c1f-291b-4261-9521-7d7f91b94539', '2025-03-11 16:39:33+00', '3f6ce485-b223-46cf-8917-eff89269a662', 'team_member'),
('dbeaea24-44af-4d97-b15f-aa4451c3e20b', 'af6533f0-5ab1-4ebf-9978-3fe942ecfdcb', '2024-05-05 20:53:02+00', '3f6ce485-b223-46cf-8917-eff89269a662', 'team_member'),
('dbeaea24-44af-4d97-b15f-aa4451c3e20b', 'f891977e-9ffa-4c35-a0b6-cd109804d61e', '2024-06-08 00:12:00+00', '4396c3c4-17e8-461c-8e5f-f4bbd1f1f140', 'team_admin'),
('dbeaea24-44af-4d97-b15f-aa4451c3e20b', '7af4c23f-d8dd-45e7-8ade-936a66449ff7', '2025-06-04 16:01:31+00', '3f6ce485-b223-46cf-8917-eff89269a662', 'team_member'),
('dbeaea24-44af-4d97-b15f-aa4451c3e20b', '1a041a37-c2d0-4f35-83d1-df361b828125', '2025-02-04 09:27:25+00', '4396c3c4-17e8-461c-8e5f-f4bbd1f1f140', 'team_member'),
('dbeaea24-44af-4d97-b15f-aa4451c3e20b', 'de512155-aad8-4184-b3c0-e2bc37c832a2', '2025-05-18 06:31:28+00', '3f6ce485-b223-46cf-8917-eff89269a662', 'team_member'),
('d98dd013-ed0a-4844-a1d3-46b8388252a1', '8a99fad2-0537-4017-b282-4f85ce643131', '2024-03-20 07:22:34+00', '8a99fad2-0537-4017-b282-4f85ce643131', 'team_admin'),
('d98dd013-ed0a-4844-a1d3-46b8388252a1', 'fb41aa09-3b69-4100-9309-ee743361b7ad', '2025-08-15 13:55:58+00', '6504e69d-d73d-4ab6-91d7-5f8920c05efe', 'team_member'),
('d98dd013-ed0a-4844-a1d3-46b8388252a1', '98413eec-9cd3-4b8a-bd3d-d6db7b7b01be', '2024-11-01 12:15:54+00', '6504e69d-d73d-4ab6-91d7-5f8920c05efe', 'team_member'),
('d98dd013-ed0a-4844-a1d3-46b8388252a1', '6504e69d-d73d-4ab6-91d7-5f8920c05efe', '2025-03-27 00:12:48+00', '8a99fad2-0537-4017-b282-4f85ce643131', 'team_admin'),
('d98dd013-ed0a-4844-a1d3-46b8388252a1', '3f4595a6-42f3-42d9-b10f-6111e8e68fd2', '2025-04-29 14:30:58+00', '6504e69d-d73d-4ab6-91d7-5f8920c05efe', 'team_member'),
('d98dd013-ed0a-4844-a1d3-46b8388252a1', '2091cb3a-6059-4743-ac79-403916835135', '2024-07-03 00:59:31+00', '8a99fad2-0537-4017-b282-4f85ce643131', 'team_member'),
('d98dd013-ed0a-4844-a1d3-46b8388252a1', '8c38709f-7865-4580-93b5-0311891e3559', '2025-04-27 16:21:33+00', '6504e69d-d73d-4ab6-91d7-5f8920c05efe', 'team_member'),
('d98dd013-ed0a-4844-a1d3-46b8388252a1', '7ef55932-da50-4d98-b436-5248e183277b', '2025-09-05 07:07:23+00', '8a99fad2-0537-4017-b282-4f85ce643131', 'team_member'),
('d98dd013-ed0a-4844-a1d3-46b8388252a1', '8b0fa65d-106d-45a5-a965-d9b186d3558c', '2024-05-13 19:05:22+00', '8a99fad2-0537-4017-b282-4f85ce643131', 'team_member'),
('7420872b-3c98-4873-93fd-758095f827e9', '8a99fad2-0537-4017-b282-4f85ce643131', '2024-05-19 03:03:25+00', '8a99fad2-0537-4017-b282-4f85ce643131', 'team_admin'),
('7420872b-3c98-4873-93fd-758095f827e9', 'fb41aa09-3b69-4100-9309-ee743361b7ad', '2024-07-11 00:04:16+00', '8a99fad2-0537-4017-b282-4f85ce643131', 'team_member'),
('7420872b-3c98-4873-93fd-758095f827e9', 'bd293ec5-b29b-4ed5-a9de-113859d216bc', '2024-01-13 23:55:55+00', '8a99fad2-0537-4017-b282-4f85ce643131', 'team_member'),
('7420872b-3c98-4873-93fd-758095f827e9', '98413eec-9cd3-4b8a-bd3d-d6db7b7b01be', '2025-08-02 20:22:50+00', '8a99fad2-0537-4017-b282-4f85ce643131', 'team_member'),
('7420872b-3c98-4873-93fd-758095f827e9', '6504e69d-d73d-4ab6-91d7-5f8920c05efe', '2025-06-18 08:10:36+00', '7ef55932-da50-4d98-b436-5248e183277b', 'team_member'),
('7420872b-3c98-4873-93fd-758095f827e9', 'b65d9dc7-6db5-40c9-a610-da384d13930a', '2024-06-26 19:06:24+00', '7ef55932-da50-4d98-b436-5248e183277b', 'team_member'),
('7420872b-3c98-4873-93fd-758095f827e9', '2091cb3a-6059-4743-ac79-403916835135', '2024-02-09 01:42:21+00', '7ef55932-da50-4d98-b436-5248e183277b', 'team_member'),
('7420872b-3c98-4873-93fd-758095f827e9', '8c38709f-7865-4580-93b5-0311891e3559', '2024-05-02 19:01:52+00', '8a99fad2-0537-4017-b282-4f85ce643131', 'team_member'),
('7420872b-3c98-4873-93fd-758095f827e9', '5addc43d-f7cb-4f65-8fc2-5b18386d1035', '2025-07-24 14:47:37+00', '7ef55932-da50-4d98-b436-5248e183277b', 'team_member'),
('7420872b-3c98-4873-93fd-758095f827e9', 'db9864d6-9cfe-419c-887e-1b792f737b78', '2024-01-21 16:32:15+00', '7ef55932-da50-4d98-b436-5248e183277b', 'team_member'),
('7420872b-3c98-4873-93fd-758095f827e9', '7ef55932-da50-4d98-b436-5248e183277b', '2024-02-28 03:30:14+00', '8a99fad2-0537-4017-b282-4f85ce643131', 'team_admin'),
('7b27f0c0-5532-4c92-8581-add38db2bdc1', '8a99fad2-0537-4017-b282-4f85ce643131', '2025-01-02 17:47:02+00', '8a99fad2-0537-4017-b282-4f85ce643131', 'team_admin'),
('7b27f0c0-5532-4c92-8581-add38db2bdc1', 'bd293ec5-b29b-4ed5-a9de-113859d216bc', '2024-10-29 06:59:53+00', '6504e69d-d73d-4ab6-91d7-5f8920c05efe', 'team_member'),
('7b27f0c0-5532-4c92-8581-add38db2bdc1', '98413eec-9cd3-4b8a-bd3d-d6db7b7b01be', '2024-04-15 23:50:58+00', '8a99fad2-0537-4017-b282-4f85ce643131', 'team_member'),
('7b27f0c0-5532-4c92-8581-add38db2bdc1', '6504e69d-d73d-4ab6-91d7-5f8920c05efe', '2024-08-07 09:17:38+00', '6504e69d-d73d-4ab6-91d7-5f8920c05efe', 'team_admin'),
('7b27f0c0-5532-4c92-8581-add38db2bdc1', '3f4595a6-42f3-42d9-b10f-6111e8e68fd2', '2024-03-13 14:12:57+00', '8a99fad2-0537-4017-b282-4f85ce643131', 'team_member'),
('7b27f0c0-5532-4c92-8581-add38db2bdc1', 'fa9c356c-1d78-4795-a8d1-70f501c63508', '2024-04-12 09:10:21+00', '8a99fad2-0537-4017-b282-4f85ce643131', 'team_member'),
('7b27f0c0-5532-4c92-8581-add38db2bdc1', '2091cb3a-6059-4743-ac79-403916835135', '2024-09-23 22:01:43+00', '6504e69d-d73d-4ab6-91d7-5f8920c05efe', 'team_member'),
('7b27f0c0-5532-4c92-8581-add38db2bdc1', '8c38709f-7865-4580-93b5-0311891e3559', '2024-09-21 11:18:14+00', '8a99fad2-0537-4017-b282-4f85ce643131', 'team_member'),
('7b27f0c0-5532-4c92-8581-add38db2bdc1', '5addc43d-f7cb-4f65-8fc2-5b18386d1035', '2025-05-09 23:32:03+00', '6504e69d-d73d-4ab6-91d7-5f8920c05efe', 'team_member'),
('7b27f0c0-5532-4c92-8581-add38db2bdc1', 'db9864d6-9cfe-419c-887e-1b792f737b78', '2024-11-17 00:38:13+00', '8a99fad2-0537-4017-b282-4f85ce643131', 'team_member'),
('7b27f0c0-5532-4c92-8581-add38db2bdc1', '7ef55932-da50-4d98-b436-5248e183277b', '2024-07-20 13:15:39+00', '6504e69d-d73d-4ab6-91d7-5f8920c05efe', 'team_member'),
('7b27f0c0-5532-4c92-8581-add38db2bdc1', '8b0fa65d-106d-45a5-a965-d9b186d3558c', '2024-04-16 11:48:07+00', '6504e69d-d73d-4ab6-91d7-5f8920c05efe', 'team_member'),
('305df59d-33b4-41b8-9c25-a96051a349a2', '1ea52d20-c358-4974-b40f-2fcff27411df', '2024-11-26 22:44:14+00', '1ea52d20-c358-4974-b40f-2fcff27411df', 'team_admin'),
('305df59d-33b4-41b8-9c25-a96051a349a2', 'f0998fec-1c2b-440f-bb28-62dd602f210b', '2024-08-10 20:07:18+00', '1ea52d20-c358-4974-b40f-2fcff27411df', 'team_member'),
('305df59d-33b4-41b8-9c25-a96051a349a2', '2e487439-12fc-49b9-bbf8-ee7d74814da9', '2025-08-29 10:27:21+00', '1ea52d20-c358-4974-b40f-2fcff27411df', 'team_member'),
('305df59d-33b4-41b8-9c25-a96051a349a2', 'edaa561b-c454-4ad2-b746-d8adf4953331', '2025-04-06 21:58:50+00', 'f561d7db-84f2-4a30-affe-1d05d8fb5609', 'team_member'),
('305df59d-33b4-41b8-9c25-a96051a349a2', '6f936d5f-8c7f-48b0-b55c-a7c62f265364', '2025-06-08 14:28:16+00', '6f936d5f-8c7f-48b0-b55c-a7c62f265364', 'team_admin'),
('305df59d-33b4-41b8-9c25-a96051a349a2', 'f561d7db-84f2-4a30-affe-1d05d8fb5609', '2024-02-19 23:15:02+00', '6f936d5f-8c7f-48b0-b55c-a7c62f265364', 'team_admin'),
('305df59d-33b4-41b8-9c25-a96051a349a2', 'c1a7d244-a452-4f86-8a36-1d543b862a38', '2025-08-19 17:04:07+00', '1ea52d20-c358-4974-b40f-2fcff27411df', 'team_member'),
('ee92ae9a-229d-4e2b-95af-0a80b51f9a56', '1ea52d20-c358-4974-b40f-2fcff27411df', '2025-09-04 13:29:15+00', '1ea52d20-c358-4974-b40f-2fcff27411df', 'team_admin'),
('ee92ae9a-229d-4e2b-95af-0a80b51f9a56', 'f0998fec-1c2b-440f-bb28-62dd602f210b', '2024-08-02 15:11:19+00', 'f94aac06-c87a-4d42-9703-9a16d39d68b4', 'team_member'),
('ee92ae9a-229d-4e2b-95af-0a80b51f9a56', '2e487439-12fc-49b9-bbf8-ee7d74814da9', '2024-02-27 00:34:17+00', '1ea52d20-c358-4974-b40f-2fcff27411df', 'team_member'),
('ee92ae9a-229d-4e2b-95af-0a80b51f9a56', 'edaa561b-c454-4ad2-b746-d8adf4953331', '2024-06-03 01:19:48+00', 'f94aac06-c87a-4d42-9703-9a16d39d68b4', 'team_member'),
('ee92ae9a-229d-4e2b-95af-0a80b51f9a56', '6f936d5f-8c7f-48b0-b55c-a7c62f265364', '2025-06-28 13:57:46+00', '1ea52d20-c358-4974-b40f-2fcff27411df', 'team_member'),
('ee92ae9a-229d-4e2b-95af-0a80b51f9a56', 'f94aac06-c87a-4d42-9703-9a16d39d68b4', '2024-04-17 04:56:15+00', 'f94aac06-c87a-4d42-9703-9a16d39d68b4', 'team_admin'),
('ee92ae9a-229d-4e2b-95af-0a80b51f9a56', 'f561d7db-84f2-4a30-affe-1d05d8fb5609', '2025-01-16 19:42:21+00', 'f94aac06-c87a-4d42-9703-9a16d39d68b4', 'team_member'),
('ee92ae9a-229d-4e2b-95af-0a80b51f9a56', 'c1a7d244-a452-4f86-8a36-1d543b862a38', '2025-06-05 05:54:08+00', '1ea52d20-c358-4974-b40f-2fcff27411df', 'team_member'),
('2e3fa68f-986c-48c4-8d7e-b5d7051cc889', '91c8b514-3680-4144-b86b-ac78fc50dfd4', '2025-08-25 16:30:54+00', '91c8b514-3680-4144-b86b-ac78fc50dfd4', 'team_admin'),
('2e3fa68f-986c-48c4-8d7e-b5d7051cc889', 'b3955f39-70ae-4850-b160-c7ca4e406189', '2025-07-29 00:23:45+00', '91c8b514-3680-4144-b86b-ac78fc50dfd4', 'team_member'),
('2e3fa68f-986c-48c4-8d7e-b5d7051cc889', '3b474b0e-9bad-4ef4-b474-121b700ea9cb', '2024-10-01 16:19:21+00', 'b809c6ea-11f7-4a30-a837-72e6e2b4b406', 'team_member'),
('2e3fa68f-986c-48c4-8d7e-b5d7051cc889', 'b809c6ea-11f7-4a30-a837-72e6e2b4b406', '2024-05-23 11:12:58+00', '91c8b514-3680-4144-b86b-ac78fc50dfd4', 'team_admin'),
('2e3fa68f-986c-48c4-8d7e-b5d7051cc889', '893172a9-9f70-40be-8619-af1e52ee3517', '2024-11-19 21:30:46+00', 'b809c6ea-11f7-4a30-a837-72e6e2b4b406', 'team_member'),
('2e3fa68f-986c-48c4-8d7e-b5d7051cc889', 'c17ff8e7-c3f0-46ba-98e3-90a08f7125af', '2024-09-08 10:10:28+00', '91c8b514-3680-4144-b86b-ac78fc50dfd4', 'team_member'),
('9499a70e-54d7-47bc-a45b-357c0e32bcfc', '91c8b514-3680-4144-b86b-ac78fc50dfd4', '2024-08-31 12:05:14+00', 'b3955f39-70ae-4850-b160-c7ca4e406189', 'team_admin'),
('9499a70e-54d7-47bc-a45b-357c0e32bcfc', 'b90ecb9f-1635-454e-bf05-f0e8ebfa9e41', '2025-08-14 05:31:57+00', '91c8b514-3680-4144-b86b-ac78fc50dfd4', 'team_member'),
('9499a70e-54d7-47bc-a45b-357c0e32bcfc', 'b3955f39-70ae-4850-b160-c7ca4e406189', '2024-01-18 00:44:50+00', 'b3955f39-70ae-4850-b160-c7ca4e406189', 'team_admin'),
('9499a70e-54d7-47bc-a45b-357c0e32bcfc', 'b809c6ea-11f7-4a30-a837-72e6e2b4b406', '2024-11-15 01:26:25+00', 'b3955f39-70ae-4850-b160-c7ca4e406189', 'team_member'),
('9499a70e-54d7-47bc-a45b-357c0e32bcfc', 'c17ff8e7-c3f0-46ba-98e3-90a08f7125af', '2025-08-25 07:17:27+00', 'c17ff8e7-c3f0-46ba-98e3-90a08f7125af', 'team_admin'),
('9499a70e-54d7-47bc-a45b-357c0e32bcfc', 'aa61d805-efaf-4273-b14f-54f9e9362604', '2024-10-16 00:09:29+00', 'b3955f39-70ae-4850-b160-c7ca4e406189', 'team_member'),
('a3aaefb0-1f94-4fcf-8e37-840ce12578ed', '91c8b514-3680-4144-b86b-ac78fc50dfd4', '2025-01-10 15:26:47+00', '91c8b514-3680-4144-b86b-ac78fc50dfd4', 'team_admin'),
('a3aaefb0-1f94-4fcf-8e37-840ce12578ed', 'b90ecb9f-1635-454e-bf05-f0e8ebfa9e41', '2024-11-11 04:50:41+00', 'c17ff8e7-c3f0-46ba-98e3-90a08f7125af', 'team_member'),
('a3aaefb0-1f94-4fcf-8e37-840ce12578ed', 'b3955f39-70ae-4850-b160-c7ca4e406189', '2024-12-22 17:11:47+00', '91c8b514-3680-4144-b86b-ac78fc50dfd4', 'team_member'),
('a3aaefb0-1f94-4fcf-8e37-840ce12578ed', '893172a9-9f70-40be-8619-af1e52ee3517', '2025-08-10 17:43:54+00', '91c8b514-3680-4144-b86b-ac78fc50dfd4', 'team_member'),
('a3aaefb0-1f94-4fcf-8e37-840ce12578ed', 'c17ff8e7-c3f0-46ba-98e3-90a08f7125af', '2024-12-20 08:36:25+00', 'c17ff8e7-c3f0-46ba-98e3-90a08f7125af', 'team_admin'),
('a3aaefb0-1f94-4fcf-8e37-840ce12578ed', 'aa61d805-efaf-4273-b14f-54f9e9362604', '2025-02-15 06:20:54+00', '91c8b514-3680-4144-b86b-ac78fc50dfd4', 'team_member'),
('e1a13415-84e5-4ce5-b925-45aa166cb9be', 'd084ddb4-d6af-44b8-9d1e-147c956e8083', '2025-01-28 16:08:00+00', 'd084ddb4-d6af-44b8-9d1e-147c956e8083', 'team_admin'),
('e1a13415-84e5-4ce5-b925-45aa166cb9be', '20cd5a8c-859a-46cc-b29e-8eccf67a6381', '2025-05-18 09:40:59+00', '20cd5a8c-859a-46cc-b29e-8eccf67a6381', 'team_admin'),
('e1a13415-84e5-4ce5-b925-45aa166cb9be', 'eb4b8bbd-90af-44a2-b247-3c468d79ecc1', '2024-09-20 17:35:36+00', 'd084ddb4-d6af-44b8-9d1e-147c956e8083', 'team_member'),
('267a259a-26f9-469a-9420-733074beac98', 'd084ddb4-d6af-44b8-9d1e-147c956e8083', '2024-06-27 15:12:56+00', 'd084ddb4-d6af-44b8-9d1e-147c956e8083', 'team_admin'),
('267a259a-26f9-469a-9420-733074beac98', 'c79d5177-ab20-4113-a726-e154dd959161', '2025-06-01 16:48:25+00', 'd084ddb4-d6af-44b8-9d1e-147c956e8083', 'team_member'),
('267a259a-26f9-469a-9420-733074beac98', 'eb4b8bbd-90af-44a2-b247-3c468d79ecc1', '2024-02-17 10:39:32+00', 'd084ddb4-d6af-44b8-9d1e-147c956e8083', 'team_admin'),
('b6ecea56-8bfa-49d6-88e6-88e2ab795657', '6f96e3c9-b622-4515-96b6-9fb26d6d0012', '2024-08-21 05:28:19+00', '6f96e3c9-b622-4515-96b6-9fb26d6d0012', 'team_admin'),
('b6ecea56-8bfa-49d6-88e6-88e2ab795657', '73a3f2cd-1023-4404-ba7a-483149cb7350', '2024-02-24 23:51:38+00', '1d33267b-7ee6-4688-bb95-bace0ddad92f', 'team_member'),
('b6ecea56-8bfa-49d6-88e6-88e2ab795657', '215d2504-4909-4f4c-9d7d-39242048b859', '2024-04-20 22:31:41+00', '1d33267b-7ee6-4688-bb95-bace0ddad92f', 'team_member'),
('b6ecea56-8bfa-49d6-88e6-88e2ab795657', '1d33267b-7ee6-4688-bb95-bace0ddad92f', '2025-07-11 17:51:48+00', '1d33267b-7ee6-4688-bb95-bace0ddad92f', 'team_admin'),
('b6ecea56-8bfa-49d6-88e6-88e2ab795657', 'af36c8bb-83a9-4d48-a7d6-01f3b529e7a2', '2024-04-12 06:30:24+00', '1d33267b-7ee6-4688-bb95-bace0ddad92f', 'team_member'),
('b6ecea56-8bfa-49d6-88e6-88e2ab795657', '0e92ddf8-4bd7-46eb-b307-b2b617e9b9b1', '2025-04-05 11:27:33+00', '6f96e3c9-b622-4515-96b6-9fb26d6d0012', 'team_member'),
('b6ecea56-8bfa-49d6-88e6-88e2ab795657', '582098df-8a51-4005-862a-67ee8dd0ac38', '2024-09-20 08:18:06+00', '6f96e3c9-b622-4515-96b6-9fb26d6d0012', 'team_member'),
('7f6572fc-f975-4cc9-9d78-d142c737c4f0', '6f96e3c9-b622-4515-96b6-9fb26d6d0012', '2024-09-04 22:02:00+00', '6f96e3c9-b622-4515-96b6-9fb26d6d0012', 'team_admin'),
('7f6572fc-f975-4cc9-9d78-d142c737c4f0', '14fa3200-6870-4725-856f-21d32c6224df', '2024-10-19 08:02:51+00', '1d33267b-7ee6-4688-bb95-bace0ddad92f', 'team_member'),
('7f6572fc-f975-4cc9-9d78-d142c737c4f0', '73a3f2cd-1023-4404-ba7a-483149cb7350', '2025-05-03 23:34:58+00', '1d33267b-7ee6-4688-bb95-bace0ddad92f', 'team_member'),
('7f6572fc-f975-4cc9-9d78-d142c737c4f0', '1d33267b-7ee6-4688-bb95-bace0ddad92f', '2024-07-17 01:14:34+00', '1d33267b-7ee6-4688-bb95-bace0ddad92f', 'team_admin'),
('7f6572fc-f975-4cc9-9d78-d142c737c4f0', 'af36c8bb-83a9-4d48-a7d6-01f3b529e7a2', '2025-06-15 11:33:53+00', 'af36c8bb-83a9-4d48-a7d6-01f3b529e7a2', 'team_admin'),
('7f6572fc-f975-4cc9-9d78-d142c737c4f0', '0e92ddf8-4bd7-46eb-b307-b2b617e9b9b1', '2024-11-11 16:58:23+00', '1d33267b-7ee6-4688-bb95-bace0ddad92f', 'team_member'),
('7f6572fc-f975-4cc9-9d78-d142c737c4f0', '2f2dd96e-cd08-4101-bbe9-95d6ca807473', '2024-06-23 21:20:29+00', '1d33267b-7ee6-4688-bb95-bace0ddad92f', 'team_member'),
('f55f20f8-0693-4d9e-8d0f-fb10b08928a6', '6f96e3c9-b622-4515-96b6-9fb26d6d0012', '2024-02-27 23:40:52+00', '6f96e3c9-b622-4515-96b6-9fb26d6d0012', 'team_admin'),
('f55f20f8-0693-4d9e-8d0f-fb10b08928a6', '14fa3200-6870-4725-856f-21d32c6224df', '2024-10-24 19:24:05+00', '1d33267b-7ee6-4688-bb95-bace0ddad92f', 'team_member'),
('f55f20f8-0693-4d9e-8d0f-fb10b08928a6', '73a3f2cd-1023-4404-ba7a-483149cb7350', '2025-04-01 13:38:54+00', '6f96e3c9-b622-4515-96b6-9fb26d6d0012', 'team_member'),
('f55f20f8-0693-4d9e-8d0f-fb10b08928a6', '215d2504-4909-4f4c-9d7d-39242048b859', '2024-10-26 14:26:30+00', '6f96e3c9-b622-4515-96b6-9fb26d6d0012', 'team_member'),
('f55f20f8-0693-4d9e-8d0f-fb10b08928a6', '1d33267b-7ee6-4688-bb95-bace0ddad92f', '2024-10-13 08:12:15+00', '6f96e3c9-b622-4515-96b6-9fb26d6d0012', 'team_admin'),
('f55f20f8-0693-4d9e-8d0f-fb10b08928a6', 'af36c8bb-83a9-4d48-a7d6-01f3b529e7a2', '2024-11-21 18:35:00+00', '6f96e3c9-b622-4515-96b6-9fb26d6d0012', 'team_member'),
('f55f20f8-0693-4d9e-8d0f-fb10b08928a6', '582098df-8a51-4005-862a-67ee8dd0ac38', '2025-07-20 13:21:17+00', '1d33267b-7ee6-4688-bb95-bace0ddad92f', 'team_member'),
('f55f20f8-0693-4d9e-8d0f-fb10b08928a6', '2f2dd96e-cd08-4101-bbe9-95d6ca807473', '2025-03-29 23:20:23+00', '6f96e3c9-b622-4515-96b6-9fb26d6d0012', 'team_member'),
('8d1ed79a-2ce1-49bf-abee-77162bdc1e82', 'e1fb6714-5e71-4fde-9f39-600bb65d8e5e', '2025-03-31 15:04:53+00', 'e1fb6714-5e71-4fde-9f39-600bb65d8e5e', 'team_admin'),
('8d1ed79a-2ce1-49bf-abee-77162bdc1e82', 'c426b3db-707b-4306-9e23-2dd00657b145', '2025-01-16 14:38:21+00', 'e1fb6714-5e71-4fde-9f39-600bb65d8e5e', 'team_member'),
('8d1ed79a-2ce1-49bf-abee-77162bdc1e82', '57d8d89a-6b33-4c12-8665-ab0482be16b2', '2024-12-31 14:39:52+00', 'e1fb6714-5e71-4fde-9f39-600bb65d8e5e', 'team_member'),
('8d1ed79a-2ce1-49bf-abee-77162bdc1e82', '76c88536-57ee-4e68-af48-ff0c88a4fb04', '2024-10-23 23:02:06+00', 'e1fb6714-5e71-4fde-9f39-600bb65d8e5e', 'team_member'),
('8d1ed79a-2ce1-49bf-abee-77162bdc1e82', 'ed3b7092-2831-41c2-9982-90ec7562a28a', '2025-01-27 13:32:13+00', 'e1fb6714-5e71-4fde-9f39-600bb65d8e5e', 'team_member'),
('8d1ed79a-2ce1-49bf-abee-77162bdc1e82', '154cff42-3ee8-423a-a0e5-8bc76da71ae4', '2025-07-16 10:18:03+00', 'e1fb6714-5e71-4fde-9f39-600bb65d8e5e', 'team_member'),
('d78325e1-e7fb-4604-abfc-1a927bd15339', 'e1fb6714-5e71-4fde-9f39-600bb65d8e5e', '2024-05-09 23:36:39+00', 'c426b3db-707b-4306-9e23-2dd00657b145', 'team_admin'),
('d78325e1-e7fb-4604-abfc-1a927bd15339', 'c426b3db-707b-4306-9e23-2dd00657b145', '2025-08-31 13:22:45+00', 'c426b3db-707b-4306-9e23-2dd00657b145', 'team_admin'),
('d78325e1-e7fb-4604-abfc-1a927bd15339', '2babef9a-8a3a-458a-bca4-cc0831c3a216', '2024-03-19 17:03:32+00', 'c426b3db-707b-4306-9e23-2dd00657b145', 'team_member'),
('d78325e1-e7fb-4604-abfc-1a927bd15339', 'd0477f56-cec9-4dab-b9a3-6cde87c7815c', '2024-10-27 08:49:51+00', 'c426b3db-707b-4306-9e23-2dd00657b145', 'team_member'),
('d78325e1-e7fb-4604-abfc-1a927bd15339', '5ba2cac2-848e-4c9e-a654-75d4c4eda490', '2025-08-25 00:54:56+00', 'ddd1c527-0687-4e19-8867-4cfdf36e4b43', 'team_member'),
('d78325e1-e7fb-4604-abfc-1a927bd15339', 'c9215d9c-d08a-4256-9e0a-eaa27b22fa21', '2024-01-02 17:16:10+00', 'e1fb6714-5e71-4fde-9f39-600bb65d8e5e', 'team_member'),
('d78325e1-e7fb-4604-abfc-1a927bd15339', '57d8d89a-6b33-4c12-8665-ab0482be16b2', '2025-06-17 17:02:49+00', 'c426b3db-707b-4306-9e23-2dd00657b145', 'team_member'),
('d78325e1-e7fb-4604-abfc-1a927bd15339', '76c88536-57ee-4e68-af48-ff0c88a4fb04', '2024-06-09 23:17:27+00', 'ddd1c527-0687-4e19-8867-4cfdf36e4b43', 'team_member'),
('d78325e1-e7fb-4604-abfc-1a927bd15339', '1843e73e-c8ec-474b-bac4-7b4e5d2009f6', '2024-02-09 06:03:18+00', 'ddd1c527-0687-4e19-8867-4cfdf36e4b43', 'team_member'),
('d78325e1-e7fb-4604-abfc-1a927bd15339', 'ddd1c527-0687-4e19-8867-4cfdf36e4b43', '2024-08-01 09:39:16+00', 'c426b3db-707b-4306-9e23-2dd00657b145', 'team_admin'),
('d78325e1-e7fb-4604-abfc-1a927bd15339', 'ed3b7092-2831-41c2-9982-90ec7562a28a', '2024-04-08 17:45:19+00', 'e1fb6714-5e71-4fde-9f39-600bb65d8e5e', 'team_member'),
('d78325e1-e7fb-4604-abfc-1a927bd15339', '154cff42-3ee8-423a-a0e5-8bc76da71ae4', '2025-04-16 16:19:20+00', 'ddd1c527-0687-4e19-8867-4cfdf36e4b43', 'team_member'),
('d78325e1-e7fb-4604-abfc-1a927bd15339', 'e47cd46b-1a80-47ab-9f1f-69b950059fee', '2024-07-11 16:38:23+00', 'c426b3db-707b-4306-9e23-2dd00657b145', 'team_member'),
('e59b6d1e-19e6-4bbc-ad99-ea99eb5e5049', '0225f4be-0dd5-4a59-9bb8-a187c4a0390f', '2025-02-10 08:30:05+00', '0225f4be-0dd5-4a59-9bb8-a187c4a0390f', 'team_admin'),
('e59b6d1e-19e6-4bbc-ad99-ea99eb5e5049', 'ee07d2a9-050a-45d1-9db2-59f4a1f809d1', '2025-02-16 12:24:19+00', '0225f4be-0dd5-4a59-9bb8-a187c4a0390f', 'team_member'),
('e59b6d1e-19e6-4bbc-ad99-ea99eb5e5049', 'b93ba2d4-ca5c-41ce-8817-f3b9dae568ed', '2025-08-07 07:47:39+00', '952a8a36-a986-4ef6-9d43-fddba534b0ed', 'team_member'),
('e59b6d1e-19e6-4bbc-ad99-ea99eb5e5049', '7e5689b4-d597-4769-a887-5792ec1a8fe2', '2025-05-21 18:00:33+00', '952a8a36-a986-4ef6-9d43-fddba534b0ed', 'team_member'),
('e59b6d1e-19e6-4bbc-ad99-ea99eb5e5049', '235d0a38-5053-4cfe-abb6-cc829674dba7', '2024-03-03 22:59:38+00', '204ed978-f7a3-476c-a3d4-027732f38e3a', 'team_member'),
('e59b6d1e-19e6-4bbc-ad99-ea99eb5e5049', '6c08321a-0a5f-4045-a3cd-4888460591a1', '2024-01-14 22:38:31+00', '952a8a36-a986-4ef6-9d43-fddba534b0ed', 'team_member'),
('e59b6d1e-19e6-4bbc-ad99-ea99eb5e5049', 'cc3fe785-ed37-439d-9748-3108b32f1e50', '2024-05-09 04:28:44+00', '204ed978-f7a3-476c-a3d4-027732f38e3a', 'team_member'),
('e59b6d1e-19e6-4bbc-ad99-ea99eb5e5049', '204ed978-f7a3-476c-a3d4-027732f38e3a', '2024-12-19 14:16:26+00', '204ed978-f7a3-476c-a3d4-027732f38e3a', 'team_admin'),
('e59b6d1e-19e6-4bbc-ad99-ea99eb5e5049', '06427a0a-a45f-463f-b82d-5a6dd375c887', '2024-09-11 07:49:25+00', '0225f4be-0dd5-4a59-9bb8-a187c4a0390f', 'team_member'),
('e59b6d1e-19e6-4bbc-ad99-ea99eb5e5049', '46b8580a-e45e-4b6c-85e4-d923613e8eb9', '2025-04-09 20:34:36+00', '0225f4be-0dd5-4a59-9bb8-a187c4a0390f', 'team_member'),
('e59b6d1e-19e6-4bbc-ad99-ea99eb5e5049', '6729b544-1b1d-4428-863e-a68ab4f2e19c', '2024-05-04 01:02:39+00', '0225f4be-0dd5-4a59-9bb8-a187c4a0390f', 'team_member'),
('e59b6d1e-19e6-4bbc-ad99-ea99eb5e5049', '4bd6a83f-ce56-4717-9479-fc14ae286276', '2024-02-11 04:18:29+00', '952a8a36-a986-4ef6-9d43-fddba534b0ed', 'team_member'),
('e59b6d1e-19e6-4bbc-ad99-ea99eb5e5049', 'afb3ab27-cad2-4dbe-8b03-c360b23880cc', '2024-06-17 01:51:26+00', '952a8a36-a986-4ef6-9d43-fddba534b0ed', 'team_member'),
('e59b6d1e-19e6-4bbc-ad99-ea99eb5e5049', '10430d42-6065-446b-85bf-d1178b671496', '2024-09-23 22:17:49+00', '952a8a36-a986-4ef6-9d43-fddba534b0ed', 'team_member'),
('e59b6d1e-19e6-4bbc-ad99-ea99eb5e5049', '971a7168-a049-496c-b3ca-11fb238f7d39', '2025-04-04 10:51:40+00', '952a8a36-a986-4ef6-9d43-fddba534b0ed', 'team_member'),
('e59b6d1e-19e6-4bbc-ad99-ea99eb5e5049', '5ec0e021-c5ef-4b4d-9d34-3a31ceb84b8c', '2025-05-10 04:12:36+00', '204ed978-f7a3-476c-a3d4-027732f38e3a', 'team_member'),
('e59b6d1e-19e6-4bbc-ad99-ea99eb5e5049', '952a8a36-a986-4ef6-9d43-fddba534b0ed', '2024-09-19 22:43:48+00', '952a8a36-a986-4ef6-9d43-fddba534b0ed', 'team_admin'),
('e39c3f9c-e633-4ad9-96dd-c48e8782f194', '0225f4be-0dd5-4a59-9bb8-a187c4a0390f', '2024-12-25 06:38:00+00', '0225f4be-0dd5-4a59-9bb8-a187c4a0390f', 'team_admin'),
('e39c3f9c-e633-4ad9-96dd-c48e8782f194', 'ee07d2a9-050a-45d1-9db2-59f4a1f809d1', '2025-03-20 01:17:23+00', '0225f4be-0dd5-4a59-9bb8-a187c4a0390f', 'team_admin'),
('e39c3f9c-e633-4ad9-96dd-c48e8782f194', 'b93ba2d4-ca5c-41ce-8817-f3b9dae568ed', '2024-02-16 06:23:18+00', 'ee07d2a9-050a-45d1-9db2-59f4a1f809d1', 'team_member'),
('e39c3f9c-e633-4ad9-96dd-c48e8782f194', '7e5689b4-d597-4769-a887-5792ec1a8fe2', '2024-06-13 19:08:04+00', '0225f4be-0dd5-4a59-9bb8-a187c4a0390f', 'team_member'),
('e39c3f9c-e633-4ad9-96dd-c48e8782f194', '235d0a38-5053-4cfe-abb6-cc829674dba7', '2024-05-17 19:39:09+00', '0225f4be-0dd5-4a59-9bb8-a187c4a0390f', 'team_member'),
('e39c3f9c-e633-4ad9-96dd-c48e8782f194', '92b7c8c7-0161-4319-a2b5-a5ca672879c1', '2024-02-27 17:13:03+00', '0225f4be-0dd5-4a59-9bb8-a187c4a0390f', 'team_member'),
('e39c3f9c-e633-4ad9-96dd-c48e8782f194', 'cc3fe785-ed37-439d-9748-3108b32f1e50', '2024-05-30 09:57:13+00', 'ee07d2a9-050a-45d1-9db2-59f4a1f809d1', 'team_member'),
('e39c3f9c-e633-4ad9-96dd-c48e8782f194', 'e484c288-096c-42f9-a6cd-6ee39fc7d664', '2024-07-12 07:52:02+00', '0225f4be-0dd5-4a59-9bb8-a187c4a0390f', 'team_member'),
('e39c3f9c-e633-4ad9-96dd-c48e8782f194', '204ed978-f7a3-476c-a3d4-027732f38e3a', '2024-08-19 13:30:43+00', 'ee07d2a9-050a-45d1-9db2-59f4a1f809d1', 'team_member'),
('e39c3f9c-e633-4ad9-96dd-c48e8782f194', '06427a0a-a45f-463f-b82d-5a6dd375c887', '2024-06-21 15:02:46+00', 'ee07d2a9-050a-45d1-9db2-59f4a1f809d1', 'team_member'),
('e39c3f9c-e633-4ad9-96dd-c48e8782f194', '46b8580a-e45e-4b6c-85e4-d923613e8eb9', '2025-02-18 04:53:38+00', 'ee07d2a9-050a-45d1-9db2-59f4a1f809d1', 'team_member'),
('e39c3f9c-e633-4ad9-96dd-c48e8782f194', '6729b544-1b1d-4428-863e-a68ab4f2e19c', '2025-03-28 17:29:53+00', '0225f4be-0dd5-4a59-9bb8-a187c4a0390f', 'team_member'),
('e39c3f9c-e633-4ad9-96dd-c48e8782f194', 'afb3ab27-cad2-4dbe-8b03-c360b23880cc', '2025-06-08 10:06:30+00', 'ee07d2a9-050a-45d1-9db2-59f4a1f809d1', 'team_member'),
('e39c3f9c-e633-4ad9-96dd-c48e8782f194', '10430d42-6065-446b-85bf-d1178b671496', '2024-03-22 13:46:00+00', 'ee07d2a9-050a-45d1-9db2-59f4a1f809d1', 'team_member'),
('e39c3f9c-e633-4ad9-96dd-c48e8782f194', '5ec0e021-c5ef-4b4d-9d34-3a31ceb84b8c', '2025-05-18 21:29:09+00', 'ee07d2a9-050a-45d1-9db2-59f4a1f809d1', 'team_member'),
('e39c3f9c-e633-4ad9-96dd-c48e8782f194', '952a8a36-a986-4ef6-9d43-fddba534b0ed', '2024-11-11 11:08:00+00', '0225f4be-0dd5-4a59-9bb8-a187c4a0390f', 'team_member'),
('e51cc810-5ddf-4860-871d-ae052e57f7f6', 'dcc1cb4f-21e1-4c95-8831-795135845e13', '2024-01-07 02:19:40+00', 'dcc1cb4f-21e1-4c95-8831-795135845e13', 'team_admin'),
('e51cc810-5ddf-4860-871d-ae052e57f7f6', 'f796ab33-4c98-4071-b71e-c22ec96d8630', '2024-01-26 15:37:48+00', 'dcc1cb4f-21e1-4c95-8831-795135845e13', 'team_member'),
('e51cc810-5ddf-4860-871d-ae052e57f7f6', '71fdea39-2e00-4dca-b214-29ad3251fae3', '2025-06-28 18:00:13+00', '8110f5d3-d5a5-417f-b623-d62712712711', 'team_member'),
('e51cc810-5ddf-4860-871d-ae052e57f7f6', '8110f5d3-d5a5-417f-b623-d62712712711', '2025-04-14 16:46:30+00', '8110f5d3-d5a5-417f-b623-d62712712711', 'team_admin'),
('e51cc810-5ddf-4860-871d-ae052e57f7f6', '487cd5a0-5ba0-4071-bffe-b52ece181081', '2025-02-10 12:31:23+00', 'dcc1cb4f-21e1-4c95-8831-795135845e13', 'team_member'),
('e51cc810-5ddf-4860-871d-ae052e57f7f6', 'bdbfd135-78f2-4078-a2b2-4899a6e08fd7', '2024-06-29 21:53:39+00', '8110f5d3-d5a5-417f-b623-d62712712711', 'team_member'),
('05529cca-b527-4110-bad9-e385ef825e77', 'dcc1cb4f-21e1-4c95-8831-795135845e13', '2024-10-31 01:30:04+00', 'dcc1cb4f-21e1-4c95-8831-795135845e13', 'team_admin'),
('05529cca-b527-4110-bad9-e385ef825e77', 'f796ab33-4c98-4071-b71e-c22ec96d8630', '2025-07-12 23:29:34+00', '71fdea39-2e00-4dca-b214-29ad3251fae3', 'team_member'),
('05529cca-b527-4110-bad9-e385ef825e77', 'ef0414a2-5480-451c-b822-464571d0c961', '2024-06-11 01:29:04+00', '71fdea39-2e00-4dca-b214-29ad3251fae3', 'team_member'),
('05529cca-b527-4110-bad9-e385ef825e77', '71fdea39-2e00-4dca-b214-29ad3251fae3', '2024-05-23 17:52:20+00', '71fdea39-2e00-4dca-b214-29ad3251fae3', 'team_admin'),
('05529cca-b527-4110-bad9-e385ef825e77', 'dbf9236a-6649-4610-8fe4-e156d69cdc71', '2024-08-11 06:53:13+00', 'dcc1cb4f-21e1-4c95-8831-795135845e13', 'team_member'),
('05529cca-b527-4110-bad9-e385ef825e77', 'bdbfd135-78f2-4078-a2b2-4899a6e08fd7', '2024-09-27 23:44:52+00', '71fdea39-2e00-4dca-b214-29ad3251fae3', 'team_member'),
('59812473-471b-4da8-b11f-515df2ab69df', 'cde55a4a-f91a-4ec0-9dc8-076c9db7b453', '2024-08-18 15:45:14+00', 'fe20b3be-fd2d-480d-8560-bd5c367b5c71', 'team_admin'),
('59812473-471b-4da8-b11f-515df2ab69df', 'bf15d18d-141e-494f-97e4-f54a961821f9', '2025-07-14 17:07:22+00', 'cde55a4a-f91a-4ec0-9dc8-076c9db7b453', 'team_member'),
('59812473-471b-4da8-b11f-515df2ab69df', '9614bed2-85a9-45b8-95ea-ada8de9ac54f', '2025-08-25 21:50:53+00', '9483953b-aabf-40a0-889d-a3e2d018ac63', 'team_member'),
('59812473-471b-4da8-b11f-515df2ab69df', 'fe20b3be-fd2d-480d-8560-bd5c367b5c71', '2024-02-16 07:30:56+00', 'fe20b3be-fd2d-480d-8560-bd5c367b5c71', 'team_admin'),
('59812473-471b-4da8-b11f-515df2ab69df', '2b0aefb6-79c7-441c-9376-e456db19b50b', '2024-12-18 09:15:07+00', '9483953b-aabf-40a0-889d-a3e2d018ac63', 'team_member'),
('59812473-471b-4da8-b11f-515df2ab69df', '9483953b-aabf-40a0-889d-a3e2d018ac63', '2025-08-02 00:17:30+00', '9483953b-aabf-40a0-889d-a3e2d018ac63', 'team_admin'),
('59812473-471b-4da8-b11f-515df2ab69df', '861a8b55-a197-48c7-896d-968a19604cf1', '2025-09-03 02:14:37+00', '9483953b-aabf-40a0-889d-a3e2d018ac63', 'team_member'),
('59812473-471b-4da8-b11f-515df2ab69df', '2e74280a-aaab-4e8d-8a15-58fe0b92db82', '2025-05-22 12:18:56+00', 'fe20b3be-fd2d-480d-8560-bd5c367b5c71', 'team_member'),
('59812473-471b-4da8-b11f-515df2ab69df', '5f50975a-7877-447a-92b7-cdadabb1a01a', '2024-10-10 08:01:10+00', 'cde55a4a-f91a-4ec0-9dc8-076c9db7b453', 'team_member'),
('59812473-471b-4da8-b11f-515df2ab69df', 'e57eba94-cc50-497e-9f4d-5bb38c0eac40', '2024-06-12 17:05:20+00', '9483953b-aabf-40a0-889d-a3e2d018ac63', 'team_member'),
('fbf81ab4-9d58-4eaf-affc-1da8c8fffe36', 'cde55a4a-f91a-4ec0-9dc8-076c9db7b453', '2025-04-01 18:41:58+00', 'cde55a4a-f91a-4ec0-9dc8-076c9db7b453', 'team_admin'),
('fbf81ab4-9d58-4eaf-affc-1da8c8fffe36', '213f77f3-5314-4ccd-b6fe-8561a6aa43ce', '2025-04-25 16:07:30+00', '9df28abe-9202-4af5-9eb4-695e9c2408bf', 'team_member'),
('fbf81ab4-9d58-4eaf-affc-1da8c8fffe36', 'c170bbb7-37b3-45d8-8392-fb87a4c36a9b', '2024-02-20 07:45:13+00', '9df28abe-9202-4af5-9eb4-695e9c2408bf', 'team_member'),
('fbf81ab4-9d58-4eaf-affc-1da8c8fffe36', '9df28abe-9202-4af5-9eb4-695e9c2408bf', '2025-04-05 07:09:19+00', '9df28abe-9202-4af5-9eb4-695e9c2408bf', 'team_admin'),
('fbf81ab4-9d58-4eaf-affc-1da8c8fffe36', 'fe20b3be-fd2d-480d-8560-bd5c367b5c71', '2025-07-10 22:47:30+00', '9df28abe-9202-4af5-9eb4-695e9c2408bf', 'team_member'),
('fbf81ab4-9d58-4eaf-affc-1da8c8fffe36', '861a8b55-a197-48c7-896d-968a19604cf1', '2024-09-05 21:28:56+00', '9df28abe-9202-4af5-9eb4-695e9c2408bf', 'team_member'),
('fbf81ab4-9d58-4eaf-affc-1da8c8fffe36', '5f50975a-7877-447a-92b7-cdadabb1a01a', '2025-03-20 22:43:28+00', '9df28abe-9202-4af5-9eb4-695e9c2408bf', 'team_member'),
('fbf81ab4-9d58-4eaf-affc-1da8c8fffe36', 'd082c4d8-52ce-408c-bf6f-984ac0af23cd', '2024-08-07 10:57:15+00', 'cde55a4a-f91a-4ec0-9dc8-076c9db7b453', 'team_member'),
('fbf81ab4-9d58-4eaf-affc-1da8c8fffe36', 'e57eba94-cc50-497e-9f4d-5bb38c0eac40', '2024-12-09 06:28:16+00', '9df28abe-9202-4af5-9eb4-695e9c2408bf', 'team_member'),
('fbf81ab4-9d58-4eaf-affc-1da8c8fffe36', '863ccd65-2f4c-445c-914b-10ca3cd12622', '2024-07-30 21:32:39+00', 'cde55a4a-f91a-4ec0-9dc8-076c9db7b453', 'team_member'),
('3167abd3-013b-4d96-adf9-70eb1bac14b0', 'cde55a4a-f91a-4ec0-9dc8-076c9db7b453', '2024-12-06 22:44:00+00', 'cde55a4a-f91a-4ec0-9dc8-076c9db7b453', 'team_admin'),
('3167abd3-013b-4d96-adf9-70eb1bac14b0', '213f77f3-5314-4ccd-b6fe-8561a6aa43ce', '2025-08-04 01:12:19+00', 'e57eba94-cc50-497e-9f4d-5bb38c0eac40', 'team_member'),
('3167abd3-013b-4d96-adf9-70eb1bac14b0', 'bf15d18d-141e-494f-97e4-f54a961821f9', '2024-08-24 19:53:40+00', 'cde55a4a-f91a-4ec0-9dc8-076c9db7b453', 'team_member'),
('3167abd3-013b-4d96-adf9-70eb1bac14b0', 'c170bbb7-37b3-45d8-8392-fb87a4c36a9b', '2025-07-21 22:58:15+00', 'cde55a4a-f91a-4ec0-9dc8-076c9db7b453', 'team_member'),
('3167abd3-013b-4d96-adf9-70eb1bac14b0', 'fe20b3be-fd2d-480d-8560-bd5c367b5c71', '2024-09-05 13:57:41+00', 'cde55a4a-f91a-4ec0-9dc8-076c9db7b453', 'team_member'),
('3167abd3-013b-4d96-adf9-70eb1bac14b0', '2b0aefb6-79c7-441c-9376-e456db19b50b', '2024-11-08 02:24:35+00', 'e57eba94-cc50-497e-9f4d-5bb38c0eac40', 'team_member'),
('3167abd3-013b-4d96-adf9-70eb1bac14b0', '9483953b-aabf-40a0-889d-a3e2d018ac63', '2024-02-03 11:19:26+00', 'e57eba94-cc50-497e-9f4d-5bb38c0eac40', 'team_member'),
('3167abd3-013b-4d96-adf9-70eb1bac14b0', '861a8b55-a197-48c7-896d-968a19604cf1', '2024-10-24 16:53:29+00', 'e57eba94-cc50-497e-9f4d-5bb38c0eac40', 'team_member'),
('3167abd3-013b-4d96-adf9-70eb1bac14b0', '2e74280a-aaab-4e8d-8a15-58fe0b92db82', '2024-09-07 10:08:03+00', 'cde55a4a-f91a-4ec0-9dc8-076c9db7b453', 'team_member'),
('3167abd3-013b-4d96-adf9-70eb1bac14b0', '5f50975a-7877-447a-92b7-cdadabb1a01a', '2024-01-08 11:49:07+00', '5f50975a-7877-447a-92b7-cdadabb1a01a', 'team_admin'),
('3167abd3-013b-4d96-adf9-70eb1bac14b0', 'd082c4d8-52ce-408c-bf6f-984ac0af23cd', '2025-05-21 12:36:22+00', 'e57eba94-cc50-497e-9f4d-5bb38c0eac40', 'team_member'),
('3167abd3-013b-4d96-adf9-70eb1bac14b0', 'e57eba94-cc50-497e-9f4d-5bb38c0eac40', '2024-08-24 13:38:25+00', '5f50975a-7877-447a-92b7-cdadabb1a01a', 'team_admin'),
('3167abd3-013b-4d96-adf9-70eb1bac14b0', '863ccd65-2f4c-445c-914b-10ca3cd12622', '2024-04-11 00:38:53+00', '5f50975a-7877-447a-92b7-cdadabb1a01a', 'team_member'),
('48194a01-f41a-49c3-9c01-f3af2c2a0271', '5c5be448-bd51-48c7-ab91-eb16f7961ce3', '2024-01-11 22:51:35+00', '5c5be448-bd51-48c7-ab91-eb16f7961ce3', 'team_admin'),
('48194a01-f41a-49c3-9c01-f3af2c2a0271', '457802bc-f76f-42f1-b12a-32dcc41608a2', '2024-11-08 16:08:37+00', '5c5be448-bd51-48c7-ab91-eb16f7961ce3', 'team_member'),
('48194a01-f41a-49c3-9c01-f3af2c2a0271', 'b7a08e12-ce1b-4276-ac09-9518d35cf35e', '2024-03-12 20:43:24+00', '55ea80ec-7043-4e11-a315-1911682bd1bc', 'team_member'),
('48194a01-f41a-49c3-9c01-f3af2c2a0271', '3c8a68d1-b03f-4382-b8ef-450e93120f79', '2024-04-02 11:59:55+00', '5c5be448-bd51-48c7-ab91-eb16f7961ce3', 'team_member'),
('48194a01-f41a-49c3-9c01-f3af2c2a0271', '34f90975-9948-4ff7-9df2-6349001d32b8', '2025-02-23 06:02:58+00', '55ea80ec-7043-4e11-a315-1911682bd1bc', 'team_member'),
('48194a01-f41a-49c3-9c01-f3af2c2a0271', '55ea80ec-7043-4e11-a315-1911682bd1bc', '2025-07-20 06:27:05+00', '55ea80ec-7043-4e11-a315-1911682bd1bc', 'team_admin'),
('48194a01-f41a-49c3-9c01-f3af2c2a0271', 'b7f70f73-0b5e-4124-96d8-1caabbcd6768', '2025-08-20 12:31:59+00', '55ea80ec-7043-4e11-a315-1911682bd1bc', 'team_member'),
('48194a01-f41a-49c3-9c01-f3af2c2a0271', '5e0c49a0-826c-4e0c-961f-e552f19843ea', '2024-07-25 22:59:22+00', '5c5be448-bd51-48c7-ab91-eb16f7961ce3', 'team_member'),
('1327a35e-8a23-4d74-b952-a2be25305342', '5c5be448-bd51-48c7-ab91-eb16f7961ce3', '2025-02-15 06:03:11+00', '5c5be448-bd51-48c7-ab91-eb16f7961ce3', 'team_admin'),
('1327a35e-8a23-4d74-b952-a2be25305342', '457802bc-f76f-42f1-b12a-32dcc41608a2', '2024-10-15 12:47:15+00', '5c5be448-bd51-48c7-ab91-eb16f7961ce3', 'team_member'),
('1327a35e-8a23-4d74-b952-a2be25305342', 'b7a08e12-ce1b-4276-ac09-9518d35cf35e', '2025-02-06 15:29:03+00', '5c5be448-bd51-48c7-ab91-eb16f7961ce3', 'team_member'),
('1327a35e-8a23-4d74-b952-a2be25305342', '3c8a68d1-b03f-4382-b8ef-450e93120f79', '2024-10-24 11:55:58+00', '5c5be448-bd51-48c7-ab91-eb16f7961ce3', 'team_member'),
('1327a35e-8a23-4d74-b952-a2be25305342', '34f90975-9948-4ff7-9df2-6349001d32b8', '2024-02-12 09:13:14+00', '5c5be448-bd51-48c7-ab91-eb16f7961ce3', 'team_member'),
('1327a35e-8a23-4d74-b952-a2be25305342', '55ea80ec-7043-4e11-a315-1911682bd1bc', '2025-02-09 13:46:38+00', '5c5be448-bd51-48c7-ab91-eb16f7961ce3', 'team_member'),
('57923036-3645-445b-9e1b-1f01546bd58a', '9fe89fb4-301f-47e4-9903-c6d929c612fc', '2024-09-15 05:27:23+00', '9fe89fb4-301f-47e4-9903-c6d929c612fc', 'team_admin'),
('57923036-3645-445b-9e1b-1f01546bd58a', '8783249f-b395-4003-8a71-f4f20f4a0312', '2024-05-08 04:30:48+00', 'cdbc3acd-d975-40a7-a2ff-8053dd804a19', 'team_member'),
('57923036-3645-445b-9e1b-1f01546bd58a', '3b45782d-ed4b-4a05-9784-3371008d85d9', '2025-01-26 12:48:42+00', '9fe89fb4-301f-47e4-9903-c6d929c612fc', 'team_member'),
('57923036-3645-445b-9e1b-1f01546bd58a', 'cdbc3acd-d975-40a7-a2ff-8053dd804a19', '2024-07-04 11:34:37+00', 'cdbc3acd-d975-40a7-a2ff-8053dd804a19', 'team_admin'),
('57923036-3645-445b-9e1b-1f01546bd58a', '2cb501c7-47bc-45ac-ac8c-486991552b2d', '2025-05-11 07:48:59+00', '9fe89fb4-301f-47e4-9903-c6d929c612fc', 'team_member'),
('57923036-3645-445b-9e1b-1f01546bd58a', '0398e8cc-e0e5-4b66-a796-6c78ad511b9a', '2025-02-05 01:42:06+00', 'cdbc3acd-d975-40a7-a2ff-8053dd804a19', 'team_member'),
('57923036-3645-445b-9e1b-1f01546bd58a', '5b999ae1-5a02-4706-9f7d-00b2fc8ad1a7', '2024-09-07 06:52:10+00', 'cdbc3acd-d975-40a7-a2ff-8053dd804a19', 'team_member'),
('b75c6789-f0c9-404d-bf14-1e032bc7e443', '9fe89fb4-301f-47e4-9903-c6d929c612fc', '2025-04-30 15:57:22+00', '9fe89fb4-301f-47e4-9903-c6d929c612fc', 'team_admin'),
('b75c6789-f0c9-404d-bf14-1e032bc7e443', '87ddda2a-d4f7-4499-ba65-93df3408c44c', '2024-04-29 16:01:39+00', '87ddda2a-d4f7-4499-ba65-93df3408c44c', 'team_admin'),
('b75c6789-f0c9-404d-bf14-1e032bc7e443', '60d81428-60a4-4365-9d11-1b3e5f4c6f8e', '2024-02-22 04:05:20+00', '5b999ae1-5a02-4706-9f7d-00b2fc8ad1a7', 'team_member'),
('b75c6789-f0c9-404d-bf14-1e032bc7e443', '8783249f-b395-4003-8a71-f4f20f4a0312', '2025-08-07 13:13:04+00', '5b999ae1-5a02-4706-9f7d-00b2fc8ad1a7', 'team_member'),
('b75c6789-f0c9-404d-bf14-1e032bc7e443', '5c251bd3-e6e9-4afe-a23e-79d587bd3c7c', '2024-06-22 10:07:07+00', '5b999ae1-5a02-4706-9f7d-00b2fc8ad1a7', 'team_member'),
('b75c6789-f0c9-404d-bf14-1e032bc7e443', '4df97543-6c91-4b16-8866-4f2117719959', '2024-12-20 12:28:22+00', '9fe89fb4-301f-47e4-9903-c6d929c612fc', 'team_member'),
('b75c6789-f0c9-404d-bf14-1e032bc7e443', '8bdbcc41-2313-4d1c-b8ca-5bd3b809745f', '2025-07-09 08:26:53+00', '9fe89fb4-301f-47e4-9903-c6d929c612fc', 'team_member'),
('b75c6789-f0c9-404d-bf14-1e032bc7e443', 'cdbc3acd-d975-40a7-a2ff-8053dd804a19', '2024-09-22 14:04:56+00', '9fe89fb4-301f-47e4-9903-c6d929c612fc', 'team_member'),
('b75c6789-f0c9-404d-bf14-1e032bc7e443', '2cb501c7-47bc-45ac-ac8c-486991552b2d', '2025-02-21 16:54:53+00', '9fe89fb4-301f-47e4-9903-c6d929c612fc', 'team_member'),
('b75c6789-f0c9-404d-bf14-1e032bc7e443', '0398e8cc-e0e5-4b66-a796-6c78ad511b9a', '2024-09-20 12:08:37+00', '5b999ae1-5a02-4706-9f7d-00b2fc8ad1a7', 'team_member'),
('b75c6789-f0c9-404d-bf14-1e032bc7e443', '5b999ae1-5a02-4706-9f7d-00b2fc8ad1a7', '2024-03-15 11:35:37+00', '9fe89fb4-301f-47e4-9903-c6d929c612fc', 'team_admin'),
('6c8e5d97-4816-4eea-82f9-6638fd3ce06e', '23a99e72-75e2-4129-86c3-b95fc7279efc', '2025-07-18 01:34:30+00', '23a99e72-75e2-4129-86c3-b95fc7279efc', 'team_admin'),
('6c8e5d97-4816-4eea-82f9-6638fd3ce06e', '97102163-e282-442b-8366-0c33c260255b', '2025-06-20 05:16:58+00', '23a99e72-75e2-4129-86c3-b95fc7279efc', 'team_admin'),
('6c8e5d97-4816-4eea-82f9-6638fd3ce06e', '9b592950-c21d-4d53-8a94-9ecb3492be59', '2024-07-16 20:17:44+00', '97102163-e282-442b-8366-0c33c260255b', 'team_member'),
('6c8e5d97-4816-4eea-82f9-6638fd3ce06e', '7b25718b-adda-40b8-8ba4-9f28b313b54d', '2025-07-08 05:52:24+00', '2f8879a3-c919-435c-b05c-458909876b70', 'team_member'),
('6c8e5d97-4816-4eea-82f9-6638fd3ce06e', '1a5bcdf8-42e2-4071-8182-4642db624b5e', '2024-10-19 15:01:10+00', '23a99e72-75e2-4129-86c3-b95fc7279efc', 'team_member'),
('6c8e5d97-4816-4eea-82f9-6638fd3ce06e', '2f8879a3-c919-435c-b05c-458909876b70', '2024-07-21 11:28:12+00', '2f8879a3-c919-435c-b05c-458909876b70', 'team_admin'),
('6c8e5d97-4816-4eea-82f9-6638fd3ce06e', 'd3981809-b735-4054-8443-ce3e0f4864ef', '2024-10-19 06:39:46+00', '97102163-e282-442b-8366-0c33c260255b', 'team_member'),
('6c8e5d97-4816-4eea-82f9-6638fd3ce06e', 'e53b8711-5481-4375-86f5-44e88c923d4e', '2024-11-09 07:05:44+00', '2f8879a3-c919-435c-b05c-458909876b70', 'team_member'),
('6c8e5d97-4816-4eea-82f9-6638fd3ce06e', 'b2ea09e8-9284-4151-b902-4040d2d0f52a', '2025-03-18 11:11:30+00', '97102163-e282-442b-8366-0c33c260255b', 'team_member'),
('d4fc6c50-142c-4658-a0f1-73da8af4d3d1', '23a99e72-75e2-4129-86c3-b95fc7279efc', '2025-04-28 04:01:37+00', '23a99e72-75e2-4129-86c3-b95fc7279efc', 'team_admin'),
('d4fc6c50-142c-4658-a0f1-73da8af4d3d1', '9b592950-c21d-4d53-8a94-9ecb3492be59', '2024-06-23 12:51:22+00', '22c08c0e-22f0-4f2b-9347-e52b07e3f493', 'team_member'),
('d4fc6c50-142c-4658-a0f1-73da8af4d3d1', '7b25718b-adda-40b8-8ba4-9f28b313b54d', '2025-02-18 18:31:49+00', '22c08c0e-22f0-4f2b-9347-e52b07e3f493', 'team_member'),
('d4fc6c50-142c-4658-a0f1-73da8af4d3d1', '1a5bcdf8-42e2-4071-8182-4642db624b5e', '2025-03-07 03:17:00+00', '22c08c0e-22f0-4f2b-9347-e52b07e3f493', 'team_member'),
('d4fc6c50-142c-4658-a0f1-73da8af4d3d1', '22c08c0e-22f0-4f2b-9347-e52b07e3f493', '2025-09-03 03:06:09+00', '22c08c0e-22f0-4f2b-9347-e52b07e3f493', 'team_admin'),
('d4fc6c50-142c-4658-a0f1-73da8af4d3d1', 'e53b8711-5481-4375-86f5-44e88c923d4e', '2024-09-24 00:52:03+00', '23a99e72-75e2-4129-86c3-b95fc7279efc', 'team_member'),
('d4fc6c50-142c-4658-a0f1-73da8af4d3d1', 'b2ea09e8-9284-4151-b902-4040d2d0f52a', '2024-02-01 20:35:41+00', '23a99e72-75e2-4129-86c3-b95fc7279efc', 'team_member'),
('a0db1d9e-989b-4ee1-9e2e-aa1d5eeda7be', '23a99e72-75e2-4129-86c3-b95fc7279efc', '2025-07-16 12:16:33+00', '23a99e72-75e2-4129-86c3-b95fc7279efc', 'team_admin'),
('a0db1d9e-989b-4ee1-9e2e-aa1d5eeda7be', '97102163-e282-442b-8366-0c33c260255b', '2024-02-06 05:56:53+00', '2f8879a3-c919-435c-b05c-458909876b70', 'team_member'),
('a0db1d9e-989b-4ee1-9e2e-aa1d5eeda7be', '9b592950-c21d-4d53-8a94-9ecb3492be59', '2024-07-02 02:20:29+00', '2f8879a3-c919-435c-b05c-458909876b70', 'team_member'),
('a0db1d9e-989b-4ee1-9e2e-aa1d5eeda7be', '7b25718b-adda-40b8-8ba4-9f28b313b54d', '2024-03-16 18:18:14+00', '2f8879a3-c919-435c-b05c-458909876b70', 'team_member'),
('a0db1d9e-989b-4ee1-9e2e-aa1d5eeda7be', '1a5bcdf8-42e2-4071-8182-4642db624b5e', '2024-04-10 12:15:57+00', '23a99e72-75e2-4129-86c3-b95fc7279efc', 'team_member'),
('a0db1d9e-989b-4ee1-9e2e-aa1d5eeda7be', '2f8879a3-c919-435c-b05c-458909876b70', '2024-08-31 16:40:05+00', '2f8879a3-c919-435c-b05c-458909876b70', 'team_admin'),
('a0db1d9e-989b-4ee1-9e2e-aa1d5eeda7be', 'e9dcc85c-4fb6-495b-a3a5-9c3bc5c9f81c', '2024-11-21 00:09:10+00', '2f8879a3-c919-435c-b05c-458909876b70', 'team_member'),
('a0db1d9e-989b-4ee1-9e2e-aa1d5eeda7be', '22c08c0e-22f0-4f2b-9347-e52b07e3f493', '2025-01-28 03:46:25+00', '22c08c0e-22f0-4f2b-9347-e52b07e3f493', 'team_admin'),
('a0db1d9e-989b-4ee1-9e2e-aa1d5eeda7be', 'd3981809-b735-4054-8443-ce3e0f4864ef', '2024-01-22 22:29:55+00', '22c08c0e-22f0-4f2b-9347-e52b07e3f493', 'team_member'),
('a0db1d9e-989b-4ee1-9e2e-aa1d5eeda7be', 'e53b8711-5481-4375-86f5-44e88c923d4e', '2025-06-15 17:08:59+00', '22c08c0e-22f0-4f2b-9347-e52b07e3f493', 'team_member'),
('b3b38e1e-b6e5-4194-9118-b3b05e4c49be', '77f38379-1552-4652-8e2d-7e0a8cea379c', '2024-12-15 03:43:12+00', '77f38379-1552-4652-8e2d-7e0a8cea379c', 'team_admin'),
('b3b38e1e-b6e5-4194-9118-b3b05e4c49be', '8e496aa1-47b3-458e-acee-62e4b3e3b94e', '2025-07-14 09:51:24+00', '77f38379-1552-4652-8e2d-7e0a8cea379c', 'team_member'),
('b3b38e1e-b6e5-4194-9118-b3b05e4c49be', '7669a53f-b3bf-4e08-9d8e-d07bb348b7f9', '2025-08-23 00:33:22+00', '77f38379-1552-4652-8e2d-7e0a8cea379c', 'team_member'),
('b3b38e1e-b6e5-4194-9118-b3b05e4c49be', '4c050883-a9e1-47f7-bca9-9ffead24c259', '2025-04-19 20:59:48+00', '80048a8c-475f-4467-a0f0-6d2f254af4dc', 'team_member'),
('b3b38e1e-b6e5-4194-9118-b3b05e4c49be', '2193b9c4-c5a6-4e2b-bf9e-300f6e10b132', '2024-09-23 19:11:19+00', '80048a8c-475f-4467-a0f0-6d2f254af4dc', 'team_member'),
('b3b38e1e-b6e5-4194-9118-b3b05e4c49be', 'ff3831d0-68a9-4422-adcf-bf5c7ef3f956', '2024-02-09 13:25:24+00', '80048a8c-475f-4467-a0f0-6d2f254af4dc', 'team_member'),
('b3b38e1e-b6e5-4194-9118-b3b05e4c49be', '80048a8c-475f-4467-a0f0-6d2f254af4dc', '2024-12-06 00:31:51+00', '80048a8c-475f-4467-a0f0-6d2f254af4dc', 'team_admin'),
('b3b38e1e-b6e5-4194-9118-b3b05e4c49be', 'f76c898f-bbb8-4b2a-aed7-bfad1a528ed7', '2025-01-08 02:14:52+00', '80048a8c-475f-4467-a0f0-6d2f254af4dc', 'team_member'),
('b3b38e1e-b6e5-4194-9118-b3b05e4c49be', '1defc4dc-71b7-4475-8560-7bbc2ad4c06e', '2025-08-17 20:01:27+00', '77f38379-1552-4652-8e2d-7e0a8cea379c', 'team_member'),
('4b4059ae-fbad-4b4d-8f78-1f7ddb0e9c99', '77f38379-1552-4652-8e2d-7e0a8cea379c', '2024-11-04 14:08:31+00', '77f38379-1552-4652-8e2d-7e0a8cea379c', 'team_admin'),
('4b4059ae-fbad-4b4d-8f78-1f7ddb0e9c99', '8e496aa1-47b3-458e-acee-62e4b3e3b94e', '2024-12-21 16:26:58+00', '2e28aa81-365d-441e-b99f-53a60a20d56a', 'team_member'),
('4b4059ae-fbad-4b4d-8f78-1f7ddb0e9c99', '7669a53f-b3bf-4e08-9d8e-d07bb348b7f9', '2024-12-08 10:56:51+00', '77f38379-1552-4652-8e2d-7e0a8cea379c', 'team_member'),
('4b4059ae-fbad-4b4d-8f78-1f7ddb0e9c99', 'aee337bd-92d3-4b43-a9db-f819037486d5', '2025-03-04 18:13:59+00', '77f38379-1552-4652-8e2d-7e0a8cea379c', 'team_member'),
('4b4059ae-fbad-4b4d-8f78-1f7ddb0e9c99', '2e28aa81-365d-441e-b99f-53a60a20d56a', '2024-12-17 21:27:22+00', '77f38379-1552-4652-8e2d-7e0a8cea379c', 'team_admin'),
('4b4059ae-fbad-4b4d-8f78-1f7ddb0e9c99', 'ff3831d0-68a9-4422-adcf-bf5c7ef3f956', '2024-03-11 14:06:38+00', '77f38379-1552-4652-8e2d-7e0a8cea379c', 'team_member'),
('4b4059ae-fbad-4b4d-8f78-1f7ddb0e9c99', '80048a8c-475f-4467-a0f0-6d2f254af4dc', '2025-05-18 05:12:16+00', '2e28aa81-365d-441e-b99f-53a60a20d56a', 'team_member'),
('4b4059ae-fbad-4b4d-8f78-1f7ddb0e9c99', 'f76c898f-bbb8-4b2a-aed7-bfad1a528ed7', '2024-11-25 03:32:12+00', '2e28aa81-365d-441e-b99f-53a60a20d56a', 'team_member'),
('4b4059ae-fbad-4b4d-8f78-1f7ddb0e9c99', '1defc4dc-71b7-4475-8560-7bbc2ad4c06e', '2024-02-12 05:47:13+00', '77f38379-1552-4652-8e2d-7e0a8cea379c', 'team_member'),
('4b4059ae-fbad-4b4d-8f78-1f7ddb0e9c99', 'a4b9c528-5eb4-45de-b755-d133ef112983', '2024-05-07 06:34:11+00', '2e28aa81-365d-441e-b99f-53a60a20d56a', 'team_member'),
('4b4059ae-fbad-4b4d-8f78-1f7ddb0e9c99', 'fba72d6c-362c-4954-b8da-a019e68ac8d1', '2025-03-11 11:30:35+00', '2e28aa81-365d-441e-b99f-53a60a20d56a', 'team_member'),
('6e8f499d-bb65-4b53-abc0-5f7c6f531a87', 'f2240e4c-bff4-4324-908e-f6b604eb951c', '2025-06-09 23:33:22+00', 'f2240e4c-bff4-4324-908e-f6b604eb951c', 'team_admin'),
('6e8f499d-bb65-4b53-abc0-5f7c6f531a87', '0ef17a6a-c685-448e-b147-677d997fb5a2', '2024-08-18 18:37:49+00', 'f2240e4c-bff4-4324-908e-f6b604eb951c', 'team_member'),
('6e8f499d-bb65-4b53-abc0-5f7c6f531a87', '7d43931e-51a3-4e07-9762-b0c2b099f982', '2025-07-04 08:42:52+00', 'f2240e4c-bff4-4324-908e-f6b604eb951c', 'team_member'),
('6e8f499d-bb65-4b53-abc0-5f7c6f531a87', '8d1a9ec2-9d9e-4877-a246-1f3406b3ea68', '2025-07-28 01:44:55+00', 'f2240e4c-bff4-4324-908e-f6b604eb951c', 'team_member'),
('6e8f499d-bb65-4b53-abc0-5f7c6f531a87', '0f190f46-b388-48dc-b452-95cebe1dfe85', '2025-06-10 17:26:09+00', 'f2240e4c-bff4-4324-908e-f6b604eb951c', 'team_member'),
('6e8f499d-bb65-4b53-abc0-5f7c6f531a87', 'c089dd76-dc82-4472-8a82-b783052566cf', '2025-03-30 06:36:27+00', 'f2240e4c-bff4-4324-908e-f6b604eb951c', 'team_member'),
('8a8128d5-1385-4991-8e1d-e6dc5e389e3a', 'f2240e4c-bff4-4324-908e-f6b604eb951c', '2024-06-14 10:50:17+00', 'f2240e4c-bff4-4324-908e-f6b604eb951c', 'team_admin'),
('8a8128d5-1385-4991-8e1d-e6dc5e389e3a', '8e29cb99-84dd-47ca-a24d-f3b5cc7fdfd8', '2025-07-28 00:01:30+00', 'f2240e4c-bff4-4324-908e-f6b604eb951c', 'team_member'),
('8a8128d5-1385-4991-8e1d-e6dc5e389e3a', '0ef17a6a-c685-448e-b147-677d997fb5a2', '2024-02-14 11:30:27+00', '8d1a9ec2-9d9e-4877-a246-1f3406b3ea68', 'team_member'),
('8a8128d5-1385-4991-8e1d-e6dc5e389e3a', '0402363c-b099-4643-87f7-5e0e40de6f6d', '2024-05-13 06:57:16+00', '8d1a9ec2-9d9e-4877-a246-1f3406b3ea68', 'team_member'),
('8a8128d5-1385-4991-8e1d-e6dc5e389e3a', '8d1a9ec2-9d9e-4877-a246-1f3406b3ea68', '2024-05-04 05:15:55+00', '8d1a9ec2-9d9e-4877-a246-1f3406b3ea68', 'team_admin'),
('8a8128d5-1385-4991-8e1d-e6dc5e389e3a', '49719dac-858c-4183-b296-a4b1f517032f', '2024-10-20 01:18:34+00', '8d1a9ec2-9d9e-4877-a246-1f3406b3ea68', 'team_member'),
('8a8128d5-1385-4991-8e1d-e6dc5e389e3a', '2b74f146-46e2-4115-8ffc-42d839ee98bd', '2024-07-21 15:19:57+00', 'f2240e4c-bff4-4324-908e-f6b604eb951c', 'team_member'),
('8a8128d5-1385-4991-8e1d-e6dc5e389e3a', '5675bf4f-7114-4cb7-963a-c08c65b06614', '2024-02-05 15:50:26+00', 'f2240e4c-bff4-4324-908e-f6b604eb951c', 'team_member'),
('8a8128d5-1385-4991-8e1d-e6dc5e389e3a', 'b35b7672-2c25-4b5c-8e09-22801b3ba2ff', '2025-03-29 19:15:10+00', '8d1a9ec2-9d9e-4877-a246-1f3406b3ea68', 'team_member'),
('d046f8ac-7851-4cba-bb15-d3b8d00a0328', '9da1a68c-161a-4cf6-9aed-3aeb0dca81a5', '2024-02-27 21:08:31+00', '9da1a68c-161a-4cf6-9aed-3aeb0dca81a5', 'team_admin'),
('d046f8ac-7851-4cba-bb15-d3b8d00a0328', 'bbeef056-1368-4fff-bb58-6fbe22bd8a10', '2025-07-11 07:44:02+00', 'f5ccee0a-e45c-4c4b-9de4-31da4bf1fa08', 'team_member'),
('d046f8ac-7851-4cba-bb15-d3b8d00a0328', 'f5ccee0a-e45c-4c4b-9de4-31da4bf1fa08', '2024-05-02 15:22:27+00', '9da1a68c-161a-4cf6-9aed-3aeb0dca81a5', 'team_admin'),
('d046f8ac-7851-4cba-bb15-d3b8d00a0328', '3bd83506-749d-459b-94c1-64578600cffb', '2025-01-23 14:08:18+00', '9da1a68c-161a-4cf6-9aed-3aeb0dca81a5', 'team_member'),
('d046f8ac-7851-4cba-bb15-d3b8d00a0328', 'a5a9dfe0-2320-4b6a-b824-083417a7f537', '2024-04-07 00:36:50+00', 'f5ccee0a-e45c-4c4b-9de4-31da4bf1fa08', 'team_member'),
('d046f8ac-7851-4cba-bb15-d3b8d00a0328', '2f3f9897-3f6a-4a57-a545-3ffac06e8513', '2024-08-06 14:26:40+00', '9da1a68c-161a-4cf6-9aed-3aeb0dca81a5', 'team_member'),
('d046f8ac-7851-4cba-bb15-d3b8d00a0328', '285d3c15-7589-48ee-abf4-0af22831171d', '2024-08-11 23:10:18+00', 'f5ccee0a-e45c-4c4b-9de4-31da4bf1fa08', 'team_member'),
('d046f8ac-7851-4cba-bb15-d3b8d00a0328', '50bbb7be-ecdb-4f02-b2c3-e5a4f646dad1', '2024-03-31 01:55:34+00', 'f5ccee0a-e45c-4c4b-9de4-31da4bf1fa08', 'team_member'),
('d046f8ac-7851-4cba-bb15-d3b8d00a0328', 'd490fc73-b715-469d-9309-0487e9230082', '2024-10-12 11:30:01+00', 'f5ccee0a-e45c-4c4b-9de4-31da4bf1fa08', 'team_member'),
('d046f8ac-7851-4cba-bb15-d3b8d00a0328', '971d94cb-9bf7-418c-94c6-2d159627b304', '2024-04-17 13:47:14+00', 'f5ccee0a-e45c-4c4b-9de4-31da4bf1fa08', 'team_member'),
('d046f8ac-7851-4cba-bb15-d3b8d00a0328', '6c1c173f-9ec9-4776-8220-94cf46370609', '2025-03-05 21:52:17+00', '9da1a68c-161a-4cf6-9aed-3aeb0dca81a5', 'team_member'),
('d046f8ac-7851-4cba-bb15-d3b8d00a0328', '23cdfad8-066c-4e6c-a18a-232759a6a877', '2025-04-14 14:09:09+00', '9da1a68c-161a-4cf6-9aed-3aeb0dca81a5', 'team_member'),
('d046f8ac-7851-4cba-bb15-d3b8d00a0328', 'd31c83c8-6a9f-4c77-8884-398c4b331bd1', '2024-12-26 08:21:29+00', 'f5ccee0a-e45c-4c4b-9de4-31da4bf1fa08', 'team_member'),
('d046f8ac-7851-4cba-bb15-d3b8d00a0328', '7215f34e-dcf9-443c-9657-4ac827f53b8a', '2025-07-23 03:43:08+00', '9da1a68c-161a-4cf6-9aed-3aeb0dca81a5', 'team_member'),
('d046f8ac-7851-4cba-bb15-d3b8d00a0328', '89d1d220-1c61-45b7-a7ae-f96a116fb439', '2025-02-19 04:31:58+00', 'f5ccee0a-e45c-4c4b-9de4-31da4bf1fa08', 'team_member'),
('d046f8ac-7851-4cba-bb15-d3b8d00a0328', '24d56966-c550-4393-be5c-abd22fc247c4', '2024-12-23 09:09:18+00', 'f5ccee0a-e45c-4c4b-9de4-31da4bf1fa08', 'team_member'),
('ff6ac6d4-9742-4861-a807-7e84ede84734', '9da1a68c-161a-4cf6-9aed-3aeb0dca81a5', '2025-04-01 16:56:03+00', '9da1a68c-161a-4cf6-9aed-3aeb0dca81a5', 'team_admin'),
('ff6ac6d4-9742-4861-a807-7e84ede84734', 'bbeef056-1368-4fff-bb58-6fbe22bd8a10', '2024-10-25 20:22:57+00', '9da1a68c-161a-4cf6-9aed-3aeb0dca81a5', 'team_admin'),
('ff6ac6d4-9742-4861-a807-7e84ede84734', 'f5ccee0a-e45c-4c4b-9de4-31da4bf1fa08', '2024-09-07 02:26:31+00', '9da1a68c-161a-4cf6-9aed-3aeb0dca81a5', 'team_member'),
('ff6ac6d4-9742-4861-a807-7e84ede84734', '3bd83506-749d-459b-94c1-64578600cffb', '2025-07-25 10:58:12+00', 'bbeef056-1368-4fff-bb58-6fbe22bd8a10', 'team_member'),
('ff6ac6d4-9742-4861-a807-7e84ede84734', '50bbb7be-ecdb-4f02-b2c3-e5a4f646dad1', '2024-09-24 16:06:54+00', 'bbeef056-1368-4fff-bb58-6fbe22bd8a10', 'team_member'),
('ff6ac6d4-9742-4861-a807-7e84ede84734', 'd490fc73-b715-469d-9309-0487e9230082', '2025-01-09 07:37:19+00', '9da1a68c-161a-4cf6-9aed-3aeb0dca81a5', 'team_member'),
('ff6ac6d4-9742-4861-a807-7e84ede84734', '971d94cb-9bf7-418c-94c6-2d159627b304', '2025-06-23 19:21:48+00', 'bbeef056-1368-4fff-bb58-6fbe22bd8a10', 'team_member'),
('ff6ac6d4-9742-4861-a807-7e84ede84734', '6c1c173f-9ec9-4776-8220-94cf46370609', '2025-01-08 06:27:33+00', 'bbeef056-1368-4fff-bb58-6fbe22bd8a10', 'team_member'),
('ff6ac6d4-9742-4861-a807-7e84ede84734', '23cdfad8-066c-4e6c-a18a-232759a6a877', '2024-08-14 05:37:40+00', 'bbeef056-1368-4fff-bb58-6fbe22bd8a10', 'team_member'),
('ff6ac6d4-9742-4861-a807-7e84ede84734', '7215f34e-dcf9-443c-9657-4ac827f53b8a', '2025-04-29 06:08:29+00', 'bbeef056-1368-4fff-bb58-6fbe22bd8a10', 'team_member'),
('48ec6359-f9c9-4754-a049-8ec167c4f929', '9da1a68c-161a-4cf6-9aed-3aeb0dca81a5', '2025-01-09 21:30:03+00', '9da1a68c-161a-4cf6-9aed-3aeb0dca81a5', 'team_admin'),
('48ec6359-f9c9-4754-a049-8ec167c4f929', 'bbeef056-1368-4fff-bb58-6fbe22bd8a10', '2025-03-19 01:27:05+00', '3bd83506-749d-459b-94c1-64578600cffb', 'team_member'),
('48ec6359-f9c9-4754-a049-8ec167c4f929', 'f5ccee0a-e45c-4c4b-9de4-31da4bf1fa08', '2024-03-13 09:23:01+00', '9da1a68c-161a-4cf6-9aed-3aeb0dca81a5', 'team_member'),
('48ec6359-f9c9-4754-a049-8ec167c4f929', '3bd83506-749d-459b-94c1-64578600cffb', '2024-02-13 12:52:54+00', '3bd83506-749d-459b-94c1-64578600cffb', 'team_admin'),
('48ec6359-f9c9-4754-a049-8ec167c4f929', 'a5a9dfe0-2320-4b6a-b824-083417a7f537', '2024-06-30 14:51:11+00', '3bd83506-749d-459b-94c1-64578600cffb', 'team_member'),
('48ec6359-f9c9-4754-a049-8ec167c4f929', '50bbb7be-ecdb-4f02-b2c3-e5a4f646dad1', '2024-05-02 19:30:33+00', '3bd83506-749d-459b-94c1-64578600cffb', 'team_member'),
('48ec6359-f9c9-4754-a049-8ec167c4f929', 'd490fc73-b715-469d-9309-0487e9230082', '2024-05-26 07:06:19+00', '9da1a68c-161a-4cf6-9aed-3aeb0dca81a5', 'team_member'),
('48ec6359-f9c9-4754-a049-8ec167c4f929', '971d94cb-9bf7-418c-94c6-2d159627b304', '2024-11-12 20:47:59+00', '9da1a68c-161a-4cf6-9aed-3aeb0dca81a5', 'team_member'),
('48ec6359-f9c9-4754-a049-8ec167c4f929', 'd31c83c8-6a9f-4c77-8884-398c4b331bd1', '2025-01-18 12:02:33+00', '3bd83506-749d-459b-94c1-64578600cffb', 'team_member'),
('48ec6359-f9c9-4754-a049-8ec167c4f929', '7215f34e-dcf9-443c-9657-4ac827f53b8a', '2024-04-10 09:31:17+00', '3bd83506-749d-459b-94c1-64578600cffb', 'team_member'),
('48ec6359-f9c9-4754-a049-8ec167c4f929', '24d56966-c550-4393-be5c-abd22fc247c4', '2025-06-29 22:34:20+00', '3bd83506-749d-459b-94c1-64578600cffb', 'team_member');

-- device_type (kolom 3)
INSERT INTO device.device_type (id, name) VALUES
( 'db6deee4-79b4-4d35-9ca3-524108dd47d5', 'bedsensor'),
( '500596e9-1454-4f85-aae7-23face313191', 'motion_sensor'),
( '01c56599-568e-4d2f-9dac-48efcf07e556', 'door_sensor'),
( '7c6ec4aa-2fbf-420a-9461-d252f4af76a6', 'medication_dispenser'),
( '61f50080-edba-42b0-aa5f-9a763790cafb', 'wearable_watch');

-- device (kolom 7)
INSERT INTO device.device (id, sticker_id, serial_number, device_type_id, status) VALUES
('25665297-96b5-4c1c-bb5c-f9b2a29e252b', '000001', '000001', '61f50080-edba-42b0-aa5f-9a763790cafb', 'retired'),
('26adea83-665f-4821-8461-1c655a44704a', '000002', '000002', '61f50080-edba-42b0-aa5f-9a763790cafb', 'active'),
('d37a0fa0-d406-4db7-b87a-75e7dbd97299', '000003', '000003', '61f50080-edba-42b0-aa5f-9a763790cafb', 'inactive'),
('594e28f5-d367-46f3-8f6b-647cbed66bc9', '000004', '000004', '01c56599-568e-4d2f-9dac-48efcf07e556', 'active'),
('67e3c66a-3a38-429d-bb2f-1d05304ef45e', '000005', '000005', 'db6deee4-79b4-4d35-9ca3-524108dd47d5', 'active'),
('5366ea53-1590-4fa2-b55d-22567064f342', '000006', '000006', '61f50080-edba-42b0-aa5f-9a763790cafb', 'inactive'),
('14f2c2b8-4d6b-4b49-961a-643b5209b5c8', '000007', '000007', '01c56599-568e-4d2f-9dac-48efcf07e556', 'inactive'),
('72248284-ffd2-42a9-955e-3cec7802732a', '000008', '000008', '7c6ec4aa-2fbf-420a-9461-d252f4af76a6', 'active'),
('2695e81e-bf6a-4ba8-84c6-1f8692e1b5ee', '000009', '000009', '7c6ec4aa-2fbf-420a-9461-d252f4af76a6', 'active'),
('55a4865e-7947-479e-98ea-592819004f36', '000010', '000010', '01c56599-568e-4d2f-9dac-48efcf07e556', 'active'),
('16043184-a339-4df7-8c39-72dc219be056', '000011', '000011', '7c6ec4aa-2fbf-420a-9461-d252f4af76a6', 'active'),
('16552c7f-31d2-4981-a105-a5f438c31d8d', '000012', '000012', '61f50080-edba-42b0-aa5f-9a763790cafb', 'active'),
('e606f6bb-3843-4ad8-85a4-f289bd6dee3c', '000013', '000013', '7c6ec4aa-2fbf-420a-9461-d252f4af76a6', 'active'),
('63d01c4e-c6c1-4223-9adf-5f1c8b61ed79', '000014', '000014', 'db6deee4-79b4-4d35-9ca3-524108dd47d5', 'active'),
('31eacc8e-0910-4178-b36b-d3344b3b5652', '000015', '000015', '7c6ec4aa-2fbf-420a-9461-d252f4af76a6', 'active'),
('a9097316-eab9-45b8-b4ba-f71fa9582323', '000016', '000016', '7c6ec4aa-2fbf-420a-9461-d252f4af76a6', 'active'),
('bf779fa9-492a-4de6-922a-248052a51956', '000017', '000017', '61f50080-edba-42b0-aa5f-9a763790cafb', 'inactive'),
('79e50fd7-28fd-48ea-8d32-2f66a383506a', '000018', '000018', '61f50080-edba-42b0-aa5f-9a763790cafb', 'active'),
('a429246f-32b6-4408-b614-698d896dcbc8', '000019', '000019', 'db6deee4-79b4-4d35-9ca3-524108dd47d5', 'inactive'),
('a26cdcca-b738-41b7-9366-043f95977e6f', '000020', '000020', '61f50080-edba-42b0-aa5f-9a763790cafb', 'active'),
('038aa745-369c-4f0e-9564-db8dfe110f4b', '000021', '000021', '61f50080-edba-42b0-aa5f-9a763790cafb', 'active'),
('382205fa-c2b3-4d77-925d-8d6c5ae8d3ae', '000022', '000022', '61f50080-edba-42b0-aa5f-9a763790cafb', 'active'),
('1a4fc2bb-501d-4888-aea1-617a66896a51', '000023', '000023', '500596e9-1454-4f85-aae7-23face313191', 'inactive'),
('a24affc4-f5db-4ce9-85c0-951d2c8a1e60', '000024', '000024', '7c6ec4aa-2fbf-420a-9461-d252f4af76a6', 'active'),
('46b165ac-5f32-4ba7-b7e9-3e20fa443293', '000025', '000025', '01c56599-568e-4d2f-9dac-48efcf07e556', 'active'),
('613f1e51-b3e6-4404-8814-ef7131add8b0', '000026', '000026', 'db6deee4-79b4-4d35-9ca3-524108dd47d5', 'inactive'),
('d4e59870-dc1a-4f59-88a2-58b8cbdcbe92', '000027', '000027', '01c56599-568e-4d2f-9dac-48efcf07e556', 'active'),
('fed0c9dd-242b-45bc-b004-62a7b2a34308', '000028', '000028', '01c56599-568e-4d2f-9dac-48efcf07e556', 'active'),
('d2c52b92-1e2f-4408-a43b-08d965ca65bf', '000029', '000029', '7c6ec4aa-2fbf-420a-9461-d252f4af76a6', 'inactive'),
('bfbcbd62-68c0-4881-8489-1db58e9f2ca0', '000030', '000030', '7c6ec4aa-2fbf-420a-9461-d252f4af76a6', 'active'),
('08ce2c34-7526-4fd1-bf77-ca72ef4f9c48', '000031', '000031', '61f50080-edba-42b0-aa5f-9a763790cafb', 'active'),
('83b80a3f-9c94-4d6e-b471-9fc958b43d6d', '000032', '000032', '61f50080-edba-42b0-aa5f-9a763790cafb', 'active'),
('a775903b-582b-42f8-83ec-b3320bfcb6ea', '000033', '000033', '01c56599-568e-4d2f-9dac-48efcf07e556', 'active'),
('3607566d-6e87-41c3-8d22-011d243b7bd3', '000034', '000034', '01c56599-568e-4d2f-9dac-48efcf07e556', 'active'),
('86e6f6e0-3a0b-445c-86ae-a6c5fe426b6c', '000035', '000035', '61f50080-edba-42b0-aa5f-9a763790cafb', 'active'),
('2d4fa006-d808-41b2-ae74-af3e3b1682a4', '000036', '000036', '61f50080-edba-42b0-aa5f-9a763790cafb', 'active'),
('b22c6861-37fa-4c4f-9a7f-e11a7e525a30', '000037', '000037', '7c6ec4aa-2fbf-420a-9461-d252f4af76a6', 'active'),
('2873d0fc-6a22-45a4-b587-f40d5b85dafa', '000038', '000038', '01c56599-568e-4d2f-9dac-48efcf07e556', 'active'),
('a4567e76-677e-4cbd-9817-ce9b907b6cd1', '000039', '000039', '61f50080-edba-42b0-aa5f-9a763790cafb', 'active'),
('c1f9fbf0-4f50-4efa-b850-9a9d7711f990', '000040', '000040', '61f50080-edba-42b0-aa5f-9a763790cafb', 'inactive'),
('a7c22d33-eccb-46d7-b369-684396773e11', '000041', '000041', 'db6deee4-79b4-4d35-9ca3-524108dd47d5', 'active'),
('eca9dd61-9a19-4104-b255-d4aab71e988e', '000042', '000042', '61f50080-edba-42b0-aa5f-9a763790cafb', 'active'),
('2920ca59-1e59-4cfb-a370-d1f3379cfeef', '000043', '000043', '01c56599-568e-4d2f-9dac-48efcf07e556', 'active'),
('20fddca3-75de-45b3-b98d-64cb9680548a', '000044', '000044', 'db6deee4-79b4-4d35-9ca3-524108dd47d5', 'active'),
('e61edd98-7727-4ddb-abb6-ec02573c7503', '000045', '000045', '7c6ec4aa-2fbf-420a-9461-d252f4af76a6', 'active'),
('b18d37d3-8e18-4e9d-acb4-f1c38362e420', '000046', '000046', '01c56599-568e-4d2f-9dac-48efcf07e556', 'active'),
('3325f4b3-1f9c-4efc-8d27-73da7dca0e51', '000047', '000047', '7c6ec4aa-2fbf-420a-9461-d252f4af76a6', 'active'),
('8da16737-2086-4142-8a4b-cfec28d094e8', '000048', '000048', '7c6ec4aa-2fbf-420a-9461-d252f4af76a6', 'active'),
('de1e1808-cae8-482c-b286-e5ab85e46e00', '000049', '000049', 'db6deee4-79b4-4d35-9ca3-524108dd47d5', 'active'),
('90468d21-6ef1-44d6-9aae-42340dc60ade', '000050', '000050', '7c6ec4aa-2fbf-420a-9461-d252f4af76a6', 'active'),
('f37eba21-ab96-4206-aefc-4df25d5bcf72', '000051', '000051', 'db6deee4-79b4-4d35-9ca3-524108dd47d5', 'active'),
('a0d3d741-7ea3-49cd-ab7f-5c2d2b3af9ca', '000052', '000052', 'db6deee4-79b4-4d35-9ca3-524108dd47d5', 'active'),
('8fca2ebb-8ba5-43f2-bcff-b703c817e005', '000053', '000053', '500596e9-1454-4f85-aae7-23face313191', 'active'),
('9f9b6389-b82b-4ca6-a004-0e25661c58ef', '000054', '000054', '61f50080-edba-42b0-aa5f-9a763790cafb', 'active'),
('2e8e6c40-8b6e-45f6-ba27-469693e3663d', '000055', '000055', '01c56599-568e-4d2f-9dac-48efcf07e556', 'active'),
('9dec561d-fd2f-4339-90c3-2f0c2da7b283', '000056', '000056', '61f50080-edba-42b0-aa5f-9a763790cafb', 'inactive'),
('a0c4ce05-e8d9-4465-a66b-f3a1abadd3a7', '000057', '000057', '01c56599-568e-4d2f-9dac-48efcf07e556', 'active'),
('fc899d53-9df1-4634-9f61-6365f562cbe4', '000058', '000058', '61f50080-edba-42b0-aa5f-9a763790cafb', 'active'),
('11acda76-8a4c-4020-a01b-0f2a303fb3d8', '000059', '000059', '7c6ec4aa-2fbf-420a-9461-d252f4af76a6', 'inactive'),
('79f6d351-ddc0-499e-ac2c-cbca81165875', '000060', '000060', '61f50080-edba-42b0-aa5f-9a763790cafb', 'active'),
('8cc8ab59-000c-416f-a1ae-fab752235d9b', '000061', '000061', '61f50080-edba-42b0-aa5f-9a763790cafb', 'active'),
('f70a46fd-e6b0-4e6f-9370-b6969d883437', '000062', '000062', '61f50080-edba-42b0-aa5f-9a763790cafb', 'active'),
('3339461c-083b-48bb-908a-839c80866a1e', '000063', '000063', '01c56599-568e-4d2f-9dac-48efcf07e556', 'active'),
('8f3e613f-293c-4ce2-b752-1347d4d3f3f5', '000064', '000064', '7c6ec4aa-2fbf-420a-9461-d252f4af76a6', 'active'),
('510c8ae2-dd52-4332-8c34-6d2f7bf6bb23', '000065', '000065', '61f50080-edba-42b0-aa5f-9a763790cafb', 'active'),
('5ae9bf30-dcaa-4369-bf29-2e727d57c9ba', '000066', '000066', '500596e9-1454-4f85-aae7-23face313191', 'active'),
('dcc3c5c2-3d5d-4f14-948f-187d5f5d8f85', '000067', '000067', 'db6deee4-79b4-4d35-9ca3-524108dd47d5', 'active'),
('92bed21f-3b69-467c-8ed7-0a4962b544b6', '000068', '000068', '7c6ec4aa-2fbf-420a-9461-d252f4af76a6', 'active'),
('22f67765-bcc5-4c10-86fa-e1dbcfe8ceb5', '000069', '000069', '7c6ec4aa-2fbf-420a-9461-d252f4af76a6', 'retired'),
('e3febf16-aa04-48ee-86ba-426f1cbaf433', '000070', '000070', '61f50080-edba-42b0-aa5f-9a763790cafb', 'active'),
('0b1ae3a1-2204-4671-bdda-2de7f4290f98', '000071', '000071', '01c56599-568e-4d2f-9dac-48efcf07e556', 'active'),
('ff7993d9-c7d3-4d47-8563-380e9670c098', '000072', '000072', '7c6ec4aa-2fbf-420a-9461-d252f4af76a6', 'active'),
('25d01c7b-8c03-43fe-a861-a3547cc329ca', '000073', '000073', '01c56599-568e-4d2f-9dac-48efcf07e556', 'active'),
('661c189d-3bc4-4bbf-b4f1-ca81b847c1b9', '000074', '000074', 'db6deee4-79b4-4d35-9ca3-524108dd47d5', 'active'),
('9adb4cf7-67b7-4636-a65b-c7e987d0dc2d', '000075', '000075', '500596e9-1454-4f85-aae7-23face313191', 'active'),
('d30026a1-34a0-4c01-8bd2-06d7bc6f5deb', '000076', '000076', '500596e9-1454-4f85-aae7-23face313191', 'active'),
('b4d44222-6035-4dfc-98d3-777cd49b3274', '000077', '000077', 'db6deee4-79b4-4d35-9ca3-524108dd47d5', 'inactive'),
('dabd143f-d4dd-4501-a7d3-78a747c1c1b6', '000078', '000078', 'db6deee4-79b4-4d35-9ca3-524108dd47d5', 'active'),
('56113cd8-26d5-49ec-a65f-fb9fcab97d93', '000079', '000079', 'db6deee4-79b4-4d35-9ca3-524108dd47d5', 'active'),
('71627ecf-e6c6-4cb7-a1aa-38a268e53887', '000080', '000080', '7c6ec4aa-2fbf-420a-9461-d252f4af76a6', 'active'),
('76a9400a-03f2-4aa8-b836-185c9a1f58d1', '000081', '000081', '01c56599-568e-4d2f-9dac-48efcf07e556', 'active'),
('39f0c9e9-1635-46b9-923c-dcd495ffbfac', '000082', '000082', 'db6deee4-79b4-4d35-9ca3-524108dd47d5', 'active'),
('5ec99535-0e00-4219-bf60-ae2f9f531592', '000083', '000083', '7c6ec4aa-2fbf-420a-9461-d252f4af76a6', 'active'),
('8b9ae7ff-0424-4b6a-ae0f-d54fbd46b7df', '000084', '000084', '61f50080-edba-42b0-aa5f-9a763790cafb', 'active'),
('6707aab5-573c-4b2c-9614-f4681c8a95d5', '000085', '000085', '61f50080-edba-42b0-aa5f-9a763790cafb', 'active'),
('c4f3be57-f4af-48b5-bd56-ed7ce7224531', '000086', '000086', '61f50080-edba-42b0-aa5f-9a763790cafb', 'active'),
('394fdb7b-31fa-4907-82e3-67603c30556f', '000087', '000087', '01c56599-568e-4d2f-9dac-48efcf07e556', 'active'),
('fd3793f8-1026-4547-a22e-185b473b0a75', '000088', '000088', 'db6deee4-79b4-4d35-9ca3-524108dd47d5', 'active'),
('8ff460cb-c35c-4254-a1da-a8859004cc65', '000089', '000089', 'db6deee4-79b4-4d35-9ca3-524108dd47d5', 'inactive'),
('7fd6b599-1cc1-4add-9545-5e85492e7799', '000090', '000090', '01c56599-568e-4d2f-9dac-48efcf07e556', 'active'),
('5990c3f3-c1e5-4738-a2f0-ddb2f04746e1', '000091', '000091', 'db6deee4-79b4-4d35-9ca3-524108dd47d5', 'active'),
('a58c748b-728f-4b5e-a8f0-4a705958c198', '000092', '000092', '500596e9-1454-4f85-aae7-23face313191', 'active'),
('a479da6a-3df3-4341-9161-671928ba1ade', '000093', '000093', '01c56599-568e-4d2f-9dac-48efcf07e556', 'active'),
('4c4633c2-1cc2-47e5-91d3-5bf457fe9211', '000094', '000094', '61f50080-edba-42b0-aa5f-9a763790cafb', 'inactive'),
('5af1ae5a-db29-420e-a4ec-88bd1ce20372', '000095', '000095', '7c6ec4aa-2fbf-420a-9461-d252f4af76a6', 'active'),
('62ab3a87-bc35-4e61-bbc6-54da54124fe0', '000096', '000096', '61f50080-edba-42b0-aa5f-9a763790cafb', 'active'),
('e5cfaede-6665-482c-917f-e85bbe431749', '000097', '000097', '01c56599-568e-4d2f-9dac-48efcf07e556', 'active'),
('7668cc67-31c0-400b-b7c8-1057810b23de', '000098', '000098', 'db6deee4-79b4-4d35-9ca3-524108dd47d5', 'active'),
('4db55254-ba7b-4d04-870a-3a1bead14d9e', '000099', '000099', '7c6ec4aa-2fbf-420a-9461-d252f4af76a6', 'active'),
('fa74c552-a6c4-48c6-92d6-8cf238bf0aa6', '000100', '000100', '61f50080-edba-42b0-aa5f-9a763790cafb', 'active'),
('9008c703-1350-46d1-9a0d-bfecd77b6c71', '000101', '000101', '7c6ec4aa-2fbf-420a-9461-d252f4af76a6', 'active'),
('e786b83e-9d32-441b-ab49-60506329cc4f', '000102', '000102', '7c6ec4aa-2fbf-420a-9461-d252f4af76a6', 'retired'),
('afce3cbb-b74d-484b-9d5a-88c37ae5b777', '000103', '000103', '01c56599-568e-4d2f-9dac-48efcf07e556', 'active'),
('de40f03e-a3a6-454b-b634-0b6dfa12beec', '000104', '000104', '500596e9-1454-4f85-aae7-23face313191', 'inactive'),
('1ad4ff3f-d061-4bd0-8cd5-fe90c68b0c7e', '000105', '000105', 'db6deee4-79b4-4d35-9ca3-524108dd47d5', 'active'),
('113415f8-5bd3-4fb2-96fb-3156f2e6a82b', '000106', '000106', '61f50080-edba-42b0-aa5f-9a763790cafb', 'active'),
('60f4cf10-05d5-4ff6-8a65-bcddeebb4bb2', '000107', '000107', '7c6ec4aa-2fbf-420a-9461-d252f4af76a6', 'active'),
('01abc51a-91a9-4c01-a680-57b662af78bb', '000108', '000108', 'db6deee4-79b4-4d35-9ca3-524108dd47d5', 'active'),
('5df52b05-3c98-424a-8c2c-2250ca513f28', '000109', '000109', '01c56599-568e-4d2f-9dac-48efcf07e556', 'active'),
('5cae574a-974a-474f-83f6-344f593b2958', '000110', '000110', '7c6ec4aa-2fbf-420a-9461-d252f4af76a6', 'active'),
('bedb474d-ac44-462e-9936-a5eca8d52fa5', '000111', '000111', 'db6deee4-79b4-4d35-9ca3-524108dd47d5', 'active'),
('981909f0-80b4-40ae-9705-02059a16a804', '000112', '000112', '61f50080-edba-42b0-aa5f-9a763790cafb', 'active'),
('9fea3573-1925-446c-a121-d9999b801299', '000113', '000113', '7c6ec4aa-2fbf-420a-9461-d252f4af76a6', 'active'),
('0cf91deb-e1c2-4dd2-a0e0-394d9188bbd5', '000114', '000114', 'db6deee4-79b4-4d35-9ca3-524108dd47d5', 'active'),
('f4a9a0d3-e7e8-4edd-a934-a8a80c197182', '000115', '000115', '7c6ec4aa-2fbf-420a-9461-d252f4af76a6', 'active'),
('16b5e05b-7ecb-49d4-8664-89aa1bef55c4', '000116', '000116', '01c56599-568e-4d2f-9dac-48efcf07e556', 'active'),
('59feb3f2-47e0-41e9-9b04-eb606d4443f3', '000117', '000117', 'db6deee4-79b4-4d35-9ca3-524108dd47d5', 'active'),
('97095392-7ecd-4233-bb24-d9f764acdcc4', '000118', '000118', '01c56599-568e-4d2f-9dac-48efcf07e556', 'active'),
('4a49de53-5339-45c8-9522-2f80bf094f88', '000119', '000119', '500596e9-1454-4f85-aae7-23face313191', 'active'),
('83dc52ee-8707-4b39-9075-0393d944f6e7', '000120', '000120', '7c6ec4aa-2fbf-420a-9461-d252f4af76a6', 'inactive'),
('a943a1d5-dadc-4051-9006-f2e587405c6d', '000121', '000121', '61f50080-edba-42b0-aa5f-9a763790cafb', 'active'),
('1575012c-495d-4073-b543-357b6bde417f', '000122', '000122', '61f50080-edba-42b0-aa5f-9a763790cafb', 'active'),
('efc1218d-af04-41e1-bcfb-df327ea1fd3d', '000123', '000123', '7c6ec4aa-2fbf-420a-9461-d252f4af76a6', 'active'),
('82d15c33-9629-495b-9a10-9537da1ad8f0', '000124', '000124', '61f50080-edba-42b0-aa5f-9a763790cafb', 'inactive'),
('8eb3293f-c1f3-4a60-9730-3e8f54f6f34e', '000125', '000125', '500596e9-1454-4f85-aae7-23face313191', 'active'),
('9041878b-eeb4-405a-a912-685a83ed8b70', '000126', '000126', '500596e9-1454-4f85-aae7-23face313191', 'retired'),
('1029385c-03ee-4542-a983-45fefc9e7fa5', '000127', '000127', '7c6ec4aa-2fbf-420a-9461-d252f4af76a6', 'active'),
('658021b0-d492-4620-9bf0-cfa499bf51ea', '000128', '000128', '61f50080-edba-42b0-aa5f-9a763790cafb', 'active'),
('d104a8c3-8e9c-41ef-b5e8-381728d452db', '000129', '000129', '61f50080-edba-42b0-aa5f-9a763790cafb', 'active'),
('a81fa4da-79b7-450f-a1f3-90bc72489874', '000130', '000130', '61f50080-edba-42b0-aa5f-9a763790cafb', 'active'),
('f3bdfae2-717d-4978-b9fa-0c496efc7ff2', '000131', '000131', 'db6deee4-79b4-4d35-9ca3-524108dd47d5', 'active'),
('e6319076-eb13-492b-8fc3-a4bd001a944b', '000132', '000132', 'db6deee4-79b4-4d35-9ca3-524108dd47d5', 'active'),
('9b50b5f1-5150-4769-b1ec-cd38703ceb72', '000133', '000133', '01c56599-568e-4d2f-9dac-48efcf07e556', 'inactive'),
('981def4d-612f-4a39-b692-7ddfdeb9841d', '000134', '000134', '61f50080-edba-42b0-aa5f-9a763790cafb', 'active'),
('c0df3861-2c30-45a2-bd77-188ae0eba3a4', '000135', '000135', 'db6deee4-79b4-4d35-9ca3-524108dd47d5', 'active'),
('f9fc2e60-968c-4eb7-8169-44c3659d33f4', '000136', '000136', 'db6deee4-79b4-4d35-9ca3-524108dd47d5', 'inactive'),
('90c8c5e1-6a8b-4801-baf9-0e0dcb361b5d', '000137', '000137', '7c6ec4aa-2fbf-420a-9461-d252f4af76a6', 'inactive'),
('9e064f0e-ae53-48cd-bce1-9e3b13420277', '000138', '000138', '7c6ec4aa-2fbf-420a-9461-d252f4af76a6', 'active'),
('d562876b-8adf-40ee-a444-6c7a190615af', '000139', '000139', '61f50080-edba-42b0-aa5f-9a763790cafb', 'active'),
('0b7d1b4d-fdc7-4a9d-bebd-602b1d1fb0ee', '000140', '000140', '61f50080-edba-42b0-aa5f-9a763790cafb', 'active'),
('5891e2cf-0304-4a77-8460-438d8ca046a9', '000141', '000141', '500596e9-1454-4f85-aae7-23face313191', 'inactive'),
('769d68d9-33f8-462b-8b16-e2979646932e', '000142', '000142', '7c6ec4aa-2fbf-420a-9461-d252f4af76a6', 'active'),
('198e398f-3ea1-45bf-90a1-4d179fac8eeb', '000143', '000143', '500596e9-1454-4f85-aae7-23face313191', 'active'),
('a0382f13-e280-4278-99ee-ac5279d19e32', '000144', '000144', '61f50080-edba-42b0-aa5f-9a763790cafb', 'active'),
('e0c89c60-ccb9-40a9-8409-ff3147325003', '000145', '000145', '01c56599-568e-4d2f-9dac-48efcf07e556', 'inactive'),
('db7ae9e6-a3f3-43aa-8a97-2f796955e951', '000146', '000146', '7c6ec4aa-2fbf-420a-9461-d252f4af76a6', 'active'),
('a697ad09-13e2-45fc-815e-92a72f11daae', '000147', '000147', '500596e9-1454-4f85-aae7-23face313191', 'active'),
('263b9af2-c11d-4ac8-8472-c8b8eba822ab', '000148', '000148', '500596e9-1454-4f85-aae7-23face313191', 'active'),
('4430975a-978a-4ff1-94e3-7f8e9ac53f0e', '000149', '000149', '01c56599-568e-4d2f-9dac-48efcf07e556', 'active'),
('3b330bc6-a8d6-457c-b91f-95251d943236', '000150', '000150', '500596e9-1454-4f85-aae7-23face313191', 'active'),
('c8eb3590-46d6-499d-bc58-c7bb73714883', '000151', '000151', '01c56599-568e-4d2f-9dac-48efcf07e556', 'active'),
('46dd37e4-c4f7-4ff0-8875-a0f647a41827', '000152', '000152', 'db6deee4-79b4-4d35-9ca3-524108dd47d5', 'active'),
('5500ff2b-3886-4681-99cc-567f165245f1', '000153', '000153', '7c6ec4aa-2fbf-420a-9461-d252f4af76a6', 'active'),
('ba33565f-c590-49ef-90fb-96b0c94411e5', '000154', '000154', '61f50080-edba-42b0-aa5f-9a763790cafb', 'active'),
('2efb894d-2c40-43b8-9e39-b060bb2f5cc9', '000155', '000155', '500596e9-1454-4f85-aae7-23face313191', 'active'),
('289310b7-fceb-4ad6-8133-9d74876fc98a', '000156', '000156', 'db6deee4-79b4-4d35-9ca3-524108dd47d5', 'active'),
('52f76a6b-5b1b-4ae9-8e13-fe8e5c69d273', '000157', '000157', '01c56599-568e-4d2f-9dac-48efcf07e556', 'active'),
('cf8f45cc-46b0-472f-8e45-ecf063ad0106', '000158', '000158', '61f50080-edba-42b0-aa5f-9a763790cafb', 'active'),
('49937b19-72af-4137-8dfd-c17d2d8c9d6c', '000159', '000159', '01c56599-568e-4d2f-9dac-48efcf07e556', 'active'),
('d48e56f5-a952-473e-9987-bc21571a8dce', '000160', '000160', 'db6deee4-79b4-4d35-9ca3-524108dd47d5', 'active'),
('1bd0ffbb-69f7-47cd-b4e3-412b6b7ac627', '000161', '000161', '01c56599-568e-4d2f-9dac-48efcf07e556', 'active'),
('5d26c9c1-c13c-4b0a-b3d6-2d0208f97886', '000162', '000162', '7c6ec4aa-2fbf-420a-9461-d252f4af76a6', 'active'),
('9d91fd0d-fb66-43ac-a4e2-ab411af47172', '000163', '000163', 'db6deee4-79b4-4d35-9ca3-524108dd47d5', 'inactive'),
('4dd9b88b-1a46-4d53-bbd6-fcd5f567a23a', '000164', '000164', '7c6ec4aa-2fbf-420a-9461-d252f4af76a6', 'inactive'),
('984cad3c-4451-4f87-a8a2-851c9c307cd0', '000165', '000165', '7c6ec4aa-2fbf-420a-9461-d252f4af76a6', 'active'),
('62bf2178-dd8d-4d95-b819-fe8a0f2392b6', '000166', '000166', '7c6ec4aa-2fbf-420a-9461-d252f4af76a6', 'active'),
('da802011-6de2-4bf1-b46b-2ba8c251aa3a', '000167', '000167', '7c6ec4aa-2fbf-420a-9461-d252f4af76a6', 'inactive'),
('b7f6c7e5-c9a6-4ccc-b978-9ed8b5b5e201', '000168', '000168', '500596e9-1454-4f85-aae7-23face313191', 'inactive'),
('c30f114c-0145-408f-83e2-761774c023ef', '000169', '000169', '7c6ec4aa-2fbf-420a-9461-d252f4af76a6', 'active'),
('9190edba-e399-44f8-8ebb-82d8637a8152', '000170', '000170', '01c56599-568e-4d2f-9dac-48efcf07e556', 'active'),
('6fad279f-5c48-47f2-91a4-044dd3238633', '000171', '000171', 'db6deee4-79b4-4d35-9ca3-524108dd47d5', 'active'),
('6aa3df15-6d03-4cdf-9871-5c269e1f2103', '000172', '000172', '500596e9-1454-4f85-aae7-23face313191', 'inactive'),
('510e4b7c-1ac6-492f-9500-f17a4655c16e', '000173', '000173', 'db6deee4-79b4-4d35-9ca3-524108dd47d5', 'active'),
('d0002218-a975-4fc6-9c17-ad6d0f43566c', '000174', '000174', '01c56599-568e-4d2f-9dac-48efcf07e556', 'inactive'),
('52ab7a6d-2172-4e7e-8f8b-40433767fab4', '000175', '000175', '7c6ec4aa-2fbf-420a-9461-d252f4af76a6', 'active'),
('f54456e8-fb6b-49da-9e6e-d20bd6d2ad3a', '000176', '000176', '61f50080-edba-42b0-aa5f-9a763790cafb', 'inactive'),
('5c3eed06-c591-47eb-945a-4aa7bb93223b', '000177', '000177', '01c56599-568e-4d2f-9dac-48efcf07e556', 'active'),
('9d580d1d-87a7-44be-b91b-864d65e5ed30', '000178', '000178', '61f50080-edba-42b0-aa5f-9a763790cafb', 'active'),
('1cead493-22b1-4658-ad0f-c394756462e6', '000179', '000179', 'db6deee4-79b4-4d35-9ca3-524108dd47d5', 'active'),
('02378844-b8dc-4029-b3de-743612ac2800', '000180', '000180', '01c56599-568e-4d2f-9dac-48efcf07e556', 'active'),
('8ba302fb-c201-4546-b927-a35dc1dce8fd', '000181', '000181', '500596e9-1454-4f85-aae7-23face313191', 'active'),
('0cc7bd94-9647-4ba5-a7d6-9627ee5ec005', '000182', '000182', '500596e9-1454-4f85-aae7-23face313191', 'active'),
('781d3db1-ec0a-4da9-9048-8860f0193327', '000183', '000183', 'db6deee4-79b4-4d35-9ca3-524108dd47d5', 'active'),
('428166d6-4058-40fd-ae65-06ce0f4573be', '000184', '000184', '500596e9-1454-4f85-aae7-23face313191', 'active'),
('f18ef8dc-b184-4e5e-b05b-0ad1d4abbecd', '000185', '000185', '01c56599-568e-4d2f-9dac-48efcf07e556', 'active'),
('d867bac4-3ddc-4584-9a43-a8b452162247', '000186', '000186', '01c56599-568e-4d2f-9dac-48efcf07e556', 'inactive'),
('b619189f-846d-4bf2-8545-07079b0ee9ce', '000187', '000187', '61f50080-edba-42b0-aa5f-9a763790cafb', 'inactive'),
('def3cdfe-7f7e-444a-a251-7b92ac0a034b', '000188', '000188', '7c6ec4aa-2fbf-420a-9461-d252f4af76a6', 'active'),
('bf74918b-03ee-4b17-a31e-9dced1174655', '000189', '000189', '61f50080-edba-42b0-aa5f-9a763790cafb', 'active'),
('8ad82b01-5e66-42fe-88c1-6a84b294401e', '000190', '000190', '61f50080-edba-42b0-aa5f-9a763790cafb', 'active'),
('671fcd46-ded6-45f6-8f90-9a9564b38167', '000191', '000191', '7c6ec4aa-2fbf-420a-9461-d252f4af76a6', 'active'),
('61a3b375-2431-49cb-b94f-ca33dca838e5', '000192', '000192', '500596e9-1454-4f85-aae7-23face313191', 'active'),
('4736ad1c-8c03-413f-be4f-861f4ee10434', '000193', '000193', '500596e9-1454-4f85-aae7-23face313191', 'active'),
('84bf00bc-dc22-406e-abf0-4ab4c2e92c04', '000194', '000194', 'db6deee4-79b4-4d35-9ca3-524108dd47d5', 'active'),
('d7e4d403-c227-4bf6-b3a6-0cbbb442ae22', '000195', '000195', '7c6ec4aa-2fbf-420a-9461-d252f4af76a6', 'inactive'),
('daaedd05-f9f3-4588-90f1-02a72a827dd9', '000196', '000196', 'db6deee4-79b4-4d35-9ca3-524108dd47d5', 'active'),
('dc7b4d8d-141b-43fc-b0ee-f3c40dcd3e67', '000197', '000197', '01c56599-568e-4d2f-9dac-48efcf07e556', 'active'),
('44be4a8d-1b41-41af-b9e7-c6f96078af95', '000198', '000198', '61f50080-edba-42b0-aa5f-9a763790cafb', 'active'),
('b6eb0921-1b37-4da9-816a-9e6aaf968648', '000199', '000199', '61f50080-edba-42b0-aa5f-9a763790cafb', 'active'),
('dff26bf0-67b2-4241-ba91-1f43e24763c3', '000200', '000200', '7c6ec4aa-2fbf-420a-9461-d252f4af76a6', 'retired'),
('68cfcd35-43bc-447c-83f4-fdc58ff44534', '000201', '000201', '61f50080-edba-42b0-aa5f-9a763790cafb', 'active'),
('bba1b750-d208-44dc-b9c2-184b2fa577e4', '000202', '000202', '500596e9-1454-4f85-aae7-23face313191', 'active'),
('2f38a58a-1b86-4539-ad06-958d49e3910f', '000203', '000203', 'db6deee4-79b4-4d35-9ca3-524108dd47d5', 'inactive'),
('05ec5ba8-4787-4dd1-a6c9-79345c730694', '000204', '000204', 'db6deee4-79b4-4d35-9ca3-524108dd47d5', 'active'),
('b5f6b9da-9968-49cd-ab6f-9d67802866ac', '000205', '000205', 'db6deee4-79b4-4d35-9ca3-524108dd47d5', 'active'),
('c46ebdb5-56a4-4948-86cd-71f1698a3f64', '000206', '000206', 'db6deee4-79b4-4d35-9ca3-524108dd47d5', 'active'),
('5114a64a-af6e-4683-a397-cbab286984b7', '000207', '000207', '7c6ec4aa-2fbf-420a-9461-d252f4af76a6', 'active'),
('a98c88e8-ae18-4582-a807-bcb06e20a3da', '000208', '000208', '500596e9-1454-4f85-aae7-23face313191', 'active'),
('e664f198-e9d1-41c2-b108-bdda56f8ad02', '000209', '000209', '01c56599-568e-4d2f-9dac-48efcf07e556', 'active'),
('893af502-1ae6-438f-8964-6fc806268739', '000210', '000210', '61f50080-edba-42b0-aa5f-9a763790cafb', 'active'),
('9359dc26-63a4-4980-b75b-6da802cf3ebe', '000211', '000211', '61f50080-edba-42b0-aa5f-9a763790cafb', 'active'),
('1702be41-0964-4128-920b-eb5f5b068ba0', '000212', '000212', '61f50080-edba-42b0-aa5f-9a763790cafb', 'retired'),
('c38b6f0c-18c4-4df1-b2e1-83f4f7bf6173', '000213', '000213', '61f50080-edba-42b0-aa5f-9a763790cafb', 'active'),
('fbfb194b-1a76-4f4c-a107-c83628428895', '000214', '000214', 'db6deee4-79b4-4d35-9ca3-524108dd47d5', 'active'),
('be6e0d31-646f-41fd-926c-8ebb148a4405', '000215', '000215', '01c56599-568e-4d2f-9dac-48efcf07e556', 'active'),
('2b9a05d8-bae7-439e-b244-fce7285feeb5', '000216', '000216', '61f50080-edba-42b0-aa5f-9a763790cafb', 'active'),
('0a153975-12d4-456e-90cf-5e0fc857bdbf', '000217', '000217', '500596e9-1454-4f85-aae7-23face313191', 'inactive'),
('74528804-0c09-43e5-83f8-8a6b56264df5', '000218', '000218', '61f50080-edba-42b0-aa5f-9a763790cafb', 'active'),
('f2e27e62-ce90-47ea-ac05-d2a2044941a2', '000219', '000219', '500596e9-1454-4f85-aae7-23face313191', 'active'),
('f70f6bea-1881-4515-a86b-260c290db76b', '000220', '000220', '61f50080-edba-42b0-aa5f-9a763790cafb', 'active'),
('b188f164-234a-4d4c-b282-4a3b27137e67', '000221', '000221', '61f50080-edba-42b0-aa5f-9a763790cafb', 'inactive'),
('bc38858f-ba27-4a83-ba25-4b224a98ff1c', '000222', '000222', '500596e9-1454-4f85-aae7-23face313191', 'active'),
('ebd2ff97-9bc7-4a42-b3fc-742682ce8cb5', '000223', '000223', '500596e9-1454-4f85-aae7-23face313191', 'inactive'),
('a68ac134-ee0d-40ad-8156-c6beb460c051', '000224', '000224', 'db6deee4-79b4-4d35-9ca3-524108dd47d5', 'inactive'),
('74cbab7f-5cc0-4d9e-a159-b3b5512dd7b8', '000225', '000225', '01c56599-568e-4d2f-9dac-48efcf07e556', 'active'),
('1cd180ac-c92a-431b-9751-71f14f521036', '000226', '000226', '01c56599-568e-4d2f-9dac-48efcf07e556', 'inactive'),
('dc1337e5-54c2-4e86-bf69-0a3f91985fc3', '000227', '000227', '01c56599-568e-4d2f-9dac-48efcf07e556', 'inactive'),
('a20fea2f-a8ac-46c7-a73b-ec7df033df2b', '000228', '000228', '500596e9-1454-4f85-aae7-23face313191', 'active'),
('178f6a67-33c6-4dd2-b939-23ec13451eb4', '000229', '000229', '500596e9-1454-4f85-aae7-23face313191', 'active'),
('790bd2d0-88f4-4bb5-b181-6908b89c6f01', '000230', '000230', '500596e9-1454-4f85-aae7-23face313191', 'active'),
('ae357866-37f3-41f2-a956-343dec8fc91d', '000231', '000231', '01c56599-568e-4d2f-9dac-48efcf07e556', 'active'),
('a7e83e15-e0d6-4413-b7a4-c4a337883a80', '000232', '000232', '500596e9-1454-4f85-aae7-23face313191', 'inactive'),
('f90ddbda-3d4a-44d1-b3b0-7599ed7ca30f', '000233', '000233', '01c56599-568e-4d2f-9dac-48efcf07e556', 'active'),
('2394d16c-20b6-4acf-baab-523fe0ee7f84', '000234', '000234', '7c6ec4aa-2fbf-420a-9461-d252f4af76a6', 'inactive'),
('a3184574-9f01-46d2-89f8-3130c0e88e04', '000235', '000235', 'db6deee4-79b4-4d35-9ca3-524108dd47d5', 'active'),
('246af074-b668-4cd1-89a7-93384db13e99', '000236', '000236', '500596e9-1454-4f85-aae7-23face313191', 'active'),
('68c3bf22-d226-4ca7-8fb5-1546decb597f', '000237', '000237', '61f50080-edba-42b0-aa5f-9a763790cafb', 'active'),
('d267aba1-5a1b-4bfa-bf33-9d3145b509ce', '000238', '000238', 'db6deee4-79b4-4d35-9ca3-524108dd47d5', 'active'),
('806b474f-6b0c-4da7-a067-e3d5d46ba3d0', '000239', '000239', '01c56599-568e-4d2f-9dac-48efcf07e556', 'active'),
('9201b641-08a8-49f5-a2ff-3aa5f428ab00', '000240', '000240', 'db6deee4-79b4-4d35-9ca3-524108dd47d5', 'active'),
('46c68318-fdfa-41c4-ac16-ef34e36487b7', '000241', '000241', '61f50080-edba-42b0-aa5f-9a763790cafb', 'active'),
('e7d2b1e3-d6b2-4e33-97b9-3500a8708c4a', '000242', '000242', '01c56599-568e-4d2f-9dac-48efcf07e556', 'active'),
('fc908abc-799d-49da-9bc1-d326de7a12bb', '000243', '000243', '500596e9-1454-4f85-aae7-23face313191', 'active'),
('6c49b07e-2659-4a87-85f3-015fc8787824', '000244', '000244', 'db6deee4-79b4-4d35-9ca3-524108dd47d5', 'active'),
('353011f7-b239-4319-b0fb-f89192e84e22', '000245', '000245', '500596e9-1454-4f85-aae7-23face313191', 'active'),
('700588f2-4892-4d10-8c5a-042111bdb202', '000246', '000246', '01c56599-568e-4d2f-9dac-48efcf07e556', 'active'),
('063d63e5-8469-4861-9b0e-5e71d3ea5176', '000247', '000247', 'db6deee4-79b4-4d35-9ca3-524108dd47d5', 'active'),
('da1ee3eb-33e7-4af0-a33a-32d4553402af', '000248', '000248', '61f50080-edba-42b0-aa5f-9a763790cafb', 'inactive'),
('8fb5bc9e-1506-4f4e-b70a-ec1d991c219c', '000249', '000249', '500596e9-1454-4f85-aae7-23face313191', 'active'),
('9d4ecf6f-b4ed-4ffe-8e3f-1609d1107146', '000250', '000250', '500596e9-1454-4f85-aae7-23face313191', 'active'),
('50efdeff-35f8-4973-9620-6678f7802983', '000251', '000251', '7c6ec4aa-2fbf-420a-9461-d252f4af76a6', 'active'),
('5dde573d-29b9-4994-964c-047c3b28107d', '000252', '000252', '7c6ec4aa-2fbf-420a-9461-d252f4af76a6', 'active'),
('bf288b1c-a239-4729-af9f-4a426124a922', '000253', '000253', '61f50080-edba-42b0-aa5f-9a763790cafb', 'active'),
('8189c3f6-1635-4ea3-8c0d-2eff1bed56b8', '000254', '000254', 'db6deee4-79b4-4d35-9ca3-524108dd47d5', 'active'),
('367048f4-c774-42ec-9e68-4169f72da46c', '000255', '000255', '500596e9-1454-4f85-aae7-23face313191', 'active'),
('860f7c1f-ac7b-4cb7-bdce-db4d11d868cf', '000256', '000256', '7c6ec4aa-2fbf-420a-9461-d252f4af76a6', 'active'),
('5ee69daa-6193-4835-85f8-0553b35cfdbd', '000257', '000257', '01c56599-568e-4d2f-9dac-48efcf07e556', 'active'),
('0e392e68-6184-46a8-8834-54c93471d599', '000258', '000258', '61f50080-edba-42b0-aa5f-9a763790cafb', 'active'),
('ca4e1c15-dae6-4e1b-a663-467695a1493a', '000259', '000259', '7c6ec4aa-2fbf-420a-9461-d252f4af76a6', 'active'),
('a70f9331-f858-4fd0-9e9f-5105049294e3', '000260', '000260', '01c56599-568e-4d2f-9dac-48efcf07e556', 'active'),
('6e854fcf-44f1-4890-99b4-3986e81473ff', '000261', '000261', '61f50080-edba-42b0-aa5f-9a763790cafb', 'active'),
('992a791d-3fb8-42b6-8774-b80f6ce7c9c5', '000262', '000262', '500596e9-1454-4f85-aae7-23face313191', 'active'),
('6fe17921-de1b-4029-9ddc-62c19bdf15b3', '000263', '000263', '500596e9-1454-4f85-aae7-23face313191', 'active'),
('e4d46278-82e4-449c-a4e8-c426d91fde6a', '000264', '000264', '01c56599-568e-4d2f-9dac-48efcf07e556', 'active'),
('a95998c7-e27b-4bfb-9b65-8ac313c4928e', '000265', '000265', '7c6ec4aa-2fbf-420a-9461-d252f4af76a6', 'inactive'),
('191b14d5-8644-4ac2-bd2c-d8e7db6e7c6d', '000266', '000266', '7c6ec4aa-2fbf-420a-9461-d252f4af76a6', 'active'),
('269a8738-8161-48d3-9ff9-5f6cfce4d6b7', '000267', '000267', 'db6deee4-79b4-4d35-9ca3-524108dd47d5', 'active'),
('efe3a1fc-c231-43d3-be7f-1dc6cda313c0', '000268', '000268', '61f50080-edba-42b0-aa5f-9a763790cafb', 'inactive'),
('5aac738e-9847-44e9-8578-2bf68623f2d1', '000269', '000269', '7c6ec4aa-2fbf-420a-9461-d252f4af76a6', 'active'),
('61cf61b2-6f97-457e-b4c5-929018517ab5', '000270', '000270', '61f50080-edba-42b0-aa5f-9a763790cafb', 'active'),
('cd0289a5-08d7-4e4f-9eaa-2bff452e5dbf', '000271', '000271', '01c56599-568e-4d2f-9dac-48efcf07e556', 'inactive'),
('18605281-f84e-4475-b518-205585ae23b5', '000272', '000272', 'db6deee4-79b4-4d35-9ca3-524108dd47d5', 'active'),
('84637174-ea93-435c-a583-f04d191d6df2', '000273', '000273', '7c6ec4aa-2fbf-420a-9461-d252f4af76a6', 'inactive'),
('1706ce28-08b3-4a90-9cfc-09cb52a43187', '000274', '000274', 'db6deee4-79b4-4d35-9ca3-524108dd47d5', 'inactive'),
('5db85cd4-c60b-4e55-872a-fcf6d0a306b1', '000275', '000275', '500596e9-1454-4f85-aae7-23face313191', 'inactive'),
('cf2191d8-d4ce-45bb-b2a1-566d57c63f0d', '000276', '000276', '500596e9-1454-4f85-aae7-23face313191', 'inactive'),
('fd085277-cf83-4605-917b-bb5ce695eac0', '000277', '000277', '01c56599-568e-4d2f-9dac-48efcf07e556', 'active'),
('4a1eb6e9-6f11-4245-b0aa-5f626a5b272a', '000278', '000278', '500596e9-1454-4f85-aae7-23face313191', 'active'),
('f5eb278b-910d-49d6-ad03-2efeb74ec3d9', '000279', '000279', '01c56599-568e-4d2f-9dac-48efcf07e556', 'active'),
('0574ec1b-a08c-47c8-bd55-68d39b57f1e4', '000280', '000280', '500596e9-1454-4f85-aae7-23face313191', 'active'),
('b3c2f8bb-08ae-488b-a078-cd849465b6c2', '000281', '000281', '7c6ec4aa-2fbf-420a-9461-d252f4af76a6', 'active'),
('ab63cee2-a6bc-4548-af24-a1f1929f8593', '000282', '000282', '01c56599-568e-4d2f-9dac-48efcf07e556', 'active'),
('3951fb39-077d-46be-9edc-b2c3c3b7d9fc', '000283', '000283', '500596e9-1454-4f85-aae7-23face313191', 'inactive'),
('4fb64a7d-2876-4e80-823b-bb8dc03aec4f', '000284', '000284', '7c6ec4aa-2fbf-420a-9461-d252f4af76a6', 'active'),
('e01e6d32-92dd-454b-b44d-4b7eeafe93eb', '000285', '000285', '7c6ec4aa-2fbf-420a-9461-d252f4af76a6', 'active'),
('34a727af-aa02-46a7-81ac-78ab73e7c440', '000286', '000286', '61f50080-edba-42b0-aa5f-9a763790cafb', 'active'),
('8e77a21d-947d-42f4-ab45-e4c520534c65', '000287', '000287', '500596e9-1454-4f85-aae7-23face313191', 'active'),
('7bfeb16a-8875-4d1c-a90b-b06cd120ab82', '000288', '000288', '500596e9-1454-4f85-aae7-23face313191', 'active'),
('21cb7bbe-09a2-4e24-a910-a7ccecdbba2e', '000289', '000289', '7c6ec4aa-2fbf-420a-9461-d252f4af76a6', 'active'),
('ff89a942-8c4e-4cd7-81ec-933024812ea1', '000290', '000290', '7c6ec4aa-2fbf-420a-9461-d252f4af76a6', 'active'),
('a6c172b2-e6f7-4346-9f7b-49618fec8c74', '000291', '000291', 'db6deee4-79b4-4d35-9ca3-524108dd47d5', 'inactive'),
('5c79a771-6543-4d67-845a-2215c72d6d6f', '000292', '000292', '61f50080-edba-42b0-aa5f-9a763790cafb', 'active'),
('9d6f412b-d020-4b3b-bdee-54dfb5a14012', '000293', '000293', '500596e9-1454-4f85-aae7-23face313191', 'active'),
('93551730-1f37-4579-99c2-ea21270af358', '000294', '000294', '500596e9-1454-4f85-aae7-23face313191', 'inactive'),
('cb83f8ff-2fe8-4c4b-b44c-adece2b58365', '000295', '000295', '01c56599-568e-4d2f-9dac-48efcf07e556', 'active'),
('42904f79-9e6e-4bf9-ba19-f4a1024b32bb', '000296', '000296', '61f50080-edba-42b0-aa5f-9a763790cafb', 'active'),
('7960a474-a1dc-4680-a0cf-2c1f9fc6d88d', '000297', '000297', 'db6deee4-79b4-4d35-9ca3-524108dd47d5', 'active'),
('6b6d038b-a012-4383-b827-6b5ef3cfb410', '000298', '000298', '61f50080-edba-42b0-aa5f-9a763790cafb', 'active'),
('f3476c8f-61f7-49dc-b551-e906ffb68935', '000299', '000299', 'db6deee4-79b4-4d35-9ca3-524108dd47d5', 'active'),
('541341d3-6d24-49f5-b3be-aa5c17e444f3', '000300', '000300', '500596e9-1454-4f85-aae7-23face313191', 'active'),
('b556e0d3-46c1-44d0-8048-c1e61e189d59', '000301', '000301', '61f50080-edba-42b0-aa5f-9a763790cafb', 'active'),
('502ce8b5-1637-445c-923d-a634310fa16c', '000302', '000302', '500596e9-1454-4f85-aae7-23face313191', 'retired'),
('a0ed712c-83a6-48a5-9456-2df178403b55', '000303', '000303', '7c6ec4aa-2fbf-420a-9461-d252f4af76a6', 'active'),
('71f22788-5240-44fa-bee9-546a44f3ec96', '000304', '000304', '01c56599-568e-4d2f-9dac-48efcf07e556', 'active'),
('3794eef6-7146-4793-a557-387fc6095e1e', '000305', '000305', '61f50080-edba-42b0-aa5f-9a763790cafb', 'inactive'),
('22ae316d-5721-4133-8ec2-5a14a69186b5', '000306', '000306', '61f50080-edba-42b0-aa5f-9a763790cafb', 'active'),
('89de2a69-68a0-48a7-866e-39ce2dd79f00', '000307', '000307', '61f50080-edba-42b0-aa5f-9a763790cafb', 'inactive'),
('23192511-03d3-46a8-af37-bbc06ee9aca3', '000308', '000308', 'db6deee4-79b4-4d35-9ca3-524108dd47d5', 'active'),
('da11f45a-8a1f-436e-80bd-bc48dfbca08d', '000309', '000309', '01c56599-568e-4d2f-9dac-48efcf07e556', 'active'),
('9e823891-7e4c-49e0-99af-0b2ecb1579fc', '000310', '000310', '500596e9-1454-4f85-aae7-23face313191', 'active'),
('8aeabe22-f36f-4ed7-b06e-26e16920035f', '000311', '000311', '61f50080-edba-42b0-aa5f-9a763790cafb', 'active'),
('f561dd1d-b31a-4f29-8f60-dc406ffdb5b9', '000312', '000312', '61f50080-edba-42b0-aa5f-9a763790cafb', 'active'),
('02c28300-f5a9-4f8f-9bc4-d30de6b12ece', '000313', '000313', '7c6ec4aa-2fbf-420a-9461-d252f4af76a6', 'active'),
('0a6c41ab-ed58-49d0-a10d-8a48080585b5', '000314', '000314', '61f50080-edba-42b0-aa5f-9a763790cafb', 'active'),
('b227b1f7-62b6-4faa-b13f-2af85aedaf4a', '000315', '000315', '01c56599-568e-4d2f-9dac-48efcf07e556', 'inactive'),
('2610b545-08e9-4dd3-a365-fa0f4cdfa1f8', '000316', '000316', '7c6ec4aa-2fbf-420a-9461-d252f4af76a6', 'inactive'),
('76c9c852-a6bd-4780-ad31-3ba2d918609a', '000317', '000317', '7c6ec4aa-2fbf-420a-9461-d252f4af76a6', 'active'),
('b1b4c789-ce87-4196-b83a-ee0a6a728312', '000318', '000318', '7c6ec4aa-2fbf-420a-9461-d252f4af76a6', 'inactive'),
('f4e20648-b0c1-4d1a-9eb2-535504ab47db', '000319', '000319', '7c6ec4aa-2fbf-420a-9461-d252f4af76a6', 'active'),
('402b08c1-e9f0-45a4-a36b-86d3cb03c08f', '000320', '000320', '01c56599-568e-4d2f-9dac-48efcf07e556', 'active'),
('071c01a5-2ef8-4675-8a53-2b85243a495d', '000321', '000321', '500596e9-1454-4f85-aae7-23face313191', 'active'),
('c85255c3-c723-4f2a-aec7-562d8c3f496e', '000322', '000322', '01c56599-568e-4d2f-9dac-48efcf07e556', 'active'),
('16aa047e-1f5e-405a-9e3e-d69cf73c5d2f', '000323', '000323', 'db6deee4-79b4-4d35-9ca3-524108dd47d5', 'inactive'),
('2e47461e-3f77-4b28-81a4-91eb96667921', '000324', '000324', '01c56599-568e-4d2f-9dac-48efcf07e556', 'active'),
('2b473b81-0e5d-4fee-85ed-4b847df97f6f', '000325', '000325', '61f50080-edba-42b0-aa5f-9a763790cafb', 'active'),
('3d50831b-7a4d-4f74-9923-143dccb9b4ef', '000326', '000326', 'db6deee4-79b4-4d35-9ca3-524108dd47d5', 'active'),
('6203c0f0-8c93-4b84-80fd-fa66b60c2bed', '000327', '000327', 'db6deee4-79b4-4d35-9ca3-524108dd47d5', 'active'),
('d9b149a2-5f14-44d1-a2dc-038fe0bc9735', '000328', '000328', '7c6ec4aa-2fbf-420a-9461-d252f4af76a6', 'inactive'),
('8eade97e-374f-404e-8d35-619fbb4700c5', '000329', '000329', '61f50080-edba-42b0-aa5f-9a763790cafb', 'active'),
('643a39ab-e7c5-4883-bf57-8e972c7e0b01', '000330', '000330', '01c56599-568e-4d2f-9dac-48efcf07e556', 'active'),
('6b44cc08-1545-428f-9e45-2265f1a54c33', '000331', '000331', '01c56599-568e-4d2f-9dac-48efcf07e556', 'active'),
('8c3692f4-01de-4689-98e3-6b55c8f1c17e', '000332', '000332', '01c56599-568e-4d2f-9dac-48efcf07e556', 'active'),
('b06bcf54-b767-48ff-b3f4-166076616c3c', '000333', '000333', '500596e9-1454-4f85-aae7-23face313191', 'active'),
('143873fc-2bd5-4e67-ab68-1e7b98c82f06', '000334', '000334', '01c56599-568e-4d2f-9dac-48efcf07e556', 'inactive'),
('0ee34143-e705-4e5a-9dc5-2a509b06172c', '000335', '000335', '7c6ec4aa-2fbf-420a-9461-d252f4af76a6', 'active'),
('3fd338ea-ecbc-425f-98e4-27889624da11', '000336', '000336', 'db6deee4-79b4-4d35-9ca3-524108dd47d5', 'active'),
('ed4150f3-1497-4a52-a571-9dfb68039a91', '000337', '000337', '61f50080-edba-42b0-aa5f-9a763790cafb', 'active'),
('d572c4ec-6e32-4a79-ad55-3c143282d4a3', '000338', '000338', '7c6ec4aa-2fbf-420a-9461-d252f4af76a6', 'inactive'),
('c4091664-d8c2-4813-b7e0-fe0522f93c10', '000339', '000339', '500596e9-1454-4f85-aae7-23face313191', 'inactive'),
('de8cca7b-8416-4970-a924-cd3c7ef23e9c', '000340', '000340', '7c6ec4aa-2fbf-420a-9461-d252f4af76a6', 'active'),
('bc490050-6248-4290-bc27-355302495996', '000341', '000341', '01c56599-568e-4d2f-9dac-48efcf07e556', 'active'),
('0a87ec85-63c1-454d-a69f-7a589dcf66e4', '000342', '000342', '01c56599-568e-4d2f-9dac-48efcf07e556', 'active'),
('a2a2fecc-2ab7-466e-9326-7ce4ae54223d', '000343', '000343', '500596e9-1454-4f85-aae7-23face313191', 'active'),
('eaf85017-3edf-4c93-9797-08dce6381f71', '000344', '000344', '500596e9-1454-4f85-aae7-23face313191', 'inactive'),
('a7bca529-d3ba-4a94-bb5b-49542612327f', '000345', '000345', '500596e9-1454-4f85-aae7-23face313191', 'active'),
('51b2fa0a-31f5-49a3-b757-eab8fd4d565e', '000346', '000346', '500596e9-1454-4f85-aae7-23face313191', 'active'),
('347fed43-61a6-4285-9e5b-195288edebab', '000347', '000347', '01c56599-568e-4d2f-9dac-48efcf07e556', 'inactive'),
('2696e3f1-0b30-41c6-8acf-57a7af9a469b', '000348', '000348', '61f50080-edba-42b0-aa5f-9a763790cafb', 'active'),
('0aac9b15-727f-46e8-9970-e7b122734879', '000349', '000349', '7c6ec4aa-2fbf-420a-9461-d252f4af76a6', 'active'),
('f5215b86-4bde-417b-8cf3-06f6286e5dd6', '000350', '000350', '01c56599-568e-4d2f-9dac-48efcf07e556', 'active'),
('2db5f3a8-6da7-4420-ae61-1114e97952f5', '000351', '000351', 'db6deee4-79b4-4d35-9ca3-524108dd47d5', 'active'),
('1b21260d-0c76-474d-86fd-3f4f07a98444', '000352', '000352', '01c56599-568e-4d2f-9dac-48efcf07e556', 'active'),
('bc135d6e-746c-48be-9a83-6e82148265e2', '000353', '000353', '500596e9-1454-4f85-aae7-23face313191', 'active'),
('85a15adc-9517-4527-8d45-de95e5f6ab3d', '000354', '000354', '500596e9-1454-4f85-aae7-23face313191', 'inactive'),
('7b6809bf-9838-4085-8474-daf9307c7fd1', '000355', '000355', 'db6deee4-79b4-4d35-9ca3-524108dd47d5', 'active'),
('ba879d65-23d8-4098-8be8-aa343ea58820', '000356', '000356', 'db6deee4-79b4-4d35-9ca3-524108dd47d5', 'inactive'),
('6b13b8b6-64bd-4844-829a-b6949814fee4', '000357', '000357', '61f50080-edba-42b0-aa5f-9a763790cafb', 'active'),
('b1b54fcd-888e-42fe-82a5-80e99140e9c9', '000358', '000358', '01c56599-568e-4d2f-9dac-48efcf07e556', 'active'),
('ca072a67-d014-4ed6-8f50-0b9b7dc12e25', '000359', '000359', 'db6deee4-79b4-4d35-9ca3-524108dd47d5', 'active'),
('41c63d02-d018-4df0-baca-1c263146d8c6', '000360', '000360', 'db6deee4-79b4-4d35-9ca3-524108dd47d5', 'active'),
('5c9bfd84-f8ea-433d-be8d-2b706204bb68', '000361', '000361', '01c56599-568e-4d2f-9dac-48efcf07e556', 'active'),
('9e35a369-b232-44e9-ac00-eb9e4ee0d281', '000362', '000362', '01c56599-568e-4d2f-9dac-48efcf07e556', 'retired'),
('9edb70d2-4c09-49ef-bf30-98cee70c9283', '000363', '000363', '01c56599-568e-4d2f-9dac-48efcf07e556', 'active'),
('8c71bd27-1406-4dde-b2dc-e5e9fce4c73a', '000364', '000364', '01c56599-568e-4d2f-9dac-48efcf07e556', 'active'),
('47967e9d-15c1-48c0-84ce-b1839fbfcd23', '000365', '000365', '500596e9-1454-4f85-aae7-23face313191', 'active'),
('60fac5f5-30d0-40c6-9864-ae6ac0fed5f3', '000366', '000366', '01c56599-568e-4d2f-9dac-48efcf07e556', 'active'),
('33223ff2-c9b9-4d2a-b2c9-f9b8407ae426', '000367', '000367', '7c6ec4aa-2fbf-420a-9461-d252f4af76a6', 'active'),
('e4b61beb-fb6f-4f4b-98b8-405605d33f55', '000368', '000368', '7c6ec4aa-2fbf-420a-9461-d252f4af76a6', 'active'),
('f5ff4e58-12e2-4fc5-aaa8-95bf571dc2cb', '000369', '000369', '61f50080-edba-42b0-aa5f-9a763790cafb', 'active'),
('224aa443-e621-4bdf-aa89-15803cbf5487', '000370', '000370', 'db6deee4-79b4-4d35-9ca3-524108dd47d5', 'active'),
('5cac6373-0094-49cf-995d-e684ac1cc597', '000371', '000371', '7c6ec4aa-2fbf-420a-9461-d252f4af76a6', 'active'),
('a2141d4b-ed2f-42f5-8bcb-770a8ba030fa', '000372', '000372', '500596e9-1454-4f85-aae7-23face313191', 'inactive'),
('aa5e0da2-e0aa-4bae-9f53-a287c82887b7', '000373', '000373', 'db6deee4-79b4-4d35-9ca3-524108dd47d5', 'active'),
('a6afdec1-c738-42d1-9760-bd83ed3c9d26', '000374', '000374', 'db6deee4-79b4-4d35-9ca3-524108dd47d5', 'active'),
('d2bd327e-5f96-473b-90b2-e1b7a12525ea', '000375', '000375', '01c56599-568e-4d2f-9dac-48efcf07e556', 'active'),
('79c75a76-516e-40c1-aa65-4ed2df7eabe3', '000376', '000376', 'db6deee4-79b4-4d35-9ca3-524108dd47d5', 'inactive'),
('709765ba-fcaa-484d-861d-8ada5fc09b02', '000377', '000377', '7c6ec4aa-2fbf-420a-9461-d252f4af76a6', 'active'),
('8480d083-bfc0-4b45-ba51-a504b0a11364', '000378', '000378', '01c56599-568e-4d2f-9dac-48efcf07e556', 'active'),
('57d11fe2-0c1a-416e-8ed7-0be9d625d085', '000379', '000379', 'db6deee4-79b4-4d35-9ca3-524108dd47d5', 'active'),
('22f43ec0-a7d2-48df-bd29-fde003f4d177', '000380', '000380', 'db6deee4-79b4-4d35-9ca3-524108dd47d5', 'inactive'),
('98170aa0-5ac1-4047-aacf-5b55c62f8a83', '000381', '000381', 'db6deee4-79b4-4d35-9ca3-524108dd47d5', 'active'),
('39d6ee34-1362-4523-91dd-400f590f61b4', '000382', '000382', 'db6deee4-79b4-4d35-9ca3-524108dd47d5', 'active'),
('b6fbe431-8ac0-49cc-ab20-b90ac51636ea', '000383', '000383', '500596e9-1454-4f85-aae7-23face313191', 'active'),
('14c71064-d5d7-4da2-9592-cb0b7a7e459b', '000384', '000384', 'db6deee4-79b4-4d35-9ca3-524108dd47d5', 'active'),
('4ecee0c9-fd5a-4fd5-94f7-6b20b4a1c336', '000385', '000385', 'db6deee4-79b4-4d35-9ca3-524108dd47d5', 'active'),
('fae2cd00-2028-4221-a726-f76c46e473ea', '000386', '000386', '61f50080-edba-42b0-aa5f-9a763790cafb', 'active'),
('2e7ff669-b54e-435e-ae70-78181f121a6a', '000387', '000387', '61f50080-edba-42b0-aa5f-9a763790cafb', 'retired'),
('2ad22b87-e5a1-4792-8667-30a3a7c7b7e4', '000388', '000388', '01c56599-568e-4d2f-9dac-48efcf07e556', 'active'),
('88350486-37ea-4c9d-92c3-e24f83382837', '000389', '000389', '7c6ec4aa-2fbf-420a-9461-d252f4af76a6', 'active'),
('f9f7fcb3-b33d-44eb-84db-1296e074b713', '000390', '000390', '61f50080-edba-42b0-aa5f-9a763790cafb', 'active'),
('318f4762-e58b-42f9-a292-c4c0d0d4723b', '000391', '000391', '500596e9-1454-4f85-aae7-23face313191', 'active'),
('964cfb6e-adce-492c-bdb4-1e97ad680019', '000392', '000392', '500596e9-1454-4f85-aae7-23face313191', 'active'),
('9c7671dc-aba9-4d26-b36c-c676836d488e', '000393', '000393', '61f50080-edba-42b0-aa5f-9a763790cafb', 'active'),
('67b70e79-78b2-4833-b4f2-9ed1a1fded03', '000394', '000394', '7c6ec4aa-2fbf-420a-9461-d252f4af76a6', 'inactive'),
('7198dc08-efb8-4c5d-8dda-8f90c901d974', '000395', '000395', '500596e9-1454-4f85-aae7-23face313191', 'active'),
('ea4f9297-61ca-466e-ab83-cdc6737ee823', '000396', '000396', '61f50080-edba-42b0-aa5f-9a763790cafb', 'active'),
('ef611dab-deb6-4076-9878-727180309b83', '000397', '000397', '61f50080-edba-42b0-aa5f-9a763790cafb', 'active'),
('b4422526-4571-4235-bd8b-e45751b7baca', '000398', '000398', '01c56599-568e-4d2f-9dac-48efcf07e556', 'active'),
('77714fd7-3ce2-46d8-a15f-a32687c4153e', '000399', '000399', 'db6deee4-79b4-4d35-9ca3-524108dd47d5', 'active'),
('c9f00350-f91c-485d-8b04-e71b01aca8c2', '000400', '000400', '61f50080-edba-42b0-aa5f-9a763790cafb', 'inactive'),
('ec978a45-2504-4267-a0d2-83d845aa2479', '000401', '000401', '61f50080-edba-42b0-aa5f-9a763790cafb', 'active'),
('afa6757c-ea24-4af1-a926-db34de139e25', '000402', '000402', 'db6deee4-79b4-4d35-9ca3-524108dd47d5', 'active'),
('39903a32-b51e-4b12-97ce-9d1a2ddf73c2', '000403', '000403', '01c56599-568e-4d2f-9dac-48efcf07e556', 'active'),
('c6a16ead-5c15-4de3-94de-407f3508de85', '000404', '000404', '7c6ec4aa-2fbf-420a-9461-d252f4af76a6', 'active'),
('0b4af953-f024-4c57-9670-8474ba4023ef', '000405', '000405', '500596e9-1454-4f85-aae7-23face313191', 'active'),
('f70e66f9-99b5-4658-b0a0-2750e9a4c881', '000406', '000406', '7c6ec4aa-2fbf-420a-9461-d252f4af76a6', 'active'),
('c1c407f3-f03d-40f1-b9d8-f18e57772ae4', '000407', '000407', '7c6ec4aa-2fbf-420a-9461-d252f4af76a6', 'active'),
('04f183c9-5486-4fc9-8e8f-b84715c893cc', '000408', '000408', 'db6deee4-79b4-4d35-9ca3-524108dd47d5', 'active'),
('6337fa17-800e-4d26-9787-f3a2f6f5fcf9', '000409', '000409', 'db6deee4-79b4-4d35-9ca3-524108dd47d5', 'active'),
('181cec42-d7c0-4f24-ba20-24154f762d65', '000410', '000410', '500596e9-1454-4f85-aae7-23face313191', 'active'),
('c19f00f6-0487-4836-b04b-0257b9cfd118', '000411', '000411', '01c56599-568e-4d2f-9dac-48efcf07e556', 'active'),
('ed9efffc-3f41-4fb2-aee3-851eb81dc177', '000412', '000412', '7c6ec4aa-2fbf-420a-9461-d252f4af76a6', 'inactive'),
('dbe0b3d5-4c1d-4013-b997-daba59587443', '000413', '000413', '7c6ec4aa-2fbf-420a-9461-d252f4af76a6', 'active'),
('b03557c7-67a0-4135-9ff7-412052c4196e', '000414', '000414', '61f50080-edba-42b0-aa5f-9a763790cafb', 'active'),
('1ad4c028-37eb-4861-b848-ef697b1a8f8e', '000415', '000415', '500596e9-1454-4f85-aae7-23face313191', 'active'),
('ea29a5d1-4c34-4b7b-86a5-ad1c18993e0e', '000416', '000416', '61f50080-edba-42b0-aa5f-9a763790cafb', 'active'),
('28fe8ef9-ecfc-4c34-9e77-18a242cfd714', '000417', '000417', '500596e9-1454-4f85-aae7-23face313191', 'active'),
('f4b164bb-9127-49d7-9cd0-69d7403f2bed', '000418', '000418', '61f50080-edba-42b0-aa5f-9a763790cafb', 'active'),
('f30fae85-f4f4-4902-862f-5caad990d53b', '000419', '000419', '500596e9-1454-4f85-aae7-23face313191', 'active'),
('6b39fa90-a4b6-45df-bfd7-8a6d36313e52', '000420', '000420', '01c56599-568e-4d2f-9dac-48efcf07e556', 'active'),
('138213b5-50af-4f2d-b0be-1e10a129e01a', '000421', '000421', '500596e9-1454-4f85-aae7-23face313191', 'active'),
('a3290c9a-a0c3-4337-b6c2-cb6d9e192acd', '000422', '000422', '500596e9-1454-4f85-aae7-23face313191', 'active'),
('9ceb64c3-732d-459f-b054-baef70afe1fd', '000423', '000423', '61f50080-edba-42b0-aa5f-9a763790cafb', 'active'),
('c8c802d8-1c87-4351-bb27-2f079adf0fee', '000424', '000424', '61f50080-edba-42b0-aa5f-9a763790cafb', 'active'),
('da006516-4dcf-4187-bbdd-e433684cf9f9', '000425', '000425', '500596e9-1454-4f85-aae7-23face313191', 'inactive'),
('d22d7b22-6d68-4871-9c7c-89f07fa530f7', '000426', '000426', '61f50080-edba-42b0-aa5f-9a763790cafb', 'inactive'),
('32de12c8-a279-4edb-9d0c-d5dbf100b674', '000427', '000427', '01c56599-568e-4d2f-9dac-48efcf07e556', 'inactive'),
('f00c241e-c56e-4a00-8981-e0e83f941511', '000428', '000428', '500596e9-1454-4f85-aae7-23face313191', 'active'),
('171abc75-f351-40b2-8a04-d033dd984083', '000429', '000429', '500596e9-1454-4f85-aae7-23face313191', 'active'),
('f47a44ad-8afb-4e65-b2cc-2007496e34b4', '000430', '000430', '500596e9-1454-4f85-aae7-23face313191', 'active'),
('c436f291-c6ba-49e9-982c-455a4f2ea63f', '000431', '000431', '500596e9-1454-4f85-aae7-23face313191', 'active'),
('90a94010-4ea0-4da5-8e0d-97eff8d56364', '000432', '000432', 'db6deee4-79b4-4d35-9ca3-524108dd47d5', 'active'),
('7d146071-9d7d-4d67-b9b5-8d81501bfda4', '000433', '000433', 'db6deee4-79b4-4d35-9ca3-524108dd47d5', 'active'),
('b14360d8-31cc-4549-9c5e-b011f7a18495', '000434', '000434', 'db6deee4-79b4-4d35-9ca3-524108dd47d5', 'inactive'),
('6551b06b-255a-4b05-9f68-be7d78fe1a8c', '000435', '000435', '61f50080-edba-42b0-aa5f-9a763790cafb', 'active'),
('3a903ad3-1bc3-435a-97b0-8a91f5eac104', '000436', '000436', '7c6ec4aa-2fbf-420a-9461-d252f4af76a6', 'active'),
('900ffac1-fcec-4cba-af4d-84b1c0d13304', '000437', '000437', '7c6ec4aa-2fbf-420a-9461-d252f4af76a6', 'inactive'),
('5235eb90-5e8c-4da2-bdcf-eec699e0295c', '000438', '000438', '500596e9-1454-4f85-aae7-23face313191', 'active'),
('558c18f7-5df2-4b38-abf6-6490b4e41af0', '000439', '000439', '61f50080-edba-42b0-aa5f-9a763790cafb', 'active'),
('3022b383-db84-4381-835e-f382a9840436', '000440', '000440', '7c6ec4aa-2fbf-420a-9461-d252f4af76a6', 'active'),
('c27bd3cc-44ee-4e64-991a-6203d9f423c0', '000441', '000441', 'db6deee4-79b4-4d35-9ca3-524108dd47d5', 'active'),
('fe160276-bbfc-48ce-9cc7-52acb01f8228', '000442', '000442', '7c6ec4aa-2fbf-420a-9461-d252f4af76a6', 'active'),
('1864ce6a-32cb-45e9-ae08-e15a164497a8', '000443', '000443', '61f50080-edba-42b0-aa5f-9a763790cafb', 'inactive'),
('62eae8b4-e62b-4159-927a-8457163e0046', '000444', '000444', 'db6deee4-79b4-4d35-9ca3-524108dd47d5', 'active'),
('c83da9f9-66fa-4206-97f4-67764390fd74', '000445', '000445', '7c6ec4aa-2fbf-420a-9461-d252f4af76a6', 'active'),
('c597f3d1-b455-4394-986d-222aa2688d50', '000446', '000446', 'db6deee4-79b4-4d35-9ca3-524108dd47d5', 'active'),
('719c64eb-edf4-4b7e-997f-0f5d92f52daf', '000447', '000447', '01c56599-568e-4d2f-9dac-48efcf07e556', 'active'),
('3345dde9-1755-407c-9016-1fee64890e9a', '000448', '000448', '500596e9-1454-4f85-aae7-23face313191', 'active'),
('a6e54d5c-bfda-4b9e-bfc6-4e38cd4b4efb', '000449', '000449', '01c56599-568e-4d2f-9dac-48efcf07e556', 'inactive'),
('76ad288c-949d-4643-b97d-04dfb9a94823', '000450', '000450', '61f50080-edba-42b0-aa5f-9a763790cafb', 'inactive'),
('2ecae0b5-1234-449a-9c9c-d2cd410aa3a2', '000451', '000451', 'db6deee4-79b4-4d35-9ca3-524108dd47d5', 'active'),
('59ea1edb-fb46-4724-89cf-5165b15c0977', '000452', '000452', 'db6deee4-79b4-4d35-9ca3-524108dd47d5', 'inactive'),
('b1c5dad2-91cc-4e4b-8870-dd9960bec9db', '000453', '000453', '61f50080-edba-42b0-aa5f-9a763790cafb', 'active'),
('99b78cbf-9b1c-4782-b6fa-9b6c55e5bd7c', '000454', '000454', '01c56599-568e-4d2f-9dac-48efcf07e556', 'active'),
('1fb33eb7-5a4a-4cfa-8275-61ecf416511e', '000455', '000455', '7c6ec4aa-2fbf-420a-9461-d252f4af76a6', 'inactive'),
('ce291429-010f-4cc8-b7c5-02e35645c777', '000456', '000456', '7c6ec4aa-2fbf-420a-9461-d252f4af76a6', 'active'),
('ae4dbe0d-5478-426d-a9a7-9f2ab7f99a6a', '000457', '000457', '61f50080-edba-42b0-aa5f-9a763790cafb', 'inactive'),
('2e6e7114-d2cd-4284-89d6-605b6f5db4e0', '000458', '000458', 'db6deee4-79b4-4d35-9ca3-524108dd47d5', 'active'),
('4ef63c84-c50e-42b9-aa74-036d264dc5f0', '000459', '000459', '500596e9-1454-4f85-aae7-23face313191', 'active'),
('76f35017-fc80-45b3-a2c5-2e56164b0a35', '000460', '000460', '01c56599-568e-4d2f-9dac-48efcf07e556', 'active'),
('6280775a-6cd2-49f5-a7ff-f3edd27fa602', '000461', '000461', '61f50080-edba-42b0-aa5f-9a763790cafb', 'active'),
('7fbda964-8100-444c-8e32-1a757a16218a', '000462', '000462', '500596e9-1454-4f85-aae7-23face313191', 'active'),
('cad42cfd-131b-440f-a66c-31f680ee9a8a', '000463', '000463', '7c6ec4aa-2fbf-420a-9461-d252f4af76a6', 'active'),
('dd71ec36-7fac-4c3a-adda-b947134a5a14', '000464', '000464', '61f50080-edba-42b0-aa5f-9a763790cafb', 'active'),
('15f2527c-4abf-432c-b3b5-91a2d10cf792', '000465', '000465', '61f50080-edba-42b0-aa5f-9a763790cafb', 'active'),
('7140d54a-2216-418a-9e73-af52c96c8b98', '000466', '000466', '500596e9-1454-4f85-aae7-23face313191', 'active'),
('8d6e22c9-ff4b-44c8-96f8-80fb6e5561bf', '000467', '000467', '61f50080-edba-42b0-aa5f-9a763790cafb', 'active'),
('fc145a6c-e8b6-456c-b578-98a9d7573726', '000468', '000468', '61f50080-edba-42b0-aa5f-9a763790cafb', 'active'),
('11cd25da-8d33-4d88-87cd-a519dfafea07', '000469', '000469', 'db6deee4-79b4-4d35-9ca3-524108dd47d5', 'active'),
('853cc356-d552-4526-a714-177b7b921377', '000470', '000470', '500596e9-1454-4f85-aae7-23face313191', 'active'),
('f42122ce-8dc0-49f3-8a34-528ef6c2c1b1', '000471', '000471', '500596e9-1454-4f85-aae7-23face313191', 'active'),
('13c411f9-f93c-4189-8991-54b279af9bcc', '000472', '000472', '01c56599-568e-4d2f-9dac-48efcf07e556', 'active'),
('f84d024b-0826-4769-a7d5-4c03e679633e', '000473', '000473', '61f50080-edba-42b0-aa5f-9a763790cafb', 'active'),
('bafec473-0967-4135-afe4-0460a6ab9d25', '000474', '000474', '500596e9-1454-4f85-aae7-23face313191', 'retired'),
('d7ba192b-3768-44a1-a406-f3b32b786954', '000475', '000475', '7c6ec4aa-2fbf-420a-9461-d252f4af76a6', 'active'),
('e308aecd-88df-483b-b019-4e3ee729d205', '000476', '000476', '01c56599-568e-4d2f-9dac-48efcf07e556', 'active'),
('7ab01c87-16f9-4ac5-8e86-ac2be0cb35c6', '000477', '000477', '500596e9-1454-4f85-aae7-23face313191', 'inactive'),
('593e387f-7508-45c4-ac3f-4e206bf3e320', '000478', '000478', '7c6ec4aa-2fbf-420a-9461-d252f4af76a6', 'active'),
('91609255-87dd-4664-aff6-7b6718addd48', '000479', '000479', '500596e9-1454-4f85-aae7-23face313191', 'active'),
('cc82b6d0-7c81-4153-abd8-2cd6fa61129e', '000480', '000480', 'db6deee4-79b4-4d35-9ca3-524108dd47d5', 'active'),
('a92488ad-d8c6-4031-8315-84b9f9b9ca75', '000481', '000481', '7c6ec4aa-2fbf-420a-9461-d252f4af76a6', 'active'),
('ca38a449-4bf9-47a9-b50b-921b5ca86f49', '000482', '000482', '01c56599-568e-4d2f-9dac-48efcf07e556', 'inactive'),
('a1fc81e3-4653-443f-b059-76174c544545', '000483', '000483', '61f50080-edba-42b0-aa5f-9a763790cafb', 'inactive'),
('8ee3694b-38b6-4707-a866-b2671250aaf0', '000484', '000484', '01c56599-568e-4d2f-9dac-48efcf07e556', 'active'),
('c1d4499a-6c23-4b5f-a3a0-5561708699b3', '000485', '000485', '01c56599-568e-4d2f-9dac-48efcf07e556', 'inactive'),
('4b4f4124-c619-4c69-888a-dc9297627cfd', '000486', '000486', '500596e9-1454-4f85-aae7-23face313191', 'active'),
('91c769cb-cf34-4d52-92ea-658ddf492f63', '000487', '000487', '61f50080-edba-42b0-aa5f-9a763790cafb', 'active'),
('013429bc-f504-4598-b780-8f097c84e728', '000488', '000488', '61f50080-edba-42b0-aa5f-9a763790cafb', 'active'),
('5e149657-0e9a-4594-bc6e-06c9103a127f', '000489', '000489', '500596e9-1454-4f85-aae7-23face313191', 'active'),
('a5a74b62-8adc-466c-97cd-756fa1505cea', '000490', '000490', '01c56599-568e-4d2f-9dac-48efcf07e556', 'inactive'),
('cad115dd-a258-4875-a569-eea28061c8e7', '000491', '000491', 'db6deee4-79b4-4d35-9ca3-524108dd47d5', 'active'),
('ee592001-0dd8-4520-a07b-ec339d60c405', '000492', '000492', 'db6deee4-79b4-4d35-9ca3-524108dd47d5', 'active'),
('de0308dd-62e3-45af-bb73-c37947f0952d', '000493', '000493', 'db6deee4-79b4-4d35-9ca3-524108dd47d5', 'inactive'),
('0828e714-4b34-4595-8288-277018ad16c9', '000494', '000494', '01c56599-568e-4d2f-9dac-48efcf07e556', 'active'),
('367dda09-301c-4ee3-bb7a-a3b44e74b65f', '000495', '000495', '01c56599-568e-4d2f-9dac-48efcf07e556', 'active'),
('0f99cb7c-9c74-4d98-a851-7990ec73e3ba', '000496', '000496', 'db6deee4-79b4-4d35-9ca3-524108dd47d5', 'inactive'),
('60b65f49-674d-413c-a5c0-0ff4a784b1b2', '000497', '000497', '500596e9-1454-4f85-aae7-23face313191', 'active'),
('03cd0eac-7150-4803-86e1-b22a80aee6a7', '000498', '000498', '500596e9-1454-4f85-aae7-23face313191', 'active'),
('c902430c-0f59-409d-b65d-674d11c11a3c', '000499', '000499', '01c56599-568e-4d2f-9dac-48efcf07e556', 'active'),
('521a0f97-9efc-44d4-998a-c8639a182c7c', '000500', '000500', '61f50080-edba-42b0-aa5f-9a763790cafb', 'active');

-- client_device_assignment (kolom 10)
INSERT INTO device.client_device_assignment (client_id, device_id, assigned_since, assigned_by, unassigned_by, assigned_until, device_location) VALUES
('069da559-e585-41b6-803f-a236fbe05f67', '25665297-96b5-4c1c-bb5c-f9b2a29e252b', '2025-04-20 22:41:16+00', '71fdea39-2e00-4dca-b214-29ad3251fae3', 'dcc1cb4f-21e1-4c95-8831-795135845e13', '2025-06-12 10:00:10+00', 'Toilet'),
('dc99c11a-b683-4169-bbac-a982f9521181', '26adea83-665f-4821-8461-1c655a44704a', '2024-03-03 06:20:49+00', '154cff42-3ee8-423a-a0e5-8bc76da71ae4', NULL, NULL, 'Woonkamer'),
('e37e7920-4f6f-4487-ad07-dc0545e94a12', 'd37a0fa0-d406-4db7-b87a-75e7dbd97299', '2024-01-05 13:01:45+00', '99ffcde7-2cef-4a06-a7c6-4cdc50a79437', '9ecb7e02-d621-4cb6-bd21-907db6085548', '2024-02-12 10:00:10+00', 'Keuken'),
('e09261ac-5b07-4d85-ab0a-c220fe476bdd', '594e28f5-d367-46f3-8f6b-647cbed66bc9', '2025-08-10 10:14:45+00', '154cff42-3ee8-423a-a0e5-8bc76da71ae4', NULL, NULL, 'Badkamer'),
('8d436a73-c787-4805-bd00-796d6807c4b6', '67e3c66a-3a38-429d-bb2f-1d05304ef45e', '2024-12-17 02:38:19+00', '9df28abe-9202-4af5-9eb4-695e9c2408bf', NULL, NULL, 'Woonkamer'),
('e7e8fc38-d30e-40bd-8bc9-48d7fe93c72e', '5366ea53-1590-4fa2-b55d-22567064f342', '2024-03-08 08:46:34+00', '215d2504-4909-4f4c-9d7d-39242048b859', '1d33267b-7ee6-4688-bb95-bace0ddad92f', '2024-05-29 10:00:10+00', 'Keuken'),
('0b2e2eec-199f-40c6-99c6-00ec22e999ac', '14f2c2b8-4d6b-4b49-961a-643b5209b5c8', '2025-02-15 14:10:06+00', '23cdfad8-066c-4e6c-a18a-232759a6a877', 'f5ccee0a-e45c-4c4b-9de4-31da4bf1fa08', '2025-06-13 10:00:10+00', 'Toilet'),
('10a98443-5813-4fd3-b2a2-e8344ad52056', '72248284-ffd2-42a9-955e-3cec7802732a', '2024-02-24 15:44:02+00', '61830a0b-692d-4c95-8101-46e49dc2c7c7', NULL, NULL, 'Keuken'),
('24204c4c-875f-4edb-befc-138ee8f3d5ff', '2695e81e-bf6a-4ba8-84c6-1f8692e1b5ee', '2024-04-12 13:41:50+00', 'b809c6ea-11f7-4a30-a837-72e6e2b4b406', NULL, NULL, 'Woonkamer'),
('8d436a73-c787-4805-bd00-796d6807c4b6', '55a4865e-7947-479e-98ea-592819004f36', '2025-08-19 15:25:36+00', 'cde55a4a-f91a-4ec0-9dc8-076c9db7b453', NULL, NULL, 'Slaapkamer'),
('13c85dda-238f-4489-b783-ee74001b457f', '16043184-a339-4df7-8c39-72dc219be056', '2025-06-10 11:31:19+00', 'c720f0a2-3944-4c83-8cf4-5daa37d930d8', NULL, NULL, 'Badkamer'),
('584ec888-f924-4796-9209-f12c506b7b5c', '16552c7f-31d2-4981-a105-a5f438c31d8d', '2024-01-20 16:22:09+00', 'b90ecb9f-1635-454e-bf05-f0e8ebfa9e41', NULL, NULL, 'Badkamer'),
('f2b674e6-1ff0-49c6-b8ea-2972a71084a2', 'e606f6bb-3843-4ad8-85a4-f289bd6dee3c', '2024-11-30 21:34:39+00', 'dbf9236a-6649-4610-8fe4-e156d69cdc71', NULL, NULL, 'Woonkamer'),
('e5f0c1e3-ddc8-4956-9f1c-715f4579a426', '63d01c4e-c6c1-4223-9adf-5f1c8b61ed79', '2024-01-16 12:49:48+00', 'f4c93670-a460-48b2-b06d-1ade4f612bb4', NULL, NULL, 'Keuken'),
('8e8f7358-1dce-4eb5-862a-ff8f0772fce9', '31eacc8e-0910-4178-b36b-d3344b3b5652', '2024-08-02 05:38:17+00', 'a2260597-0472-405b-b91b-db5f8ddff55c', NULL, NULL, 'Toilet'),
('2eee6159-d2f8-48fe-b628-6e51282f5022', 'a9097316-eab9-45b8-b4ba-f71fa9582323', '2024-09-04 09:38:31+00', 'a43b9245-c727-4ceb-91a0-e09e73b3564d', NULL, NULL, 'Toilet'),
('db945003-8385-4be2-a296-13cae974c8a6', 'bf779fa9-492a-4de6-922a-248052a51956', '2024-01-17 20:09:58+00', '46b8580a-e45e-4b6c-85e4-d923613e8eb9', 'ee07d2a9-050a-45d1-9db2-59f4a1f809d1', '2025-01-11 10:00:10+00', 'Badkamer'),
('6fd4c9a8-1135-4f7e-b6a7-16e2114384cd', '79e50fd7-28fd-48ea-8d32-2f66a383506a', '2024-11-04 18:46:52+00', 'a43b9245-c727-4ceb-91a0-e09e73b3564d', NULL, NULL, 'Keuken'),
('20670eaa-660c-404c-bee3-b2356d2e185f', 'a429246f-32b6-4408-b614-698d896dcbc8', '2024-10-05 12:07:42+00', '709a6309-4731-488c-82a2-c32cd9260882', 'be86f8c4-2d4f-424d-aa32-1239c4a3aa68', '2025-04-12 10:00:10+00', 'Keuken'),
('7048a447-a8dd-439f-ae7d-709325779a18', 'a26cdcca-b738-41b7-9366-043f95977e6f', '2024-08-14 14:02:44+00', '6f936d5f-8c7f-48b0-b55c-a7c62f265364', NULL, NULL, 'Toilet'),
('db854af9-880b-4aeb-9db8-2694d9bf2730', '038aa745-369c-4f0e-9564-db8dfe110f4b', '2024-10-01 03:19:14+00', '7b25718b-adda-40b8-8ba4-9f28b313b54d', NULL, NULL, 'Slaapkamer'),
('f82e0bb9-850b-4800-94ad-10d5097176fb', '382205fa-c2b3-4d77-925d-8d6c5ae8d3ae', '2025-06-02 16:45:44+00', 'f94aac06-c87a-4d42-9703-9a16d39d68b4', NULL, NULL, 'Slaapkamer'),
('7ab9bc93-aabe-4d26-bc0e-720da589a234', '1a4fc2bb-501d-4888-aea1-617a66896a51', '2025-08-12 08:41:46+00', '0402363c-b099-4643-87f7-5e0e40de6f6d', '8e29cb99-84dd-47ca-a24d-f3b5cc7fdfd8', '2025-08-17 10:00:10+00', 'Toilet'),
('b5082c6f-9817-4b74-8d0e-087e72406452', 'a24affc4-f5db-4ce9-85c0-951d2c8a1e60', '2024-03-11 12:46:36+00', 'b35b7672-2c25-4b5c-8e09-22801b3ba2ff', NULL, NULL, 'Toilet'),
('20f93bf0-ce61-47c1-93d7-4c56728841c6', '46b165ac-5f32-4ba7-b7e9-3e20fa443293', '2024-04-17 16:54:10+00', '99ffcde7-2cef-4a06-a7c6-4cdc50a79437', NULL, NULL, 'Badkamer'),
('09f20de2-b8fe-4f96-8607-0839621a38ee', '613f1e51-b3e6-4404-8814-ef7131add8b0', '2024-09-05 21:04:10+00', 'be86f8c4-2d4f-424d-aa32-1239c4a3aa68', '830c6eb8-6038-4c12-b168-f4478c20124e', '2025-01-01 10:00:10+00', 'Badkamer'),
('76ccb264-5b25-4c3b-bcbe-74004e2e9975', 'd4e59870-dc1a-4f59-88a2-58b8cbdcbe92', '2025-01-22 00:42:10+00', 'aa61d805-efaf-4273-b14f-54f9e9362604', NULL, NULL, 'Slaapkamer'),
('bade0a43-8640-4fbf-b446-c8be09dfcb99', 'fed0c9dd-242b-45bc-b004-62a7b2a34308', '2024-08-09 19:11:06+00', '88d4efa5-f87d-4772-8dcf-087d5cf90b8a', NULL, NULL, 'Woonkamer'),
('6a5e5fb2-3de7-4306-9c1c-2d021f6d5026', 'd2c52b92-1e2f-4408-a43b-08d965ca65bf', '2024-08-20 21:08:55+00', '9da1a68c-161a-4cf6-9aed-3aeb0dca81a5', 'bbeef056-1368-4fff-bb58-6fbe22bd8a10', '2025-07-11 10:00:10+00', 'Toilet'),
('59c16737-cf19-4fd6-aa9a-e1c175d90966', 'bfbcbd62-68c0-4881-8489-1db58e9f2ca0', '2024-01-26 04:13:54+00', 'c1a7d244-a452-4f86-8a36-1d543b862a38', NULL, NULL, 'Toilet'),
('e21d15f0-e748-4393-bf56-70051e87bca4', '08ce2c34-7526-4fd1-bf77-ca72ef4f9c48', '2024-11-04 10:21:46+00', '6c1c173f-9ec9-4776-8220-94cf46370609', NULL, NULL, 'Woonkamer'),
('d1551d1c-6067-433a-84bb-03942156a25f', '83b80a3f-9c94-4d6e-b471-9fc958b43d6d', '2025-04-04 22:33:45+00', 'edaa561b-c454-4ad2-b746-d8adf4953331', NULL, NULL, 'Badkamer'),
('8fcff71e-8af1-48e3-b1f3-8afcffb570e3', 'a775903b-582b-42f8-83ec-b3320bfcb6ea', '2025-03-12 19:27:51+00', 'aa61d805-efaf-4273-b14f-54f9e9362604', NULL, NULL, 'Toilet'),
('9717753e-fbf0-4b53-b436-b2b22ec9cc6d', '3607566d-6e87-41c3-8d22-011d243b7bd3', '2025-01-10 00:19:09+00', 'fd6ea328-4011-4753-8b13-68013dda7f0e', NULL, NULL, 'Keuken'),
('73059733-f0e7-4189-b65a-4d920505d11c', '86e6f6e0-3a0b-445c-86ae-a6c5fe426b6c', '2024-10-01 16:39:48+00', '154cff42-3ee8-423a-a0e5-8bc76da71ae4', NULL, NULL, 'Toilet'),
('ecc36904-25af-471a-a325-5b3ec8ac8290', '2d4fa006-d808-41b2-ae74-af3e3b1682a4', '2024-06-05 10:52:05+00', 'd8675391-cd57-4d1b-9660-c18b1116aa43', NULL, NULL, 'Badkamer'),
('4bec9d46-9a4f-4940-86ff-70cdba8a37ef', 'b22c6861-37fa-4c4f-9a7f-e11a7e525a30', '2024-05-22 03:44:31+00', '5c5be448-bd51-48c7-ab91-eb16f7961ce3', NULL, NULL, 'Woonkamer'),
('3306a033-3149-4b5a-b09f-68d907480ac8', '2873d0fc-6a22-45a4-b587-f40d5b85dafa', '2024-12-31 07:44:02+00', 'dcc1cb4f-21e1-4c95-8831-795135845e13', NULL, NULL, 'Keuken'),
('0a4061f9-5055-4a07-9c87-06bb1de506f0', 'a4567e76-677e-4cbd-9817-ce9b907b6cd1', '2025-07-07 23:06:12+00', '1a5bcdf8-42e2-4071-8182-4642db624b5e', NULL, NULL, 'Toilet'),
('2e3b30e1-1b97-4e9a-bfa9-15657179b702', 'c1f9fbf0-4f50-4efa-b850-9a9d7711f990', '2025-08-27 08:58:54+00', 'f0998fec-1c2b-440f-bb28-62dd602f210b', 'edaa561b-c454-4ad2-b746-d8adf4953331', '2025-09-10 10:00:10+00', 'Badkamer'),
('f6c844f0-c6bd-4ca3-84bc-a54deff94a10', 'a7c22d33-eccb-46d7-b369-684396773e11', '2024-09-28 16:17:35+00', '50bbb7be-ecdb-4f02-b2c3-e5a4f646dad1', NULL, NULL, 'Toilet'),
('c240ceae-1148-495b-b23c-cd2314383a10', 'eca9dd61-9a19-4104-b255-d4aab71e988e', '2024-08-29 17:04:29+00', '9f0c09b9-2800-4fa2-bd8b-38b3f0f4fcb3', NULL, NULL, 'Woonkamer'),
('58e104b0-8576-41a4-88be-08718eacacba', '2920ca59-1e59-4cfb-a370-d1f3379cfeef', '2025-03-02 04:20:25+00', '34f90975-9948-4ff7-9df2-6349001d32b8', NULL, NULL, 'Keuken'),
('d3424687-40ae-45ba-9d6a-21da0b27c225', '20fddca3-75de-45b3-b98d-64cb9680548a', '2025-05-01 05:04:48+00', '61830a0b-692d-4c95-8101-46e49dc2c7c7', NULL, NULL, 'Toilet'),
('13c85dda-238f-4489-b783-ee74001b457f', 'e61edd98-7727-4ddb-abb6-ec02573c7503', '2024-11-07 10:29:19+00', 'e4c7afce-f829-48e4-94dc-256c4ff5754a', NULL, NULL, 'Slaapkamer'),
('76ccb264-5b25-4c3b-bcbe-74004e2e9975', 'b18d37d3-8e18-4e9d-acb4-f1c38362e420', '2025-07-12 15:40:22+00', 'aa61d805-efaf-4273-b14f-54f9e9362604', NULL, NULL, 'Badkamer'),
('d8184621-62b5-4296-95be-fcd07c250918', '3325f4b3-1f9c-4efc-8d27-73da7dca0e51', '2024-08-05 16:50:51+00', '2e487439-12fc-49b9-bbf8-ee7d74814da9', NULL, NULL, 'Badkamer'),
('9cbdbcf5-20b2-4269-a32d-981f0fa4919c', '8da16737-2086-4142-8a4b-cfec28d094e8', '2025-06-01 03:43:48+00', '861a8b55-a197-48c7-896d-968a19604cf1', NULL, NULL, 'Slaapkamer'),
('6ff28912-add6-4ada-857d-338e6b86092f', 'de1e1808-cae8-482c-b286-e5ab85e46e00', '2024-05-11 14:11:59+00', 'c17ff8e7-c3f0-46ba-98e3-90a08f7125af', NULL, NULL, 'Badkamer'),
('5ba6df6c-2cca-4911-bb21-bb9a33584bdc', '90468d21-6ef1-44d6-9aae-42340dc60ade', '2024-09-15 18:23:25+00', 'c79d5177-ab20-4113-a726-e154dd959161', NULL, NULL, 'Woonkamer'),
('8d436a73-c787-4805-bd00-796d6807c4b6', 'f37eba21-ab96-4206-aefc-4df25d5bcf72', '2024-08-01 20:39:59+00', '861a8b55-a197-48c7-896d-968a19604cf1', NULL, NULL, 'Keuken'),
('db854af9-880b-4aeb-9db8-2694d9bf2730', 'a0d3d741-7ea3-49cd-ab7f-5c2d2b3af9ca', '2025-07-29 18:17:24+00', '7b25718b-adda-40b8-8ba4-9f28b313b54d', NULL, NULL, 'Slaapkamer'),
('562c4bbd-16a2-4f6e-8db0-9e5cdc22c8f4', '8fca2ebb-8ba5-43f2-bcff-b703c817e005', '2024-05-20 02:08:21+00', '91c8b514-3680-4144-b86b-ac78fc50dfd4', NULL, NULL, 'Slaapkamer'),
('24204c4c-875f-4edb-befc-138ee8f3d5ff', '9f9b6389-b82b-4ca6-a004-0e25661c58ef', '2024-02-11 12:16:30+00', 'aa61d805-efaf-4273-b14f-54f9e9362604', NULL, NULL, 'Keuken'),
('620abd71-f9b4-4dfa-be21-f1ee8861cdda', '2e8e6c40-8b6e-45f6-ba27-469693e3663d', '2024-02-04 21:21:14+00', '213f77f3-5314-4ccd-b6fe-8561a6aa43ce', NULL, NULL, 'Woonkamer'),
('d9e6c7c8-eeb5-4619-9a69-c7bc7cdffba9', '9dec561d-fd2f-4339-90c3-2f0c2da7b283', '2024-03-19 13:13:05+00', '63072f2c-11bd-4845-aae7-5ae97e2504e9', '66837125-47d5-4091-af54-ee7701d06444', '2024-11-11 10:00:10+00', 'Slaapkamer'),
('562c4bbd-16a2-4f6e-8db0-9e5cdc22c8f4', 'a0c4ce05-e8d9-4465-a66b-f3a1abadd3a7', '2024-12-21 17:11:11+00', 'b3955f39-70ae-4850-b160-c7ca4e406189', NULL, NULL, 'Badkamer'),
('76ccb264-5b25-4c3b-bcbe-74004e2e9975', 'fc899d53-9df1-4634-9f61-6365f562cbe4', '2024-05-28 20:40:02+00', '91c8b514-3680-4144-b86b-ac78fc50dfd4', NULL, NULL, 'Toilet'),
('20f93bf0-ce61-47c1-93d7-4c56728841c6', '11acda76-8a4c-4020-a01b-0f2a303fb3d8', '2024-12-29 19:12:54+00', 'be86f8c4-2d4f-424d-aa32-1239c4a3aa68', 'be86f8c4-2d4f-424d-aa32-1239c4a3aa68', '2025-04-30 10:00:10+00', 'Slaapkamer'),
('15584dad-0ac7-4d2f-bc0d-2a97ca2ca991', '79f6d351-ddc0-499e-ac2c-cbca81165875', '2024-04-29 04:52:27+00', '00605cea-415b-4100-a0eb-54f9221bad05', NULL, NULL, 'Badkamer'),
('45f594b6-c7ea-4358-8415-033cb53495d4', '8cc8ab59-000c-416f-a1ae-fab752235d9b', '2024-11-27 06:48:08+00', '3b474b0e-9bad-4ef4-b474-121b700ea9cb', NULL, NULL, 'Toilet'),
('0b2de5db-083e-45b6-ac78-0f3c726babf1', 'f70a46fd-e6b0-4e6f-9370-b6969d883437', '2025-04-13 18:20:56+00', '73b83f24-4b6a-47e6-8c1e-46312cd03090', NULL, NULL, 'Keuken'),
('effde14a-3128-4d48-a789-efc05c4bdee7', '3339461c-083b-48bb-908a-839c80866a1e', '2025-01-03 02:55:02+00', '2b0aefb6-79c7-441c-9376-e456db19b50b', NULL, NULL, 'Slaapkamer'),
('09f20de2-b8fe-4f96-8607-0839621a38ee', '8f3e613f-293c-4ce2-b752-1347d4d3f3f5', '2025-03-15 07:24:58+00', '73b83f24-4b6a-47e6-8c1e-46312cd03090', NULL, NULL, 'Slaapkamer'),
('584ec888-f924-4796-9209-f12c506b7b5c', '510c8ae2-dd52-4332-8c34-6d2f7bf6bb23', '2024-08-02 22:36:58+00', 'b809c6ea-11f7-4a30-a837-72e6e2b4b406', NULL, NULL, 'Woonkamer'),
('aed02aba-c392-4372-8402-9268038e32aa', '5ae9bf30-dcaa-4369-bf29-2e727d57c9ba', '2025-03-19 11:20:02+00', '63072f2c-11bd-4845-aae7-5ae97e2504e9', NULL, NULL, 'Slaapkamer'),
('24204c4c-875f-4edb-befc-138ee8f3d5ff', 'dcc3c5c2-3d5d-4f14-948f-187d5f5d8f85', '2025-04-16 14:34:40+00', 'b3955f39-70ae-4850-b160-c7ca4e406189', NULL, NULL, 'Keuken'),
('e21d15f0-e748-4393-bf56-70051e87bca4', '92bed21f-3b69-467c-8ed7-0a4962b544b6', '2025-09-04 20:22:50+00', 'f5ccee0a-e45c-4c4b-9de4-31da4bf1fa08', NULL, NULL, 'Woonkamer'),
('da874747-81f6-4a44-aab3-3d4c3851770b', '22f67765-bcc5-4c10-86fa-e1dbcfe8ceb5', '2024-08-08 21:17:10+00', 'c170bbb7-37b3-45d8-8392-fb87a4c36a9b', 'cde55a4a-f91a-4ec0-9dc8-076c9db7b453', '2024-09-09 10:00:10+00', 'Badkamer'),
('4501e12e-2e47-4895-881b-b9aa1dbe2ce1', 'e3febf16-aa04-48ee-86ba-426f1cbaf433', '2024-06-27 00:53:13+00', '154cff42-3ee8-423a-a0e5-8bc76da71ae4', NULL, NULL, 'Badkamer'),
('aeff2870-0da8-43e9-bc98-4c53a947cc54', '0b1ae3a1-2204-4671-bdda-2de7f4290f98', '2025-01-25 07:25:12+00', '0ef17a6a-c685-448e-b147-677d997fb5a2', NULL, NULL, 'Badkamer'),
('d8184621-62b5-4296-95be-fcd07c250918', 'ff7993d9-c7d3-4d47-8563-380e9670c098', '2024-02-23 20:32:29+00', 'f561d7db-84f2-4a30-affe-1d05d8fb5609', NULL, NULL, 'Woonkamer'),
('562c4bbd-16a2-4f6e-8db0-9e5cdc22c8f4', '25d01c7b-8c03-43fe-a861-a3547cc329ca', '2024-12-21 22:43:29+00', 'b809c6ea-11f7-4a30-a837-72e6e2b4b406', NULL, NULL, 'Badkamer'),
('597fd3c9-08f2-4979-8142-278ee04d4dd3', '661c189d-3bc4-4bbf-b4f1-ca81b847c1b9', '2025-06-30 13:22:14+00', 'cde55a4a-f91a-4ec0-9dc8-076c9db7b453', NULL, NULL, 'Slaapkamer'),
('1e7957fa-be1d-4616-a3ae-1d7809d78f3a', '9adb4cf7-67b7-4636-a65b-c7e987d0dc2d', '2025-07-02 15:05:24+00', 'd084ddb4-d6af-44b8-9d1e-147c956e8083', NULL, NULL, 'Badkamer'),
('8e8f7358-1dce-4eb5-862a-ff8f0772fce9', 'd30026a1-34a0-4c01-8bd2-06d7bc6f5deb', '2024-12-18 22:38:28+00', 'a2260597-0472-405b-b91b-db5f8ddff55c', NULL, NULL, 'Badkamer'),
('6c4ecfb9-aa4f-48f1-9d62-5790a24d8ea4', 'b4d44222-6035-4dfc-98d3-777cd49b3274', '2025-03-31 19:46:54+00', 'c16c1621-6712-4ca7-abd5-0ffd50881498', '8c2b8bb1-0aec-4e5b-97b9-11f49e71579f', '2025-05-20 10:00:10+00', 'Slaapkamer'),
('66201350-abeb-44fd-882d-cc6aa3d0f126', 'dabd143f-d4dd-4501-a7d3-78a747c1c1b6', '2024-09-23 23:30:38+00', 'dcc1cb4f-21e1-4c95-8831-795135845e13', NULL, NULL, 'Slaapkamer'),
('a9e3a56a-8805-4e32-b15a-f91700a5d76d', '56113cd8-26d5-49ec-a65f-fb9fcab97d93', '2024-07-26 05:43:44+00', 'b809c6ea-11f7-4a30-a837-72e6e2b4b406', NULL, NULL, 'Toilet'),
('8690a3bb-2386-4c06-8032-164d7dc3a767', '71627ecf-e6c6-4cb7-a1aa-38a268e53887', '2025-05-19 15:35:26+00', '7ef55932-da50-4d98-b436-5248e183277b', NULL, NULL, 'Keuken'),
('94a7f03e-f889-46dd-9216-f92eddf0e1f7', '76a9400a-03f2-4aa8-b836-185c9a1f58d1', '2024-07-31 23:28:43+00', '952a8a36-a986-4ef6-9d43-fddba534b0ed', NULL, NULL, 'Badkamer'),
('09f20de2-b8fe-4f96-8607-0839621a38ee', '39f0c9e9-1635-46b9-923c-dcd495ffbfac', '2025-04-25 12:40:33+00', 'e6920694-9a53-4c7c-8bbd-056be43c8482', NULL, NULL, 'Badkamer'),
('a5a5dc15-9b9e-451f-ad97-f9544b822a8b', '5ec99535-0e00-4219-bf60-ae2f9f531592', '2024-03-27 23:53:45+00', '1a041a37-c2d0-4f35-83d1-df361b828125', NULL, NULL, 'Woonkamer'),
('562c4bbd-16a2-4f6e-8db0-9e5cdc22c8f4', '8b9ae7ff-0424-4b6a-ae0f-d54fbd46b7df', '2024-01-16 18:43:28+00', '3b474b0e-9bad-4ef4-b474-121b700ea9cb', NULL, NULL, 'Keuken'),
('73059733-f0e7-4189-b65a-4d920505d11c', '6707aab5-573c-4b2c-9614-f4681c8a95d5', '2024-06-25 09:53:31+00', 'c9215d9c-d08a-4256-9e0a-eaa27b22fa21', NULL, NULL, 'Badkamer'),
('64c99c57-98e4-4a0f-a50e-f69c177501fa', 'c4f3be57-f4af-48b5-bd56-ed7ce7224531', '2024-08-06 01:45:43+00', 'c16c1621-6712-4ca7-abd5-0ffd50881498', NULL, NULL, 'Keuken'),
('e664418c-54b7-4f75-8417-6dfa78ba747d', '394fdb7b-31fa-4907-82e3-67603c30556f', '2024-02-18 05:25:53+00', '61830a0b-692d-4c95-8101-46e49dc2c7c7', NULL, NULL, 'Woonkamer'),
('03ce44df-48bd-47ea-b55d-772dc60bf690', 'fd3793f8-1026-4547-a22e-185b473b0a75', '2024-05-15 04:42:57+00', '98413eec-9cd3-4b8a-bd3d-d6db7b7b01be', NULL, NULL, 'Toilet'),
('8fcff71e-8af1-48e3-b1f3-8afcffb570e3', '8ff460cb-c35c-4254-a1da-a8859004cc65', '2025-08-06 20:16:22+00', 'b3955f39-70ae-4850-b160-c7ca4e406189', '91c8b514-3680-4144-b86b-ac78fc50dfd4', '2025-09-06 10:00:10+00', 'Slaapkamer'),
('76697800-9378-4683-8645-cc1a18836f52', '7fd6b599-1cc1-4add-9545-5e85492e7799', '2025-02-21 00:16:47+00', '50bbb7be-ecdb-4f02-b2c3-e5a4f646dad1', NULL, NULL, 'Keuken'),
('aeb478e1-ef8c-4f4a-828b-b55a06f514ff', '5990c3f3-c1e5-4738-a2f0-ddb2f04746e1', '2025-06-25 00:21:37+00', 'd8612372-17ea-47d4-b9b0-a2a65564b309', NULL, NULL, 'Woonkamer'),
('da874747-81f6-4a44-aab3-3d4c3851770b', 'a58c748b-728f-4b5e-a8f0-4a705958c198', '2025-06-16 17:44:00+00', 'd082c4d8-52ce-408c-bf6f-984ac0af23cd', NULL, NULL, 'Woonkamer'),
('5afaf04b-fe55-459f-bda1-fd001ad8ce3a', 'a479da6a-3df3-4341-9161-671928ba1ade', '2024-06-12 04:00:10+00', 'c426b3db-707b-4306-9e23-2dd00657b145', NULL, NULL, 'Keuken'),
('a3871686-bc06-4cb6-996d-b3453e5df0a5', '4c4633c2-1cc2-47e5-91d3-5bf457fe9211', '2024-07-05 11:14:07+00', 'cc3fe785-ed37-439d-9748-3108b32f1e50', '952a8a36-a986-4ef6-9d43-fddba534b0ed', '2024-09-15 10:00:10+00', 'Toilet'),
('3f39a2eb-1e3c-4bd6-8d5b-c8268ef58627', '5af1ae5a-db29-420e-a4ec-88bd1ce20372', '2025-06-22 08:55:17+00', '91c8b514-3680-4144-b86b-ac78fc50dfd4', NULL, NULL, 'Keuken'),
('76697800-9378-4683-8645-cc1a18836f52', '62ab3a87-bc35-4e61-bbc6-54da54124fe0', '2025-08-03 05:26:37+00', 'd490fc73-b715-469d-9309-0487e9230082', NULL, NULL, 'Badkamer'),
('b2a34fd3-c56c-45d7-a1e6-019771238b08', 'e5cfaede-6665-482c-917f-e85bbe431749', '2024-04-24 17:58:31+00', '4bd6a83f-ce56-4717-9479-fc14ae286276', NULL, NULL, 'Slaapkamer'),
('67c01bc9-35a7-4100-871f-459cfec8b5cb', '7668cc67-31c0-400b-b7c8-1057810b23de', '2024-07-09 21:23:56+00', '8c2b8bb1-0aec-4e5b-97b9-11f49e71579f', NULL, NULL, 'Toilet'),
('f7a9f741-3b89-4f01-bb85-882c6c131923', '4db55254-ba7b-4d04-870a-3a1bead14d9e', '2025-01-08 09:49:27+00', 'b7f70f73-0b5e-4124-96d8-1caabbcd6768', NULL, NULL, 'Woonkamer'),
('9717753e-fbf0-4b53-b436-b2b22ec9cc6d', 'fa74c552-a6c4-48c6-92d6-8cf238bf0aa6', '2025-01-15 17:26:47+00', '73b83f24-4b6a-47e6-8c1e-46312cd03090', NULL, NULL, 'Keuken'),
('e839d88b-5111-4516-9f39-145b3cb437bc', '9008c703-1350-46d1-9a0d-bfecd77b6c71', '2025-05-03 13:59:57+00', '71fdea39-2e00-4dca-b214-29ad3251fae3', NULL, NULL, 'Slaapkamer'),
('385341f4-c5d8-4f9c-bbca-4d23d746e8c3', 'e786b83e-9d32-441b-ab49-60506329cc4f', '2024-10-02 08:33:22+00', '66837125-47d5-4091-af54-ee7701d06444', '66837125-47d5-4091-af54-ee7701d06444', '2025-02-03 10:00:10+00', 'Keuken'),
('9cd910eb-77c5-4887-98f9-d7c880417885', 'afce3cbb-b74d-484b-9d5a-88c37ae5b777', '2024-01-26 21:49:23+00', '215d2504-4909-4f4c-9d7d-39242048b859', NULL, NULL, 'Slaapkamer'),
('9b82df9d-3e31-4710-83d7-2056069d018e', 'de40f03e-a3a6-454b-b634-0b6dfa12beec', '2025-04-23 12:44:19+00', 'a2260597-0472-405b-b91b-db5f8ddff55c', 'd535f245-7b2a-4223-a38a-859861d2dac1', '2025-06-21 10:00:10+00', 'Keuken'),
('745077cb-8791-4b5e-8764-1aa0e660bff7', '1ad4ff3f-d061-4bd0-8cd5-fe90c68b0c7e', '2024-08-22 00:48:56+00', '51461953-1fde-4573-b50c-98790c69b8bc', NULL, NULL, 'Badkamer'),
('6d0d71dc-80ac-46d3-98ba-7c0504ac06e3', '113415f8-5bd3-4fb2-96fb-3156f2e6a82b', '2024-10-24 03:20:06+00', '5c5be448-bd51-48c7-ab91-eb16f7961ce3', NULL, NULL, 'Badkamer'),
('1df88261-dfc1-4004-b25a-b6afcac73feb', '60f4cf10-05d5-4ff6-8a65-bcddeebb4bb2', '2024-11-22 21:42:05+00', '7af4c23f-d8dd-45e7-8ade-936a66449ff7', NULL, NULL, 'Badkamer'),
('584ec888-f924-4796-9209-f12c506b7b5c', '01abc51a-91a9-4c01-a680-57b662af78bb', '2024-02-15 12:48:11+00', 'b809c6ea-11f7-4a30-a837-72e6e2b4b406', NULL, NULL, 'Toilet'),
('8fcff71e-8af1-48e3-b1f3-8afcffb570e3', '5df52b05-3c98-424a-8c2c-2250ca513f28', '2025-02-18 09:19:29+00', 'b90ecb9f-1635-454e-bf05-f0e8ebfa9e41', NULL, NULL, 'Toilet'),
('b05302f0-1a56-445c-b275-6849f70fb625', '5cae574a-974a-474f-83f6-344f593b2958', '2024-09-21 09:12:05+00', '23cdfad8-066c-4e6c-a18a-232759a6a877', NULL, NULL, 'Keuken'),
('27cf74f1-e0c9-4fc3-be51-d9d329284c54', 'bedb474d-ac44-462e-9936-a5eca8d52fa5', '2025-03-18 03:45:46+00', '66837125-47d5-4091-af54-ee7701d06444', NULL, NULL, 'Slaapkamer'),
('4c2c1dcc-6b54-4c79-a274-aeb8226ad433', '981909f0-80b4-40ae-9705-02059a16a804', '2024-08-13 22:54:37+00', '61830a0b-692d-4c95-8101-46e49dc2c7c7', NULL, NULL, 'Toilet'),
('52cf7db2-16e9-4687-8a68-11965a95d0e8', '9fea3573-1925-446c-a121-d9999b801299', '2024-04-06 01:36:51+00', '830c6eb8-6038-4c12-b168-f4478c20124e', NULL, NULL, 'Keuken'),
('3306a033-3149-4b5a-b09f-68d907480ac8', '0cf91deb-e1c2-4dd2-a0e0-394d9188bbd5', '2025-02-11 22:13:07+00', 'bdbfd135-78f2-4078-a2b2-4899a6e08fd7', NULL, NULL, 'Woonkamer'),
('d8184621-62b5-4296-95be-fcd07c250918', 'f4a9a0d3-e7e8-4edd-a934-a8a80c197182', '2024-01-23 15:55:17+00', '6f936d5f-8c7f-48b0-b55c-a7c62f265364', NULL, NULL, 'Toilet'),
('8846817c-5f95-458f-9241-af325c22797d', '16b5e05b-7ecb-49d4-8664-89aa1bef55c4', '2024-11-26 14:13:59+00', 'c426b3db-707b-4306-9e23-2dd00657b145', NULL, NULL, 'Badkamer'),
('ecc36904-25af-471a-a325-5b3ec8ac8290', '59feb3f2-47e0-41e9-9b04-eb606d4443f3', '2024-08-19 18:23:01+00', '88d4efa5-f87d-4772-8dcf-087d5cf90b8a', NULL, NULL, 'Toilet'),
('fbe461ea-1aef-4b9f-a34f-615a495b247b', '97095392-7ecd-4233-bb24-d9f764acdcc4', '2024-02-29 14:09:50+00', '9e3e3a12-871a-4efc-97b1-b1f29ba9c0f3', NULL, NULL, 'Toilet'),
('521acbab-fcbb-4b1f-9031-8c9b6ee86f2d', '4a49de53-5339-45c8-9522-2f80bf094f88', '2024-10-26 13:29:00+00', '2e487439-12fc-49b9-bbf8-ee7d74814da9', NULL, NULL, 'Badkamer'),
('b00840e5-50c8-47f4-8cc2-d6c38e45b1ba', '83dc52ee-8707-4b39-9075-0393d944f6e7', '2024-04-18 01:21:49+00', '971d94cb-9bf7-418c-94c6-2d159627b304', '7215f34e-dcf9-443c-9657-4ac827f53b8a', '2024-12-14 10:00:10+00', 'Badkamer'),
('054a8e0f-40fb-430a-95a8-b05bde8e2090', 'a943a1d5-dadc-4051-9006-f2e587405c6d', '2025-08-13 00:51:31+00', 'dcc1cb4f-21e1-4c95-8831-795135845e13', NULL, NULL, 'Woonkamer'),
('820df3fc-60a6-4d09-859f-c4ea697350fb', '1575012c-495d-4073-b543-357b6bde417f', '2025-09-03 12:35:42+00', 'f4c93670-a460-48b2-b06d-1ade4f612bb4', NULL, NULL, 'Woonkamer'),
('1d9f27a9-606a-45ac-aef3-2fafb9954a5e', 'efc1218d-af04-41e1-bcfb-df327ea1fd3d', '2025-03-26 01:42:59+00', 'a2260597-0472-405b-b91b-db5f8ddff55c', NULL, NULL, 'Toilet'),
('aae7f3ba-2545-4db5-9ee6-d5dd56864d69', '82d15c33-9629-495b-9a10-9537da1ad8f0', '2025-01-27 15:49:41+00', '5c251bd3-e6e9-4afe-a23e-79d587bd3c7c', '0398e8cc-e0e5-4b66-a796-6c78ad511b9a', '2025-08-31 10:00:10+00', 'Slaapkamer'),
('2b55f4d7-c407-4183-9659-a53b8a3dd07a', '8eb3293f-c1f3-4a60-9730-3e8f54f6f34e', '2025-01-25 01:17:19+00', '6f96e3c9-b622-4515-96b6-9fb26d6d0012', NULL, NULL, 'Badkamer'),
('41fb668d-01cd-4397-97b6-9c43b0c25c8a', '9041878b-eeb4-405a-a912-685a83ed8b70', '2025-08-05 09:27:42+00', 'fe20b3be-fd2d-480d-8560-bd5c367b5c71', '2e74280a-aaab-4e8d-8a15-58fe0b92db82', '2025-08-29 10:00:10+00', 'Keuken'),
('1ab7329b-d94d-4766-bb91-4f181aee89e1', '1029385c-03ee-4542-a983-45fefc9e7fa5', '2025-06-30 08:18:00+00', 'c79d5177-ab20-4113-a726-e154dd959161', NULL, NULL, 'Woonkamer'),
('f7a9f741-3b89-4f01-bb85-882c6c131923', '658021b0-d492-4620-9bf0-cfa499bf51ea', '2024-07-04 22:11:37+00', '3c8a68d1-b03f-4382-b8ef-450e93120f79', NULL, NULL, 'Toilet'),
('df6debc4-015f-4189-b101-b12fcbaf196d', 'd104a8c3-8e9c-41ef-b5e8-381728d452db', '2025-02-03 14:07:18+00', 'ee07d2a9-050a-45d1-9db2-59f4a1f809d1', NULL, NULL, 'Badkamer'),
('4ff3c863-b053-478a-9927-99ee94fa00a2', 'a81fa4da-79b7-450f-a1f3-90bc72489874', '2024-06-04 11:51:19+00', 'f4c93670-a460-48b2-b06d-1ade4f612bb4', NULL, NULL, 'Badkamer'),
('8690a3bb-2386-4c06-8032-164d7dc3a767', 'f3bdfae2-717d-4978-b9fa-0c496efc7ff2', '2024-09-20 08:44:56+00', '98413eec-9cd3-4b8a-bd3d-d6db7b7b01be', NULL, NULL, 'Woonkamer'),
('db854af9-880b-4aeb-9db8-2694d9bf2730', 'e6319076-eb13-492b-8fc3-a4bd001a944b', '2024-06-04 21:21:31+00', '22c08c0e-22f0-4f2b-9347-e52b07e3f493', NULL, NULL, 'Slaapkamer'),
('bd0a73f5-2d58-41bd-8f3d-a18b0f66d85a', '9b50b5f1-5150-4769-b1ec-cd38703ceb72', '2024-03-29 09:57:03+00', 'b3955f39-70ae-4850-b160-c7ca4e406189', 'b809c6ea-11f7-4a30-a837-72e6e2b4b406', '2024-11-07 10:00:10+00', 'Badkamer'),
('1d9f27a9-606a-45ac-aef3-2fafb9954a5e', '981def4d-612f-4a39-b692-7ddfdeb9841d', '2025-03-07 02:29:24+00', '66837125-47d5-4091-af54-ee7701d06444', NULL, NULL, 'Slaapkamer'),
('e9e5710b-f497-40c7-847d-d178fb3e3695', 'c0df3861-2c30-45a2-bd77-188ae0eba3a4', '2024-02-24 05:54:14+00', 'c16c1621-6712-4ca7-abd5-0ffd50881498', NULL, NULL, 'Woonkamer'),
('e7e7edde-3eaf-4e67-adef-0fa6c9ff610d', 'f9fc2e60-968c-4eb7-8169-44c3659d33f4', '2024-12-22 15:37:25+00', 'ff3831d0-68a9-4422-adcf-bf5c7ef3f956', '7669a53f-b3bf-4e08-9d8e-d07bb348b7f9', '2025-03-30 10:00:10+00', 'Woonkamer'),
('a2f5c1e7-99b7-4111-92a7-3bf54315e548', '90c8c5e1-6a8b-4801-baf9-0e0dcb361b5d', '2024-11-28 16:19:27+00', '131451c5-1136-4cc9-b4ef-878b21594e73', 'd8675391-cd57-4d1b-9660-c18b1116aa43', '2025-09-01 10:00:10+00', 'Badkamer'),
('9b82df9d-3e31-4710-83d7-2056069d018e', '9e064f0e-ae53-48cd-bce1-9e3b13420277', '2024-06-22 15:30:37+00', 'a87376cb-8026-413c-b5f8-fe2ca553ce47', NULL, NULL, 'Woonkamer'),
('c240ceae-1148-495b-b23c-cd2314383a10', 'd562876b-8adf-40ee-a444-6c7a190615af', '2025-03-17 14:35:11+00', 'a43b9245-c727-4ceb-91a0-e09e73b3564d', NULL, NULL, 'Keuken'),
('aed02aba-c392-4372-8402-9268038e32aa', '0b7d1b4d-fdc7-4a9d-bebd-602b1d1fb0ee', '2025-08-28 20:08:02+00', 'd05dd2e0-d177-46a9-a2f9-78606d037d81', NULL, NULL, 'Badkamer'),
('59c16737-cf19-4fd6-aa9a-e1c175d90966', '5891e2cf-0304-4a77-8460-438d8ca046a9', '2025-08-14 23:30:53+00', '2e487439-12fc-49b9-bbf8-ee7d74814da9', 'c1a7d244-a452-4f86-8a36-1d543b862a38', '2025-08-27 10:00:10+00', 'Woonkamer'),
('0b2e2eec-199f-40c6-99c6-00ec22e999ac', '769d68d9-33f8-462b-8b16-e2979646932e', '2025-02-20 11:13:02+00', '23cdfad8-066c-4e6c-a18a-232759a6a877', NULL, NULL, 'Badkamer'),
('e7c14950-4d61-419c-a33b-d84c7510763c', '198e398f-3ea1-45bf-90a1-4d179fac8eeb', '2024-09-01 20:30:21+00', 'bdbfd135-78f2-4078-a2b2-4899a6e08fd7', NULL, NULL, 'Toilet'),
('838eddf1-b24e-4544-a19b-e007b908e4eb', 'a0382f13-e280-4278-99ee-ac5279d19e32', '2024-11-23 23:17:16+00', '5c251bd3-e6e9-4afe-a23e-79d587bd3c7c', NULL, NULL, 'Keuken'),
('571a1bc6-0aa0-4b53-a5a4-9bbc50a4776d', 'e0c89c60-ccb9-40a9-8409-ff3147325003', '2024-05-06 03:20:29+00', 'a4b9c528-5eb4-45de-b755-d133ef112983', 'a4b9c528-5eb4-45de-b755-d133ef112983', '2024-08-23 10:00:10+00', 'Slaapkamer'),
('1f08397e-6a06-495d-9aca-924b87113435', 'db7ae9e6-a3f3-43aa-8a97-2f796955e951', '2024-06-27 07:18:30+00', 'c17ff8e7-c3f0-46ba-98e3-90a08f7125af', NULL, NULL, 'Toilet'),
('0562fce5-92df-4f4e-bd4d-81acfd22c995', 'a697ad09-13e2-45fc-815e-92a72f11daae', '2024-10-02 12:31:07+00', '3b45782d-ed4b-4a05-9784-3371008d85d9', NULL, NULL, 'Woonkamer'),
('03ce44df-48bd-47ea-b55d-772dc60bf690', '263b9af2-c11d-4ac8-8472-c8b8eba822ab', '2025-02-01 20:42:21+00', '3f4595a6-42f3-42d9-b10f-6111e8e68fd2', NULL, NULL, 'Toilet'),
('054a8e0f-40fb-430a-95a8-b05bde8e2090', '4430975a-978a-4ff1-94e3-7f8e9ac53f0e', '2025-07-21 23:08:09+00', '8110f5d3-d5a5-417f-b623-d62712712711', NULL, NULL, 'Toilet'),
('01a4b588-79a4-4f8a-a30a-390fce380e83', '3b330bc6-a8d6-457c-b91f-95251d943236', '2024-05-30 18:13:27+00', 'eb4b8bbd-90af-44a2-b247-3c468d79ecc1', NULL, NULL, 'Keuken'),
('03536e8d-cd98-4fc8-a2a9-d73383657dda', 'c8eb3590-46d6-499d-bc58-c7bb73714883', '2025-07-23 01:19:36+00', 'f796ab33-4c98-4071-b71e-c22ec96d8630', NULL, NULL, 'Keuken'),
('a5a5dc15-9b9e-451f-ad97-f9544b822a8b', '46dd37e4-c4f7-4ff0-8875-a0f647a41827', '2025-01-21 13:21:18+00', '61830a0b-692d-4c95-8101-46e49dc2c7c7', NULL, NULL, 'Toilet'),
('ea90b4b3-1657-45c6-8eb3-2009260f3b94', '5500ff2b-3886-4681-99cc-567f165245f1', '2025-04-03 10:57:06+00', '215d2504-4909-4f4c-9d7d-39242048b859', NULL, NULL, 'Slaapkamer'),
('6a5e5fb2-3de7-4306-9c1c-2d021f6d5026', 'ba33565f-c590-49ef-90fb-96b0c94411e5', '2025-02-14 08:11:48+00', '6c1c173f-9ec9-4776-8220-94cf46370609', NULL, NULL, 'Woonkamer'),
('8d436a73-c787-4805-bd00-796d6807c4b6', '2efb894d-2c40-43b8-9e39-b060bb2f5cc9', '2025-05-09 15:43:03+00', '5f50975a-7877-447a-92b7-cdadabb1a01a', NULL, NULL, 'Slaapkamer'),
('33fbfadb-4502-43ee-87c0-c1faa1e6025d', '289310b7-fceb-4ad6-8133-9d74876fc98a', '2024-09-13 10:25:02+00', 'a87376cb-8026-413c-b5f8-fe2ca553ce47', NULL, NULL, 'Keuken'),
('58268b73-fe25-4f25-808d-519a23f2fbac', '52f76a6b-5b1b-4ae9-8e13-fe8e5c69d273', '2025-05-18 06:06:09+00', '63072f2c-11bd-4845-aae7-5ae97e2504e9', NULL, NULL, 'Keuken'),
('fbe461ea-1aef-4b9f-a34f-615a495b247b', 'cf8f45cc-46b0-472f-8e45-ecf063ad0106', '2024-01-28 21:35:22+00', '0651419f-1b75-4fa1-aa0e-394aacb9ac93', NULL, NULL, 'Toilet'),
('76ccb264-5b25-4c3b-bcbe-74004e2e9975', '49937b19-72af-4137-8dfd-c17d2d8c9d6c', '2024-02-15 01:25:44+00', 'b3955f39-70ae-4850-b160-c7ca4e406189', NULL, NULL, 'Keuken'),
('c4eff1d7-470a-4ef2-9201-ad7048650ab5', 'd48e56f5-a952-473e-9987-bc21571a8dce', '2024-07-25 11:30:05+00', '9b592950-c21d-4d53-8a94-9ecb3492be59', NULL, NULL, 'Badkamer'),
('98a9da16-c039-45a0-8d8d-32204513893e', '1bd0ffbb-69f7-47cd-b4e3-412b6b7ac627', '2025-06-14 07:07:55+00', '00605cea-415b-4100-a0eb-54f9221bad05', NULL, NULL, 'Keuken'),
('d9e6c7c8-eeb5-4619-9a69-c7bc7cdffba9', '5d26c9c1-c13c-4b0a-b3d6-2d0208f97886', '2025-03-03 12:07:42+00', 'd05dd2e0-d177-46a9-a2f9-78606d037d81', NULL, NULL, 'Toilet'),
('5ba6df6c-2cca-4911-bb21-bb9a33584bdc', '9d91fd0d-fb66-43ac-a4e2-ab411af47172', '2024-06-28 09:44:33+00', 'd084ddb4-d6af-44b8-9d1e-147c956e8083', 'eb4b8bbd-90af-44a2-b247-3c468d79ecc1', '2025-01-28 10:00:10+00', 'Keuken'),
('069da559-e585-41b6-803f-a236fbe05f67', '4dd9b88b-1a46-4d53-bbd6-fcd5f567a23a', '2025-08-23 20:47:29+00', 'dcc1cb4f-21e1-4c95-8831-795135845e13', 'ef0414a2-5480-451c-b822-464571d0c961', '2025-09-09 10:00:10+00', 'Badkamer'),
('6eddb11d-8c95-4a30-9793-a77b7fafb464', '984cad3c-4451-4f87-a8a2-851c9c307cd0', '2025-01-02 23:18:05+00', '7b25718b-adda-40b8-8ba4-9f28b313b54d', NULL, NULL, 'Keuken'),
('fbe461ea-1aef-4b9f-a34f-615a495b247b', '62bf2178-dd8d-4d95-b819-fe8a0f2392b6', '2024-08-12 02:36:51+00', '1175c58e-0198-4831-b904-9d2f7dd4dc9a', NULL, NULL, 'Toilet'),
('20670eaa-660c-404c-bee3-b2356d2e185f', 'da802011-6de2-4bf1-b46b-2ba8c251aa3a', '2024-07-07 12:53:36+00', '709a6309-4731-488c-82a2-c32cd9260882', 'fd6ea328-4011-4753-8b13-68013dda7f0e', '2025-05-08 10:00:10+00', 'Toilet'),
('13c85dda-238f-4489-b783-ee74001b457f', 'b7f6c7e5-c9a6-4ccc-b978-9ed8b5b5e201', '2024-11-19 07:43:14+00', '0651419f-1b75-4fa1-aa0e-394aacb9ac93', '2f8aa67b-9c4e-4327-958a-feb292874ed8', '2025-09-05 10:00:10+00', 'Woonkamer'),
('6fd4c9a8-1135-4f7e-b6a7-16e2114384cd', 'c30f114c-0145-408f-83e2-761774c023ef', '2024-08-25 05:41:39+00', '2f8aa67b-9c4e-4327-958a-feb292874ed8', NULL, NULL, 'Slaapkamer'),
('3773eea9-04a5-437b-bf82-733f436bc8a3', '9190edba-e399-44f8-8ebb-82d8637a8152', '2025-03-24 12:42:33+00', '952a8a36-a986-4ef6-9d43-fddba534b0ed', NULL, NULL, 'Woonkamer'),
('66201350-abeb-44fd-882d-cc6aa3d0f126', '6fad279f-5c48-47f2-91a4-044dd3238633', '2024-07-25 09:23:22+00', '487cd5a0-5ba0-4071-bffe-b52ece181081', NULL, NULL, 'Woonkamer'),
('20f93bf0-ce61-47c1-93d7-4c56728841c6', '6aa3df15-6d03-4cdf-9871-5c269e1f2103', '2024-05-17 22:46:11+00', '830c6eb8-6038-4c12-b168-f4478c20124e', '709a6309-4731-488c-82a2-c32cd9260882', '2025-02-15 10:00:10+00', 'Keuken'),
('7e904132-3b94-4856-9caf-c4618299c5c4', '510e4b7c-1ac6-492f-9500-f17a4655c16e', '2024-05-29 12:01:39+00', '0ef17a6a-c685-448e-b147-677d997fb5a2', NULL, NULL, 'Keuken'),
('76697800-9378-4683-8645-cc1a18836f52', 'd0002218-a975-4fc6-9c17-ad6d0f43566c', '2024-05-04 14:23:42+00', 'd490fc73-b715-469d-9309-0487e9230082', '3bd83506-749d-459b-94c1-64578600cffb', '2024-12-11 10:00:10+00', 'Woonkamer'),
('bd0a73f5-2d58-41bd-8f3d-a18b0f66d85a', '52ab7a6d-2172-4e7e-8f8b-40433767fab4', '2024-12-07 08:20:24+00', '3b474b0e-9bad-4ef4-b474-121b700ea9cb', NULL, NULL, 'Badkamer'),
('95b4b242-8860-4afc-b926-d350279abc1c', 'f54456e8-fb6b-49da-9e6e-d20bd6d2ad3a', '2025-02-10 10:58:56+00', '3f6ce485-b223-46cf-8917-eff89269a662', '61830a0b-692d-4c95-8101-46e49dc2c7c7', '2025-07-10 10:00:10+00', 'Woonkamer'),
('db945003-8385-4be2-a296-13cae974c8a6', '5c3eed06-c591-47eb-945a-4aa7bb93223b', '2025-02-01 05:16:00+00', '952a8a36-a986-4ef6-9d43-fddba534b0ed', NULL, NULL, 'Keuken'),
('23a37bfb-ce32-4674-b855-3443b2171e09', '9d580d1d-87a7-44be-b91b-864d65e5ed30', '2024-07-03 12:41:33+00', '2e28aa81-365d-441e-b99f-53a60a20d56a', NULL, NULL, 'Woonkamer'),
('ecc36904-25af-471a-a325-5b3ec8ac8290', '1cead493-22b1-4658-ad0f-c394756462e6', '2025-04-21 15:52:52+00', '88d4efa5-f87d-4772-8dcf-087d5cf90b8a', NULL, NULL, 'Keuken'),
('19ca822a-fa68-4683-abec-9bdb15b719ac', '02378844-b8dc-4029-b3de-743612ac2800', '2024-03-13 23:47:17+00', '63072f2c-11bd-4845-aae7-5ae97e2504e9', NULL, NULL, 'Badkamer'),
('9c27840d-0cee-46ae-832d-4a0d73f38156', '8ba302fb-c201-4546-b927-a35dc1dce8fd', '2025-04-26 12:08:10+00', '23cdfad8-066c-4e6c-a18a-232759a6a877', NULL, NULL, 'Woonkamer'),
('9aeb5c34-90a8-4d35-a20f-cfb7689565dd', '0cc7bd94-9647-4ba5-a7d6-9627ee5ec005', '2024-12-12 19:14:19+00', 'dbf9236a-6649-4610-8fe4-e156d69cdc71', NULL, NULL, 'Woonkamer'),
('e0aa2d38-d74f-4c7f-889f-ca33fa0fbb1a', '781d3db1-ec0a-4da9-9048-8860f0193327', '2025-09-10 08:47:33+00', '213f77f3-5314-4ccd-b6fe-8561a6aa43ce', NULL, NULL, 'Woonkamer'),
('95b4b242-8860-4afc-b926-d350279abc1c', '428166d6-4058-40fd-ae65-06ce0f4573be', '2024-07-11 23:43:57+00', '93216796-dee2-4814-9613-805d3daa9515', NULL, NULL, 'Badkamer'),
('0d947eae-1039-46de-ae3a-2dad7a70337f', 'f18ef8dc-b184-4e5e-b05b-0ad1d4abbecd', '2024-04-24 05:37:08+00', '3c8a68d1-b03f-4382-b8ef-450e93120f79', NULL, NULL, 'Keuken'),
('55c6d7a4-88f5-4792-9a4d-8c5ffe6e6aee', 'd867bac4-3ddc-4584-9a43-a8b452162247', '2025-02-17 04:18:53+00', '971d94cb-9bf7-418c-94c6-2d159627b304', 'd490fc73-b715-469d-9309-0487e9230082', '2025-03-24 10:00:10+00', 'Badkamer'),
('aed02aba-c392-4372-8402-9268038e32aa', 'b619189f-846d-4bf2-8545-07079b0ee9ce', '2025-07-23 06:24:17+00', '66837125-47d5-4091-af54-ee7701d06444', 'a2260597-0472-405b-b91b-db5f8ddff55c', '2025-09-10 10:00:10+00', 'Toilet'),
('e3ff21d8-fbaf-460e-9446-5bbe9595d924', 'def3cdfe-7f7e-444a-a251-7b92ac0a034b', '2024-01-04 18:42:05+00', '830c6eb8-6038-4c12-b168-f4478c20124e', NULL, NULL, 'Slaapkamer'),
('58e104b0-8576-41a4-88be-08718eacacba', 'bf74918b-03ee-4b17-a31e-9dced1174655', '2025-06-29 09:32:26+00', 'b7a08e12-ce1b-4276-ac09-9518d35cf35e', NULL, NULL, 'Keuken'),
('aed02aba-c392-4372-8402-9268038e32aa', '8ad82b01-5e66-42fe-88c1-6a84b294401e', '2024-08-26 14:55:08+00', 'd535f245-7b2a-4223-a38a-859861d2dac1', NULL, NULL, 'Woonkamer'),
('95b4b242-8860-4afc-b926-d350279abc1c', '671fcd46-ded6-45f6-8f90-9a9564b38167', '2024-12-06 21:53:01+00', '7af4c23f-d8dd-45e7-8ade-936a66449ff7', NULL, NULL, 'Slaapkamer'),
('1ab7329b-d94d-4766-bb91-4f181aee89e1', '61a3b375-2431-49cb-b94f-ca33dca838e5', '2024-11-15 20:14:20+00', 'c79d5177-ab20-4113-a726-e154dd959161', NULL, NULL, 'Toilet'),
('d3be80e5-237a-4b78-873e-1cc195f5bd73', '4736ad1c-8c03-413f-be4f-861f4ee10434', '2024-09-26 17:19:50+00', 'b2ea09e8-9284-4151-b902-4040d2d0f52a', NULL, NULL, 'Woonkamer'),
('1ab7329b-d94d-4766-bb91-4f181aee89e1', '84bf00bc-dc22-406e-abf0-4ab4c2e92c04', '2024-07-14 04:28:35+00', 'd084ddb4-d6af-44b8-9d1e-147c956e8083', NULL, NULL, 'Badkamer'),
('ef8fe323-7a0e-444e-8abb-02e9f7b219cc', 'd7e4d403-c227-4bf6-b3a6-0cbbb442ae22', '2025-01-29 15:59:26+00', 'f561d7db-84f2-4a30-affe-1d05d8fb5609', 'f0998fec-1c2b-440f-bb28-62dd602f210b', '2025-04-26 10:00:10+00', 'Slaapkamer'),
('81331d68-7f17-493b-a0d7-a4f8ce38814c', 'daaedd05-f9f3-4588-90f1-02a72a827dd9', '2024-02-08 22:32:56+00', '7d43931e-51a3-4e07-9762-b0c2b099f982', NULL, NULL, 'Toilet'),
('456e65be-d1f9-4b9a-aa28-902f2254150f', 'dc7b4d8d-141b-43fc-b0ee-f3c40dcd3e67', '2025-02-03 19:03:10+00', 'a43b9245-c727-4ceb-91a0-e09e73b3564d', NULL, NULL, 'Keuken'),
('e21d15f0-e748-4393-bf56-70051e87bca4', '44be4a8d-1b41-41af-b9e7-c6f96078af95', '2025-03-27 05:46:53+00', '6c1c173f-9ec9-4776-8220-94cf46370609', NULL, NULL, 'Keuken'),
('b5082c6f-9817-4b74-8d0e-087e72406452', 'b6eb0921-1b37-4da9-816a-9e6aaf968648', '2024-12-22 06:24:34+00', 'f2240e4c-bff4-4324-908e-f6b604eb951c', NULL, NULL, 'Slaapkamer'),
('5a6c4de5-6557-413e-a2bb-a680945c7747', 'dff26bf0-67b2-4241-ba91-1f43e24763c3', '2024-09-06 12:46:38+00', 'c79d5177-ab20-4113-a726-e154dd959161', 'd084ddb4-d6af-44b8-9d1e-147c956e8083', '2025-06-12 10:00:10+00', 'Toilet'),
('11913aa0-6cb6-433e-9b00-9f79b886b9af', '68cfcd35-43bc-447c-83f4-fdc58ff44534', '2025-03-02 04:48:14+00', '1d33267b-7ee6-4688-bb95-bace0ddad92f', NULL, NULL, 'Toilet'),
('9aeb5c34-90a8-4d35-a20f-cfb7689565dd', 'bba1b750-d208-44dc-b9c2-184b2fa577e4', '2025-06-27 12:45:57+00', '71fdea39-2e00-4dca-b214-29ad3251fae3', NULL, NULL, 'Toilet'),
('597fd3c9-08f2-4979-8142-278ee04d4dd3', '2f38a58a-1b86-4539-ad06-958d49e3910f', '2025-06-19 11:44:10+00', 'fe20b3be-fd2d-480d-8560-bd5c367b5c71', 'e57eba94-cc50-497e-9f4d-5bb38c0eac40', '2025-07-19 10:00:10+00', 'Woonkamer'),
('afaf48df-41fa-47ed-9147-b5e719548f3c', '05ec5ba8-4787-4dd1-a6c9-79345c730694', '2024-07-02 05:09:52+00', 'bd293ec5-b29b-4ed5-a9de-113859d216bc', NULL, NULL, 'Slaapkamer'),
('29ec1fb8-70c8-48d8-ab8d-9b231b45bc4c', 'b5f6b9da-9968-49cd-ab6f-9d67802866ac', '2025-08-21 10:34:01+00', 'bd293ec5-b29b-4ed5-a9de-113859d216bc', NULL, NULL, 'Keuken'),
('bd0a73f5-2d58-41bd-8f3d-a18b0f66d85a', 'c46ebdb5-56a4-4948-86cd-71f1698a3f64', '2024-12-26 22:41:14+00', 'b809c6ea-11f7-4a30-a837-72e6e2b4b406', NULL, NULL, 'Keuken'),
('fbe461ea-1aef-4b9f-a34f-615a495b247b', '5114a64a-af6e-4683-a397-cbab286984b7', '2024-09-08 19:13:23+00', 'e4c7afce-f829-48e4-94dc-256c4ff5754a', NULL, NULL, 'Keuken'),
('c07be9d4-e619-47b1-bf50-7acd50c3f24d', 'a98c88e8-ae18-4582-a807-bcb06e20a3da', '2025-02-21 01:39:55+00', '57d8d89a-6b33-4c12-8665-ab0482be16b2', NULL, NULL, 'Toilet'),
('bade0a43-8640-4fbf-b446-c8be09dfcb99', 'e664f198-e9d1-41c2-b108-bdda56f8ad02', '2025-09-09 14:37:11+00', '131451c5-1136-4cc9-b4ef-878b21594e73', NULL, NULL, 'Woonkamer'),
('c4ac56b2-9220-4fa9-b639-e99ca7e305f1', '893af502-1ae6-438f-8964-6fc806268739', '2024-01-08 00:19:40+00', '285d3c15-7589-48ee-abf4-0af22831171d', NULL, NULL, 'Slaapkamer'),
('c240ceae-1148-495b-b23c-cd2314383a10', '9359dc26-63a4-4980-b75b-6da802cf3ebe', '2024-04-23 03:22:22+00', 'c720f0a2-3944-4c83-8cf4-5daa37d930d8', NULL, NULL, 'Keuken'),
('d8184621-62b5-4296-95be-fcd07c250918', '1702be41-0964-4128-920b-eb5f5b068ba0', '2025-01-08 03:37:49+00', '6f936d5f-8c7f-48b0-b55c-a7c62f265364', 'f0998fec-1c2b-440f-bb28-62dd602f210b', '2025-04-23 10:00:10+00', 'Slaapkamer'),
('27cf74f1-e0c9-4fc3-be51-d9d329284c54', 'c38b6f0c-18c4-4df1-b2e1-83f4f7bf6173', '2024-02-03 02:35:16+00', 'e4f5a9d5-fd61-4fa7-b614-e4b6ac14bab2', NULL, NULL, 'Keuken'),
('effde14a-3128-4d48-a789-efc05c4bdee7', 'fbfb194b-1a76-4f4c-a107-c83628428895', '2025-07-20 11:48:16+00', '2b0aefb6-79c7-441c-9376-e456db19b50b', NULL, NULL, 'Slaapkamer'),
('532e05e0-f5a3-47b6-b456-858283d49357', 'be6e0d31-646f-41fd-926c-8ebb148a4405', '2024-02-19 04:28:27+00', 'af36c8bb-83a9-4d48-a7d6-01f3b529e7a2', NULL, NULL, 'Slaapkamer'),
('24520628-fc5b-4a55-9a3c-07769f41fbc0', '2b9a05d8-bae7-439e-b244-fce7285feeb5', '2024-08-26 13:08:15+00', 'f561d7db-84f2-4a30-affe-1d05d8fb5609', NULL, NULL, 'Badkamer'),
('1d9f27a9-606a-45ac-aef3-2fafb9954a5e', '0a153975-12d4-456e-90cf-5e0fc857bdbf', '2024-10-01 21:14:16+00', '66837125-47d5-4091-af54-ee7701d06444', '66837125-47d5-4091-af54-ee7701d06444', '2025-07-12 10:00:10+00', 'Toilet'),
('5afaf04b-fe55-459f-bda1-fd001ad8ce3a', '74528804-0c09-43e5-83f8-8a6b56264df5', '2025-03-31 13:34:28+00', 'c426b3db-707b-4306-9e23-2dd00657b145', NULL, NULL, 'Keuken'),
('ff0d5282-3e09-47ac-ad3a-d1ab771d3976', 'f2e27e62-ce90-47ea-ac05-d2a2044941a2', '2025-07-09 18:10:35+00', '8a99fad2-0537-4017-b282-4f85ce643131', NULL, NULL, 'Keuken'),
('5befcfe6-8d5a-402f-bf82-26be809827fb', 'f70f6bea-1881-4515-a86b-260c290db76b', '2024-09-06 16:34:31+00', '9df28abe-9202-4af5-9eb4-695e9c2408bf', NULL, NULL, 'Woonkamer'),
('98a9da16-c039-45a0-8d8d-32204513893e', 'b188f164-234a-4d4c-b282-4a3b27137e67', '2024-12-23 23:06:12+00', 'fd6ea328-4011-4753-8b13-68013dda7f0e', '830c6eb8-6038-4c12-b168-f4478c20124e', '2025-01-17 10:00:10+00', 'Keuken'),
('735e6db0-12c1-4876-b712-441e169ee67f', 'bc38858f-ba27-4a83-ba25-4b224a98ff1c', '2024-09-03 12:14:27+00', 'bbeef056-1368-4fff-bb58-6fbe22bd8a10', NULL, NULL, 'Keuken'),
('64c99c57-98e4-4a0f-a50e-f69c177501fa', 'ebd2ff97-9bc7-4a42-b3fc-742682ce8cb5', '2025-06-09 05:11:29+00', '88d4efa5-f87d-4772-8dcf-087d5cf90b8a', 'eb936988-d155-4049-a37d-b2e80b5d49fb', '2025-08-09 10:00:10+00', 'Toilet'),
('d1ed73e9-f23c-4bc8-9121-a43253345eda', 'a68ac134-ee0d-40ad-8156-c6beb460c051', '2024-12-05 21:03:51+00', 'b3955f39-70ae-4850-b160-c7ca4e406189', 'aa61d805-efaf-4273-b14f-54f9e9362604', '2025-03-06 10:00:10+00', 'Slaapkamer'),
('584ec888-f924-4796-9209-f12c506b7b5c', '74cbab7f-5cc0-4d9e-a159-b3b5512dd7b8', '2024-06-19 06:02:23+00', 'aa61d805-efaf-4273-b14f-54f9e9362604', NULL, NULL, 'Badkamer'),
('e8dacbe0-647d-4642-a808-97bcb6573659', '1cd180ac-c92a-431b-9751-71f14f521036', '2025-02-12 20:44:28+00', '204ed978-f7a3-476c-a3d4-027732f38e3a', 'cc3fe785-ed37-439d-9748-3108b32f1e50', '2025-05-27 10:00:10+00', 'Keuken'),
('e21d15f0-e748-4393-bf56-70051e87bca4', 'dc1337e5-54c2-4e86-bf69-0a3f91985fc3', '2024-02-14 00:13:21+00', '50bbb7be-ecdb-4f02-b2c3-e5a4f646dad1', '3bd83506-749d-459b-94c1-64578600cffb', '2024-09-19 10:00:10+00', 'Slaapkamer'),
('29ec1fb8-70c8-48d8-ab8d-9b231b45bc4c', 'a20fea2f-a8ac-46c7-a73b-ec7df033df2b', '2024-07-26 04:18:56+00', '8a99fad2-0537-4017-b282-4f85ce643131', NULL, NULL, 'Toilet'),
('5443ec05-c98f-4517-a0a8-a56d657a2e14', '178f6a67-33c6-4dd2-b939-23ec13451eb4', '2025-07-27 21:47:55+00', '2f2dd96e-cd08-4101-bbe9-95d6ca807473', NULL, NULL, 'Badkamer'),
('fbe461ea-1aef-4b9f-a34f-615a495b247b', '790bd2d0-88f4-4bb5-b181-6908b89c6f01', '2024-07-16 10:31:18+00', 'db615c7e-35d3-46b6-8653-f261c8adc66f', NULL, NULL, 'Toilet'),
('940b1e2d-9f05-4a99-93cb-8cecc5af5465', 'ae357866-37f3-41f2-a956-343dec8fc91d', '2025-07-28 17:12:34+00', 'c170bbb7-37b3-45d8-8392-fb87a4c36a9b', NULL, NULL, 'Slaapkamer'),
('a3871686-bc06-4cb6-996d-b3453e5df0a5', 'a7e83e15-e0d6-4413-b7a4-c4a337883a80', '2024-01-30 04:30:58+00', '46b8580a-e45e-4b6c-85e4-d923613e8eb9', 'cc3fe785-ed37-439d-9748-3108b32f1e50', '2024-09-30 10:00:10+00', 'Keuken'),
('0a4061f9-5055-4a07-9c87-06bb1de506f0', 'f90ddbda-3d4a-44d1-b3b0-7599ed7ca30f', '2024-09-27 17:43:02+00', '2f8879a3-c919-435c-b05c-458909876b70', NULL, NULL, 'Badkamer'),
('5443ec05-c98f-4517-a0a8-a56d657a2e14', '2394d16c-20b6-4acf-baab-523fe0ee7f84', '2025-03-12 17:17:06+00', '582098df-8a51-4005-862a-67ee8dd0ac38', '2f2dd96e-cd08-4101-bbe9-95d6ca807473', '2025-04-07 10:00:10+00', 'Woonkamer'),
('89c08a9f-edfa-4b01-a22f-219daa2666d7', 'a3184574-9f01-46d2-89f8-3130c0e88e04', '2024-03-22 05:59:06+00', 'd0477f56-cec9-4dab-b9a3-6cde87c7815c', NULL, NULL, 'Keuken'),
('da874747-81f6-4a44-aab3-3d4c3851770b', '246af074-b668-4cd1-89a7-93384db13e99', '2024-11-17 06:50:23+00', '863ccd65-2f4c-445c-914b-10ca3cd12622', NULL, NULL, 'Toilet'),
('24204c4c-875f-4edb-befc-138ee8f3d5ff', '68c3bf22-d226-4ca7-8fb5-1546decb597f', '2024-03-17 09:37:01+00', 'c17ff8e7-c3f0-46ba-98e3-90a08f7125af', NULL, NULL, 'Badkamer'),
('e2ded22d-9b4f-42a2-b9d6-43019e70b120', 'd267aba1-5a1b-4bfa-bf33-9d3145b509ce', '2024-04-30 11:54:35+00', 'fd6ea328-4011-4753-8b13-68013dda7f0e', NULL, NULL, 'Toilet'),
('5036a089-e9d8-4f10-ac4d-10e235104438', '806b474f-6b0c-4da7-a067-e3d5d46ba3d0', '2024-01-09 01:26:18+00', '830c6eb8-6038-4c12-b168-f4478c20124e', NULL, NULL, 'Badkamer'),
('f03ee46f-6346-4da1-8d6d-d623037266c3', '9201b641-08a8-49f5-a2ff-3aa5f428ab00', '2024-08-21 09:10:13+00', 'ff3831d0-68a9-4422-adcf-bf5c7ef3f956', NULL, NULL, 'Woonkamer'),
('20f93bf0-ce61-47c1-93d7-4c56728841c6', '46c68318-fdfa-41c4-ac16-ef34e36487b7', '2025-08-21 10:00:11+00', '00605cea-415b-4100-a0eb-54f9221bad05', NULL, NULL, 'Badkamer'),
('3de679b9-1354-40ee-85bc-2e1647cd41b0', 'e7d2b1e3-d6b2-4e33-97b9-3500a8708c4a', '2025-03-31 18:07:45+00', 'e57eba94-cc50-497e-9f4d-5bb38c0eac40', NULL, NULL, 'Badkamer'),
('f5736fcc-6846-413a-9061-4f6151cfce3e', 'fc908abc-799d-49da-9bc1-d326de7a12bb', '2024-09-16 12:16:36+00', 'f4c93670-a460-48b2-b06d-1ade4f612bb4', NULL, NULL, 'Badkamer'),
('3b9d98f1-665e-41d1-903d-27fec5f1df08', '6c49b07e-2659-4a87-85f3-015fc8787824', '2025-07-01 07:38:18+00', '91c8b514-3680-4144-b86b-ac78fc50dfd4', NULL, NULL, 'Keuken'),
('ea90b4b3-1657-45c6-8eb3-2009260f3b94', '353011f7-b239-4319-b0fb-f89192e84e22', '2025-06-11 05:39:42+00', '215d2504-4909-4f4c-9d7d-39242048b859', NULL, NULL, 'Badkamer'),
('9cbdbcf5-20b2-4269-a32d-981f0fa4919c', '700588f2-4892-4d10-8c5a-042111bdb202', '2024-12-15 04:34:18+00', '2e74280a-aaab-4e8d-8a15-58fe0b92db82', NULL, NULL, 'Toilet'),
('bd0a73f5-2d58-41bd-8f3d-a18b0f66d85a', '063d63e5-8469-4861-9b0e-5e71d3ea5176', '2024-01-31 18:28:45+00', '893172a9-9f70-40be-8619-af1e52ee3517', NULL, NULL, 'Slaapkamer'),
('b3479f72-630c-412e-bb29-6f124265dddd', 'da1ee3eb-33e7-4af0-a33a-32d4553402af', '2025-02-26 08:33:37+00', '9ecb7e02-d621-4cb6-bd21-907db6085548', 'fd6ea328-4011-4753-8b13-68013dda7f0e', '2025-03-02 10:00:10+00', 'Slaapkamer'),
('52cf7db2-16e9-4687-8a68-11965a95d0e8', '8fb5bc9e-1506-4f4e-b70a-ec1d991c219c', '2025-04-25 20:44:45+00', '709a6309-4731-488c-82a2-c32cd9260882', NULL, NULL, 'Slaapkamer'),
('8d9948bd-6f3d-4beb-aa3a-c3e242def610', '9d4ecf6f-b4ed-4ffe-8e3f-1609d1107146', '2025-01-31 20:44:53+00', 'fd6ea328-4011-4753-8b13-68013dda7f0e', NULL, NULL, 'Keuken'),
('b072f5e9-b85a-4c3b-ae67-afc6aa4c2d62', '50efdeff-35f8-4973-9620-6678f7802983', '2024-06-22 20:32:16+00', '457802bc-f76f-42f1-b12a-32dcc41608a2', NULL, NULL, 'Badkamer'),
('5ba6df6c-2cca-4911-bb21-bb9a33584bdc', '5dde573d-29b9-4994-964c-047c3b28107d', '2024-02-11 11:22:32+00', 'eb4b8bbd-90af-44a2-b247-3c468d79ecc1', NULL, NULL, 'Keuken'),
('4501e12e-2e47-4895-881b-b9aa1dbe2ce1', 'bf288b1c-a239-4729-af9f-4a426124a922', '2024-03-02 19:26:39+00', 'e1fb6714-5e71-4fde-9f39-600bb65d8e5e', NULL, NULL, 'Slaapkamer'),
('fbe461ea-1aef-4b9f-a34f-615a495b247b', '8189c3f6-1635-4ea3-8c0d-2eff1bed56b8', '2024-10-23 20:35:07+00', '0651419f-1b75-4fa1-aa0e-394aacb9ac93', NULL, NULL, 'Woonkamer'),
('2acb033c-332e-4bd9-869e-8dd9349b98ce', '367048f4-c774-42ec-9e68-4169f72da46c', '2025-03-30 17:34:47+00', '1d33267b-7ee6-4688-bb95-bace0ddad92f', NULL, NULL, 'Slaapkamer'),
('e3ff21d8-fbaf-460e-9446-5bbe9595d924', '860f7c1f-ac7b-4cb7-bdce-db4d11d868cf', '2025-01-28 09:10:22+00', '73b83f24-4b6a-47e6-8c1e-46312cd03090', NULL, NULL, 'Woonkamer'),
('20670eaa-660c-404c-bee3-b2356d2e185f', '5ee69daa-6193-4835-85f8-0553b35cfdbd', '2024-07-14 08:19:44+00', '9ecb7e02-d621-4cb6-bd21-907db6085548', NULL, NULL, 'Slaapkamer'),
('0d947eae-1039-46de-ae3a-2dad7a70337f', '0e392e68-6184-46a8-8834-54c93471d599', '2024-08-13 23:05:53+00', '55ea80ec-7043-4e11-a315-1911682bd1bc', NULL, NULL, 'Slaapkamer'),
('98a9da16-c039-45a0-8d8d-32204513893e', 'ca4e1c15-dae6-4e1b-a663-467695a1493a', '2024-03-29 13:27:45+00', '99ffcde7-2cef-4a06-a7c6-4cdc50a79437', NULL, NULL, 'Woonkamer'),
('fbe461ea-1aef-4b9f-a34f-615a495b247b', 'a70f9331-f858-4fd0-9e9f-5105049294e3', '2024-08-21 11:24:22+00', '1175c58e-0198-4831-b904-9d2f7dd4dc9a', NULL, NULL, 'Toilet'),
('8fcff71e-8af1-48e3-b1f3-8afcffb570e3', '6e854fcf-44f1-4890-99b4-3986e81473ff', '2025-08-20 08:28:22+00', 'b90ecb9f-1635-454e-bf05-f0e8ebfa9e41', NULL, NULL, 'Woonkamer'),
('6a5e5fb2-3de7-4306-9c1c-2d021f6d5026', '992a791d-3fb8-42b6-8774-b80f6ce7c9c5', '2024-04-27 17:47:32+00', '23cdfad8-066c-4e6c-a18a-232759a6a877', NULL, NULL, 'Toilet'),
('5f0db22b-65d5-4d34-a6d8-ed376625d5e9', '6fe17921-de1b-4029-9ddc-62c19bdf15b3', '2024-07-04 11:56:15+00', 'fd6ea328-4011-4753-8b13-68013dda7f0e', NULL, NULL, 'Slaapkamer'),
('3f39a2eb-1e3c-4bd6-8d5b-c8268ef58627', 'e4d46278-82e4-449c-a4e8-c426d91fde6a', '2025-01-14 03:23:02+00', 'b90ecb9f-1635-454e-bf05-f0e8ebfa9e41', NULL, NULL, 'Slaapkamer'),
('0036cc7b-cb7e-4e18-81c1-63a60b413892', 'a95998c7-e27b-4bfb-9b65-8ac313c4928e', '2025-01-14 05:25:58+00', '6f936d5f-8c7f-48b0-b55c-a7c62f265364', 'c1a7d244-a452-4f86-8a36-1d543b862a38', '2025-06-18 10:00:10+00', 'Badkamer'),
('8d436a73-c787-4805-bd00-796d6807c4b6', '191b14d5-8644-4ac2-bd2c-d8e7db6e7c6d', '2024-08-13 12:23:35+00', 'cde55a4a-f91a-4ec0-9dc8-076c9db7b453', NULL, NULL, 'Badkamer'),
('532e05e0-f5a3-47b6-b456-858283d49357', '269a8738-8161-48d3-9ff9-5f6cfce4d6b7', '2024-03-07 15:58:31+00', '6f96e3c9-b622-4515-96b6-9fb26d6d0012', NULL, NULL, 'Woonkamer'),
('d199c282-e843-4cc3-97fa-d134b2852afa', 'efe3a1fc-c231-43d3-be7f-1dc6cda313c0', '2024-07-13 03:08:08+00', 'c16c1621-6712-4ca7-abd5-0ffd50881498', 'eb936988-d155-4049-a37d-b2e80b5d49fb', '2024-12-30 10:00:10+00', 'Woonkamer'),
('f027d082-eaec-476e-88fc-82c50f6acd0f', '5aac738e-9847-44e9-8578-2bf68623f2d1', '2024-02-06 15:11:21+00', 'ee07d2a9-050a-45d1-9db2-59f4a1f809d1', NULL, NULL, 'Toilet'),
('549b56af-82b8-4431-a29d-834cfb0a5c9e', '61cf61b2-6f97-457e-b4c5-929018517ab5', '2024-11-19 02:29:39+00', '9f0c09b9-2800-4fa2-bd8b-38b3f0f4fcb3', NULL, NULL, 'Badkamer'),
('0c85fc49-8637-47ca-8c13-9e17963a2462', 'cd0289a5-08d7-4e4f-9eaa-2bff452e5dbf', '2024-01-27 04:20:42+00', '7669a53f-b3bf-4e08-9d8e-d07bb348b7f9', '8e496aa1-47b3-458e-acee-62e4b3e3b94e', '2024-05-10 10:00:10+00', 'Toilet'),
('456e65be-d1f9-4b9a-aa28-902f2254150f', '18605281-f84e-4475-b518-205585ae23b5', '2025-03-09 22:14:29+00', 'b741a4d3-d545-438f-88df-c750685661d9', NULL, NULL, 'Slaapkamer'),
('76ccb264-5b25-4c3b-bcbe-74004e2e9975', '84637174-ea93-435c-a583-f04d191d6df2', '2024-04-22 02:08:27+00', 'b90ecb9f-1635-454e-bf05-f0e8ebfa9e41', 'aa61d805-efaf-4273-b14f-54f9e9362604', '2025-09-08 10:00:10+00', 'Keuken'),
('40390e73-f703-4933-a187-17e1dc496b75', '1706ce28-08b3-4a90-9cfc-09cb52a43187', '2024-01-13 08:43:12+00', 'a87376cb-8026-413c-b5f8-fe2ca553ce47', 'a87376cb-8026-413c-b5f8-fe2ca553ce47', '2024-09-25 10:00:10+00', 'Woonkamer'),
('9c27840d-0cee-46ae-832d-4a0d73f38156', '5db85cd4-c60b-4e55-872a-fcf6d0a306b1', '2024-11-29 08:32:44+00', '50bbb7be-ecdb-4f02-b2c3-e5a4f646dad1', '24d56966-c550-4393-be5c-abd22fc247c4', '2025-03-17 10:00:10+00', 'Badkamer'),
('838eddf1-b24e-4544-a19b-e007b908e4eb', 'cf2191d8-d4ce-45bb-b2a1-566d57c63f0d', '2024-04-19 07:13:25+00', '9fe89fb4-301f-47e4-9903-c6d929c612fc', '60d81428-60a4-4365-9d11-1b3e5f4c6f8e', '2025-05-25 10:00:10+00', 'Toilet'),
('6c4ecfb9-aa4f-48f1-9d62-5790a24d8ea4', 'fd085277-cf83-4605-917b-bb5ce695eac0', '2024-02-07 15:14:38+00', 'cf822dc2-eee6-4e27-af69-1e8e3ebb38d2', NULL, NULL, 'Toilet'),
('940b1e2d-9f05-4a99-93cb-8cecc5af5465', '4a1eb6e9-6f11-4245-b0aa-5f626a5b272a', '2024-09-22 20:59:34+00', '5f50975a-7877-447a-92b7-cdadabb1a01a', NULL, NULL, 'Woonkamer'),
('637473f2-b27c-4d2a-9491-ad499c4f3429', 'f5eb278b-910d-49d6-ad03-2efeb74ec3d9', '2024-03-01 11:10:39+00', '8c38709f-7865-4580-93b5-0311891e3559', NULL, NULL, 'Slaapkamer'),
('a9e3a56a-8805-4e32-b15a-f91700a5d76d', '0574ec1b-a08c-47c8-bd55-68d39b57f1e4', '2025-09-10 12:05:28+00', 'aa61d805-efaf-4273-b14f-54f9e9362604', NULL, NULL, 'Badkamer'),
('20670eaa-660c-404c-bee3-b2356d2e185f', 'b3c2f8bb-08ae-488b-a078-cd849465b6c2', '2024-07-24 02:23:26+00', 'be86f8c4-2d4f-424d-aa32-1239c4a3aa68', NULL, NULL, 'Slaapkamer'),
('0d947eae-1039-46de-ae3a-2dad7a70337f', 'ab63cee2-a6bc-4548-af24-a1f1929f8593', '2024-10-27 07:30:10+00', '5e0c49a0-826c-4e0c-961f-e552f19843ea', NULL, NULL, 'Slaapkamer'),
('1d9f27a9-606a-45ac-aef3-2fafb9954a5e', '3951fb39-077d-46be-9edc-b2c3c3b7d9fc', '2024-04-04 16:51:03+00', 'f4c93670-a460-48b2-b06d-1ade4f612bb4', '63072f2c-11bd-4845-aae7-5ae97e2504e9', '2024-04-25 10:00:10+00', 'Slaapkamer'),
('532e05e0-f5a3-47b6-b456-858283d49357', '4fb64a7d-2876-4e80-823b-bb8dc03aec4f', '2024-05-10 18:37:55+00', '6f96e3c9-b622-4515-96b6-9fb26d6d0012', NULL, NULL, 'Woonkamer'),
('e839d88b-5111-4516-9f39-145b3cb437bc', 'e01e6d32-92dd-454b-b44d-4b7eeafe93eb', '2025-06-29 17:07:16+00', '71fdea39-2e00-4dca-b214-29ad3251fae3', NULL, NULL, 'Toilet'),
('94a7f03e-f889-46dd-9216-f92eddf0e1f7', '34a727af-aa02-46a7-81ac-78ab73e7c440', '2024-06-09 07:58:20+00', '5ec0e021-c5ef-4b4d-9d34-3a31ceb84b8c', NULL, NULL, 'Woonkamer'),
('aae7f3ba-2545-4db5-9ee6-d5dd56864d69', '8e77a21d-947d-42f4-ab45-e4c520534c65', '2025-08-24 04:43:36+00', 'cdbc3acd-d975-40a7-a2ff-8053dd804a19', NULL, NULL, 'Slaapkamer'),
('76697800-9378-4683-8645-cc1a18836f52', '7bfeb16a-8875-4d1c-a90b-b06cd120ab82', '2025-04-18 03:02:47+00', 'f5ccee0a-e45c-4c4b-9de4-31da4bf1fa08', NULL, NULL, 'Woonkamer'),
('b05302f0-1a56-445c-b275-6849f70fb625', '21cb7bbe-09a2-4e24-a910-a7ccecdbba2e', '2024-07-24 01:45:56+00', '7215f34e-dcf9-443c-9657-4ac827f53b8a', NULL, NULL, 'Slaapkamer'),
('1f08397e-6a06-495d-9aca-924b87113435', 'ff89a942-8c4e-4cd7-81ec-933024812ea1', '2024-10-17 00:48:23+00', 'b90ecb9f-1635-454e-bf05-f0e8ebfa9e41', NULL, NULL, 'Keuken'),
('dc99c11a-b683-4169-bbac-a982f9521181', 'a6c172b2-e6f7-4346-9f7b-49618fec8c74', '2024-03-17 05:46:45+00', '76c88536-57ee-4e68-af48-ff0c88a4fb04', 'ed3b7092-2831-41c2-9982-90ec7562a28a', '2024-04-10 10:00:10+00', 'Badkamer'),
('8650dd37-e07c-40bc-845c-6648f17928c1', '5c79a771-6543-4d67-845a-2215c72d6d6f', '2025-06-11 13:30:57+00', '5675bf4f-7114-4cb7-963a-c08c65b06614', NULL, NULL, 'Keuken'),
('9aeb5c34-90a8-4d35-a20f-cfb7689565dd', '9d6f412b-d020-4b3b-bdee-54dfb5a14012', '2025-08-21 17:06:07+00', 'f796ab33-4c98-4071-b71e-c22ec96d8630', NULL, NULL, 'Toilet'),
('8d9948bd-6f3d-4beb-aa3a-c3e242def610', '93551730-1f37-4579-99c2-ea21270af358', '2024-05-03 07:43:41+00', 'a359f51c-d494-45d5-824d-9cd44223cbb8', '99ffcde7-2cef-4a06-a7c6-4cdc50a79437', '2024-10-05 10:00:10+00', 'Woonkamer'),
('456e65be-d1f9-4b9a-aa28-902f2254150f', 'cb83f8ff-2fe8-4c4b-b44c-adece2b58365', '2024-07-24 01:52:39+00', '4d35c70f-8599-4320-99ba-c899722e61d1', NULL, NULL, 'Badkamer'),
('8d60e42d-016a-4b08-9610-d6b58b092c1b', '42904f79-9e6e-4bf9-ba19-f4a1024b32bb', '2025-06-16 05:18:02+00', 'e484c288-096c-42f9-a6cd-6ee39fc7d664', NULL, NULL, 'Toilet'),
('bd0a73f5-2d58-41bd-8f3d-a18b0f66d85a', '7960a474-a1dc-4680-a0cf-2c1f9fc6d88d', '2025-08-27 18:38:03+00', '91c8b514-3680-4144-b86b-ac78fc50dfd4', NULL, NULL, 'Toilet'),
('6ef86c13-8a2b-4fc8-a49b-4d001b836ff1', '6b6d038b-a012-4383-b827-6b5ef3cfb410', '2024-10-20 17:29:11+00', 'f2240e4c-bff4-4324-908e-f6b604eb951c', NULL, NULL, 'Slaapkamer'),
('5a6c4de5-6557-413e-a2bb-a680945c7747', 'f3476c8f-61f7-49dc-b551-e906ffb68935', '2025-02-27 21:46:45+00', 'c79d5177-ab20-4113-a726-e154dd959161', NULL, NULL, 'Woonkamer'),
('0036cc7b-cb7e-4e18-81c1-63a60b413892', '541341d3-6d24-49f5-b3be-aa5c17e444f3', '2024-11-07 01:57:33+00', 'f0998fec-1c2b-440f-bb28-62dd602f210b', NULL, NULL, 'Toilet'),
('f6c844f0-c6bd-4ca3-84bc-a54deff94a10', 'b556e0d3-46c1-44d0-8048-c1e61e189d59', '2024-05-28 13:34:28+00', 'd490fc73-b715-469d-9309-0487e9230082', NULL, NULL, 'Slaapkamer'),
('cfc67ffa-7b2a-4c04-bdfa-21121ee14cbf', '502ce8b5-1637-445c-923d-a634310fa16c', '2024-09-14 12:14:12+00', 'b3955f39-70ae-4850-b160-c7ca4e406189', 'b3955f39-70ae-4850-b160-c7ca4e406189', '2025-04-29 10:00:10+00', 'Keuken'),
('afa3239f-9fdd-41d3-be51-44bff80fd03c', 'a0ed712c-83a6-48a5-9456-2df178403b55', '2024-12-08 23:07:40+00', '582098df-8a51-4005-862a-67ee8dd0ac38', NULL, NULL, 'Toilet'),
('d1551d1c-6067-433a-84bb-03942156a25f', '71f22788-5240-44fa-bee9-546a44f3ec96', '2024-01-03 05:17:06+00', '1ea52d20-c358-4974-b40f-2fcff27411df', NULL, NULL, 'Toilet'),
('6f15ca0b-cdd9-4bed-8843-6ebafe129af6', '3794eef6-7146-4793-a557-387fc6095e1e', '2024-01-04 22:37:50+00', 'edaa561b-c454-4ad2-b746-d8adf4953331', '6f936d5f-8c7f-48b0-b55c-a7c62f265364', '2024-03-15 10:00:10+00', 'Slaapkamer'),
('6c4ecfb9-aa4f-48f1-9d62-5790a24d8ea4', '22ae316d-5721-4133-8ec2-5a14a69186b5', '2025-08-20 02:10:55+00', '97477c18-c2b2-44b4-bf25-c4722af9940b', NULL, NULL, 'Slaapkamer'),
('aeb478e1-ef8c-4f4a-828b-b55a06f514ff', '89de2a69-68a0-48a7-866e-39ce2dd79f00', '2025-03-23 19:33:05+00', '420e549e-aa62-48f9-82a3-d5cfd7d49097', 'd8612372-17ea-47d4-b9b0-a2a65564b309', '2025-07-17 10:00:10+00', 'Badkamer'),
('735e6db0-12c1-4876-b712-441e169ee67f', '23192511-03d3-46a8-af37-bbc06ee9aca3', '2024-09-10 18:33:10+00', '50bbb7be-ecdb-4f02-b2c3-e5a4f646dad1', NULL, NULL, 'Keuken'),
('f7e0a44b-3614-47b9-bc93-13b88f05f109', 'da11f45a-8a1f-436e-80bd-bc48dfbca08d', '2024-04-03 20:41:15+00', '1a5bcdf8-42e2-4071-8182-4642db624b5e', NULL, NULL, 'Badkamer'),
('6d0d71dc-80ac-46d3-98ba-7c0504ac06e3', '9e823891-7e4c-49e0-99af-0b2ecb1579fc', '2024-08-21 04:04:19+00', '5c5be448-bd51-48c7-ab91-eb16f7961ce3', NULL, NULL, 'Keuken'),
('6e82b216-ebcd-46b3-a11a-6f438159cb93', '8aeabe22-f36f-4ed7-b06e-26e16920035f', '2024-11-09 05:57:09+00', '3bd83506-749d-459b-94c1-64578600cffb', NULL, NULL, 'Slaapkamer'),
('5ba6df6c-2cca-4911-bb21-bb9a33584bdc', 'f561dd1d-b31a-4f29-8f60-dc406ffdb5b9', '2024-08-21 01:40:07+00', 'd084ddb4-d6af-44b8-9d1e-147c956e8083', NULL, NULL, 'Toilet'),
('521acbab-fcbb-4b1f-9031-8c9b6ee86f2d', '02c28300-f5a9-4f8f-9bc4-d30de6b12ece', '2025-07-30 12:28:46+00', '6f936d5f-8c7f-48b0-b55c-a7c62f265364', NULL, NULL, 'Badkamer'),
('bc3a9316-5b24-42ed-bc85-f591cc2d12d3', '0a6c41ab-ed58-49d0-a10d-8a48080585b5', '2025-08-30 01:09:09+00', '6c08321a-0a5f-4045-a3cd-4888460591a1', NULL, NULL, 'Slaapkamer'),
('8d436a73-c787-4805-bd00-796d6807c4b6', 'b227b1f7-62b6-4faa-b13f-2af85aedaf4a', '2025-07-17 09:05:05+00', 'c170bbb7-37b3-45d8-8392-fb87a4c36a9b', '9df28abe-9202-4af5-9eb4-695e9c2408bf', '2025-07-27 10:00:10+00', 'Woonkamer'),
('fbe461ea-1aef-4b9f-a34f-615a495b247b', '2610b545-08e9-4dd3-a365-fa0f4cdfa1f8', '2024-02-17 14:49:03+00', '420e549e-aa62-48f9-82a3-d5cfd7d49097', '0651419f-1b75-4fa1-aa0e-394aacb9ac93', '2025-04-15 10:00:10+00', 'Toilet'),
('571a1bc6-0aa0-4b53-a5a4-9bbc50a4776d', '76c9c852-a6bd-4780-ad31-3ba2d918609a', '2024-08-16 21:20:45+00', 'f76c898f-bbb8-4b2a-aed7-bfad1a528ed7', NULL, NULL, 'Badkamer'),
('c5d723e0-b722-4c77-906d-a040107e6129', 'b1b4c789-ce87-4196-b83a-ee0a6a728312', '2025-07-04 00:09:41+00', 'aa61d805-efaf-4273-b14f-54f9e9362604', 'aa61d805-efaf-4273-b14f-54f9e9362604', '2025-08-03 10:00:10+00', 'Woonkamer'),
('6c4ecfb9-aa4f-48f1-9d62-5790a24d8ea4', 'f4e20648-b0c1-4d1a-9eb2-535504ab47db', '2024-03-09 20:30:40+00', '88d4efa5-f87d-4772-8dcf-087d5cf90b8a', NULL, NULL, 'Slaapkamer'),
('0c85fc49-8637-47ca-8c13-9e17963a2462', '402b08c1-e9f0-45a4-a36b-86d3cb03c08f', '2025-09-07 21:12:11+00', 'f76c898f-bbb8-4b2a-aed7-bfad1a528ed7', NULL, NULL, 'Badkamer'),
('9cd910eb-77c5-4887-98f9-d7c880417885', '071c01a5-2ef8-4675-8a53-2b85243a495d', '2025-03-18 15:09:51+00', '6f96e3c9-b622-4515-96b6-9fb26d6d0012', NULL, NULL, 'Keuken'),
('66c65dfb-33b7-48d1-826d-75b67719452c', 'c85255c3-c723-4f2a-aec7-562d8c3f496e', '2025-03-05 18:57:29+00', '2091cb3a-6059-4743-ac79-403916835135', NULL, NULL, 'Keuken'),
('bbf57f65-392c-4b45-882d-ec4c6521eecd', '16aa047e-1f5e-405a-9e3e-d69cf73c5d2f', '2025-05-09 07:02:06+00', 'a87376cb-8026-413c-b5f8-fe2ca553ce47', 'a2260597-0472-405b-b91b-db5f8ddff55c', '2025-06-13 10:00:10+00', 'Woonkamer'),
('db945003-8385-4be2-a296-13cae974c8a6', '2e47461e-3f77-4b28-81a4-91eb96667921', '2025-04-23 01:28:15+00', '46b8580a-e45e-4b6c-85e4-d923613e8eb9', NULL, NULL, 'Slaapkamer'),
('e664418c-54b7-4f75-8417-6dfa78ba747d', '2b473b81-0e5d-4fee-85ed-4b847df97f6f', '2025-01-07 15:33:10+00', '76ef2f81-ffa3-4b56-b73b-e3ae5d093f46', NULL, NULL, 'Badkamer'),
('fbe461ea-1aef-4b9f-a34f-615a495b247b', '3d50831b-7a4d-4f74-9923-143dccb9b4ef', '2024-07-01 12:23:26+00', 'e699f697-374c-4fde-af3a-aa0cb32a6254', NULL, NULL, 'Keuken'),
('0fba42c4-286a-4fe7-a8b1-9c3c78def7a1', '6203c0f0-8c93-4b84-80fd-fa66b60c2bed', '2024-03-28 07:42:00+00', 'b35b7672-2c25-4b5c-8e09-22801b3ba2ff', NULL, NULL, 'Slaapkamer'),
('9b82df9d-3e31-4710-83d7-2056069d018e', 'd9b149a2-5f14-44d1-a2dc-038fe0bc9735', '2024-09-25 06:24:41+00', 'd05dd2e0-d177-46a9-a2f9-78606d037d81', 'a87376cb-8026-413c-b5f8-fe2ca553ce47', '2025-01-25 10:00:10+00', 'Slaapkamer'),
('6e82b216-ebcd-46b3-a11a-6f438159cb93', '8eade97e-374f-404e-8d35-619fbb4700c5', '2025-06-10 18:26:26+00', '3bd83506-749d-459b-94c1-64578600cffb', NULL, NULL, 'Woonkamer'),
('1fca46e4-8543-442a-b7f9-f375038c3cae', '643a39ab-e7c5-4883-bf57-8e972c7e0b01', '2024-09-07 13:59:00+00', '9e3e3a12-871a-4efc-97b1-b1f29ba9c0f3', NULL, NULL, 'Keuken'),
('5443ec05-c98f-4517-a0a8-a56d657a2e14', '6b44cc08-1545-428f-9e45-2265f1a54c33', '2024-10-05 20:27:01+00', 'af36c8bb-83a9-4d48-a7d6-01f3b529e7a2', NULL, NULL, 'Keuken'),
('3ddd4d0e-f0dd-4133-9676-1c495ce8f67e', '8c3692f4-01de-4689-98e3-6b55c8f1c17e', '2024-12-20 20:32:11+00', 'b90ecb9f-1635-454e-bf05-f0e8ebfa9e41', NULL, NULL, 'Toilet'),
('8650dd37-e07c-40bc-845c-6648f17928c1', 'b06bcf54-b767-48ff-b3f4-166076616c3c', '2024-01-26 08:05:35+00', '0402363c-b099-4643-87f7-5e0e40de6f6d', NULL, NULL, 'Keuken'),
('d4deaec5-1257-4073-94de-efc33b9d08ee', '143873fc-2bd5-4e67-ab68-1e7b98c82f06', '2024-08-28 09:02:53+00', '487cd5a0-5ba0-4071-bffe-b52ece181081', '487cd5a0-5ba0-4071-bffe-b52ece181081', '2024-09-20 10:00:10+00', 'Keuken'),
('4bec9d46-9a4f-4940-86ff-70cdba8a37ef', '0ee34143-e705-4e5a-9dc5-2a509b06172c', '2025-04-27 11:32:50+00', '55ea80ec-7043-4e11-a315-1911682bd1bc', NULL, NULL, 'Toilet'),
('237681cd-ecf6-4fbd-96be-724e53c6a935', '3fd338ea-ecbc-425f-98e4-27889624da11', '2024-08-13 19:07:09+00', '14fa3200-6870-4725-856f-21d32c6224df', NULL, NULL, 'Toilet'),
('5a6c4de5-6557-413e-a2bb-a680945c7747', 'ed4150f3-1497-4a52-a571-9dfb68039a91', '2024-07-05 16:41:32+00', 'eb4b8bbd-90af-44a2-b247-3c468d79ecc1', NULL, NULL, 'Badkamer'),
('054a8e0f-40fb-430a-95a8-b05bde8e2090', 'd572c4ec-6e32-4a79-ad55-3c143282d4a3', '2024-10-22 20:48:21+00', 'f796ab33-4c98-4071-b71e-c22ec96d8630', 'dcc1cb4f-21e1-4c95-8831-795135845e13', '2025-06-04 10:00:10+00', 'Badkamer'),
('5afaf04b-fe55-459f-bda1-fd001ad8ce3a', 'c4091664-d8c2-4813-b7e0-fe0522f93c10', '2024-01-31 02:50:07+00', '154cff42-3ee8-423a-a0e5-8bc76da71ae4', 'e1fb6714-5e71-4fde-9f39-600bb65d8e5e', '2024-03-17 10:00:10+00', 'Badkamer'),
('36a24ae3-ed28-4fcb-857f-fd2f4b4f56c2', 'de8cca7b-8416-4970-a924-cd3c7ef23e9c', '2024-11-07 07:17:53+00', '7d43931e-51a3-4e07-9762-b0c2b099f982', NULL, NULL, 'Keuken'),
('23a37bfb-ce32-4674-b855-3443b2171e09', 'bc490050-6248-4290-bc27-355302495996', '2025-08-04 19:33:40+00', 'f76c898f-bbb8-4b2a-aed7-bfad1a528ed7', NULL, NULL, 'Woonkamer'),
('58e104b0-8576-41a4-88be-08718eacacba', '0a87ec85-63c1-454d-a69f-7a589dcf66e4', '2024-11-09 09:06:57+00', '34f90975-9948-4ff7-9df2-6349001d32b8', NULL, NULL, 'Toilet'),
('e0f93798-c428-4d2f-b9a9-d6503e2e2326', 'a2a2fecc-2ab7-466e-9326-7ce4ae54223d', '2024-09-20 05:57:03+00', '1d33267b-7ee6-4688-bb95-bace0ddad92f', NULL, NULL, 'Woonkamer'),
('562c4bbd-16a2-4f6e-8db0-9e5cdc22c8f4', 'eaf85017-3edf-4c93-9797-08dce6381f71', '2024-08-31 03:49:50+00', '893172a9-9f70-40be-8619-af1e52ee3517', 'b809c6ea-11f7-4a30-a837-72e6e2b4b406', '2025-03-05 10:00:10+00', 'Keuken'),
('2fbbc55b-d6cf-43bd-9645-fcfece0664c8', 'a7bca529-d3ba-4a94-bb5b-49542612327f', '2025-06-05 14:07:48+00', 'b809c6ea-11f7-4a30-a837-72e6e2b4b406', NULL, NULL, 'Toilet'),
('d3be80e5-237a-4b78-873e-1cc195f5bd73', '51b2fa0a-31f5-49a3-b757-eab8fd4d565e', '2025-03-23 03:24:26+00', '7b25718b-adda-40b8-8ba4-9f28b313b54d', NULL, NULL, 'Keuken'),
('aed02aba-c392-4372-8402-9268038e32aa', '347fed43-61a6-4285-9e5b-195288edebab', '2024-01-23 10:33:55+00', '66837125-47d5-4091-af54-ee7701d06444', 'd05dd2e0-d177-46a9-a2f9-78606d037d81', '2024-11-08 10:00:10+00', 'Badkamer'),
('b05302f0-1a56-445c-b275-6849f70fb625', '2696e3f1-0b30-41c6-8acf-57a7af9a469b', '2024-05-17 10:05:52+00', '6c1c173f-9ec9-4776-8220-94cf46370609', NULL, NULL, 'Slaapkamer'),
('67c01bc9-35a7-4100-871f-459cfec8b5cb', '0aac9b15-727f-46e8-9970-e7b122734879', '2025-05-19 12:44:01+00', 'd8675391-cd57-4d1b-9660-c18b1116aa43', NULL, NULL, 'Badkamer'),
('5036a089-e9d8-4f10-ac4d-10e235104438', 'f5215b86-4bde-417b-8cf3-06f6286e5dd6', '2024-07-14 09:24:07+00', '9ecb7e02-d621-4cb6-bd21-907db6085548', NULL, NULL, 'Toilet'),
('81331d68-7f17-493b-a0d7-a4f8ce38814c', '2db5f3a8-6da7-4420-ae61-1114e97952f5', '2024-06-17 23:45:46+00', '0f190f46-b388-48dc-b452-95cebe1dfe85', NULL, NULL, 'Slaapkamer'),
('c97d5c73-186c-408f-a8c9-b6c5b947fd05', '1b21260d-0c76-474d-86fd-3f4f07a98444', '2025-03-26 10:56:52+00', 'ed3b7092-2831-41c2-9982-90ec7562a28a', NULL, NULL, 'Toilet'),
('0b2e2eec-199f-40c6-99c6-00ec22e999ac', 'bc135d6e-746c-48be-9a83-6e82148265e2', '2024-06-01 21:20:14+00', '9da1a68c-161a-4cf6-9aed-3aeb0dca81a5', NULL, NULL, 'Woonkamer'),
('3306a033-3149-4b5a-b09f-68d907480ac8', '85a15adc-9517-4527-8d45-de95e5f6ab3d', '2025-03-17 03:13:45+00', '71fdea39-2e00-4dca-b214-29ad3251fae3', 'f796ab33-4c98-4071-b71e-c22ec96d8630', '2025-05-14 10:00:10+00', 'Keuken'),
('5a6c4de5-6557-413e-a2bb-a680945c7747', '7b6809bf-9838-4085-8474-daf9307c7fd1', '2024-05-25 19:38:17+00', 'eb4b8bbd-90af-44a2-b247-3c468d79ecc1', NULL, NULL, 'Toilet'),
('2484c46c-84b1-4243-bf6a-71f2609bc7ad', 'ba879d65-23d8-4098-8be8-aa343ea58820', '2025-05-01 11:58:36+00', '0398e8cc-e0e5-4b66-a796-6c78ad511b9a', '2cb501c7-47bc-45ac-ac8c-486991552b2d', '2025-08-11 10:00:10+00', 'Badkamer'),
('0c85fc49-8637-47ca-8c13-9e17963a2462', '6b13b8b6-64bd-4844-829a-b6949814fee4', '2025-04-30 10:17:03+00', '8e496aa1-47b3-458e-acee-62e4b3e3b94e', NULL, NULL, 'Toilet'),
('d3be80e5-237a-4b78-873e-1cc195f5bd73', 'b1b54fcd-888e-42fe-82a5-80e99140e9c9', '2025-05-06 20:31:08+00', '22c08c0e-22f0-4f2b-9347-e52b07e3f493', NULL, NULL, 'Slaapkamer'),
('28da459a-df68-4b66-ab5e-c462900df5b1', 'ca072a67-d014-4ed6-8f50-0b9b7dc12e25', '2024-03-09 00:12:53+00', '8b0fa65d-106d-45a5-a965-d9b186d3558c', NULL, NULL, 'Toilet'),
('a7533866-36a7-4ffd-b43e-d1bfdc6d31c3', '41c63d02-d018-4df0-baca-1c263146d8c6', '2024-04-04 03:50:05+00', '952a8a36-a986-4ef6-9d43-fddba534b0ed', NULL, NULL, 'Woonkamer'),
('3f39a2eb-1e3c-4bd6-8d5b-c8268ef58627', '5c9bfd84-f8ea-433d-be8d-2b706204bb68', '2025-07-08 09:09:21+00', 'b809c6ea-11f7-4a30-a837-72e6e2b4b406', NULL, NULL, 'Keuken'),
('3de679b9-1354-40ee-85bc-2e1647cd41b0', '9e35a369-b232-44e9-ac00-eb9e4ee0d281', '2024-12-08 18:04:22+00', '9483953b-aabf-40a0-889d-a3e2d018ac63', '861a8b55-a197-48c7-896d-968a19604cf1', '2025-08-12 10:00:10+00', 'Woonkamer'),
('1df88261-dfc1-4004-b25a-b6afcac73feb', '9edb70d2-4c09-49ef-bf30-98cee70c9283', '2024-10-26 14:46:27+00', '7af4c23f-d8dd-45e7-8ade-936a66449ff7', NULL, NULL, 'Badkamer'),
('830faf6d-debf-4fc2-9bcf-23a8360fb0a2', '8c71bd27-1406-4dde-b2dc-e5e9fce4c73a', '2025-08-20 14:09:36+00', '8d1a9ec2-9d9e-4877-a246-1f3406b3ea68', NULL, NULL, 'Badkamer'),
('0036cc7b-cb7e-4e18-81c1-63a60b413892', '47967e9d-15c1-48c0-84ce-b1839fbfcd23', '2024-11-21 07:50:35+00', '2e487439-12fc-49b9-bbf8-ee7d74814da9', NULL, NULL, 'Woonkamer'),
('e3ff21d8-fbaf-460e-9446-5bbe9595d924', '60fac5f5-30d0-40c6-9864-ae6ac0fed5f3', '2025-07-09 07:42:14+00', '73b83f24-4b6a-47e6-8c1e-46312cd03090', NULL, NULL, 'Woonkamer'),
('a2f5c1e7-99b7-4111-92a7-3bf54315e548', '33223ff2-c9b9-4d2a-b2c9-f9b8407ae426', '2025-07-20 14:41:21+00', '131451c5-1136-4cc9-b4ef-878b21594e73', NULL, NULL, 'Slaapkamer'),
('24520628-fc5b-4a55-9a3c-07769f41fbc0', 'e4b61beb-fb6f-4f4b-98b8-405605d33f55', '2025-05-31 05:43:24+00', 'f561d7db-84f2-4a30-affe-1d05d8fb5609', NULL, NULL, 'Badkamer'),
('549b56af-82b8-4431-a29d-834cfb0a5c9e', 'f5ff4e58-12e2-4fc5-aaa8-95bf571dc2cb', '2024-05-16 23:55:04+00', 'd8612372-17ea-47d4-b9b0-a2a65564b309', NULL, NULL, 'Keuken'),
('d8184621-62b5-4296-95be-fcd07c250918', '224aa443-e621-4bdf-aa89-15803cbf5487', '2024-12-20 07:50:24+00', '1ea52d20-c358-4974-b40f-2fcff27411df', NULL, NULL, 'Slaapkamer'),
('11913aa0-6cb6-433e-9b00-9f79b886b9af', '5cac6373-0094-49cf-995d-e684ac1cc597', '2024-06-19 02:51:30+00', '1d33267b-7ee6-4688-bb95-bace0ddad92f', NULL, NULL, 'Woonkamer'),
('19ca822a-fa68-4683-abec-9bdb15b719ac', 'a2141d4b-ed2f-42f5-8bcb-770a8ba030fa', '2025-02-06 09:23:12+00', 'd535f245-7b2a-4223-a38a-859861d2dac1', 'e4f5a9d5-fd61-4fa7-b614-e4b6ac14bab2', '2025-07-07 10:00:10+00', 'Badkamer'),
('41fb668d-01cd-4397-97b6-9c43b0c25c8a', 'aa5e0da2-e0aa-4bae-9f53-a287c82887b7', '2024-08-20 06:24:02+00', '2e74280a-aaab-4e8d-8a15-58fe0b92db82', NULL, NULL, 'Keuken'),
('c152230b-440a-4c29-a7de-38241b45b835', 'a6afdec1-c738-42d1-9760-bd83ed3c9d26', '2024-09-19 12:29:01+00', '3c8a68d1-b03f-4382-b8ef-450e93120f79', NULL, NULL, 'Woonkamer'),
('8d1197d8-b8de-4dd4-b08c-99f95dc72650', 'd2bd327e-5f96-473b-90b2-e1b7a12525ea', '2025-02-13 06:49:56+00', '22c08c0e-22f0-4f2b-9347-e52b07e3f493', NULL, NULL, 'Slaapkamer'),
('bd0a73f5-2d58-41bd-8f3d-a18b0f66d85a', '79c75a76-516e-40c1-aa65-4ed2df7eabe3', '2024-09-19 22:27:51+00', 'c17ff8e7-c3f0-46ba-98e3-90a08f7125af', '893172a9-9f70-40be-8619-af1e52ee3517', '2025-08-27 10:00:10+00', 'Woonkamer'),
('3f39a2eb-1e3c-4bd6-8d5b-c8268ef58627', '709765ba-fcaa-484d-861d-8ada5fc09b02', '2024-12-14 20:01:13+00', 'b809c6ea-11f7-4a30-a837-72e6e2b4b406', NULL, NULL, 'Woonkamer'),
('e5f0c1e3-ddc8-4956-9f1c-715f4579a426', '8480d083-bfc0-4b45-ba51-a504b0a11364', '2024-10-24 15:07:20+00', '63072f2c-11bd-4845-aae7-5ae97e2504e9', NULL, NULL, 'Slaapkamer'),
('f82e0bb9-850b-4800-94ad-10d5097176fb', '57d11fe2-0c1a-416e-8ed7-0be9d625d085', '2025-07-08 10:43:31+00', 'edaa561b-c454-4ad2-b746-d8adf4953331', NULL, NULL, 'Woonkamer'),
('9cd910eb-77c5-4887-98f9-d7c880417885', '22f43ec0-a7d2-48df-bd29-fde003f4d177', '2025-05-06 01:04:52+00', 'af36c8bb-83a9-4d48-a7d6-01f3b529e7a2', '6f96e3c9-b622-4515-96b6-9fb26d6d0012', '2025-07-04 10:00:10+00', 'Slaapkamer'),
('597fd3c9-08f2-4979-8142-278ee04d4dd3', '98170aa0-5ac1-4047-aacf-5b55c62f8a83', '2024-01-25 08:03:12+00', '213f77f3-5314-4ccd-b6fe-8561a6aa43ce', NULL, NULL, 'Woonkamer'),
('f6c844f0-c6bd-4ca3-84bc-a54deff94a10', '39d6ee34-1362-4523-91dd-400f590f61b4', '2024-12-18 11:11:01+00', 'd490fc73-b715-469d-9309-0487e9230082', NULL, NULL, 'Toilet'),
('24520628-fc5b-4a55-9a3c-07769f41fbc0', 'b6fbe431-8ac0-49cc-ab20-b90ac51636ea', '2025-07-20 11:00:42+00', 'edaa561b-c454-4ad2-b746-d8adf4953331', NULL, NULL, 'Badkamer'),
('aeb478e1-ef8c-4f4a-828b-b55a06f514ff', '14c71064-d5d7-4da2-9592-cb0b7a7e459b', '2025-09-08 17:07:21+00', '9e3e3a12-871a-4efc-97b1-b1f29ba9c0f3', NULL, NULL, 'Keuken'),
('6fd4c9a8-1135-4f7e-b6a7-16e2114384cd', '4ecee0c9-fd5a-4fd5-94f7-6b20b4a1c336', '2025-07-05 21:50:41+00', 'e699f697-374c-4fde-af3a-aa0cb32a6254', NULL, NULL, 'Keuken'),
('effde14a-3128-4d48-a789-efc05c4bdee7', 'fae2cd00-2028-4221-a726-f76c46e473ea', '2024-10-03 04:37:45+00', '2b0aefb6-79c7-441c-9376-e456db19b50b', NULL, NULL, 'Badkamer'),
('01a4b588-79a4-4f8a-a30a-390fce380e83', '2e7ff669-b54e-435e-ae70-78181f121a6a', '2024-12-21 07:17:23+00', 'eb4b8bbd-90af-44a2-b247-3c468d79ecc1', 'eb4b8bbd-90af-44a2-b247-3c468d79ecc1', '2025-02-22 10:00:10+00', 'Toilet'),
('0a4061f9-5055-4a07-9c87-06bb1de506f0', '2ad22b87-e5a1-4792-8667-30a3a7c7b7e4', '2024-10-06 08:22:11+00', '1a5bcdf8-42e2-4071-8182-4642db624b5e', NULL, NULL, 'Toilet'),
('81331d68-7f17-493b-a0d7-a4f8ce38814c', '88350486-37ea-4c9d-92c3-e24f83382837', '2024-10-03 11:05:44+00', '7d43931e-51a3-4e07-9762-b0c2b099f982', NULL, NULL, 'Slaapkamer'),
('20670eaa-660c-404c-bee3-b2356d2e185f', 'f9f7fcb3-b33d-44eb-84db-1296e074b713', '2025-02-14 02:16:46+00', '709a6309-4731-488c-82a2-c32cd9260882', NULL, NULL, 'Badkamer'),
('df6debc4-015f-4189-b101-b12fcbaf196d', '318f4762-e58b-42f9-a292-c4c0d0d4723b', '2025-02-11 09:07:10+00', '7e5689b4-d597-4769-a887-5792ec1a8fe2', NULL, NULL, 'Toilet'),
('c15ba3fc-c7d6-4af9-969d-41aebe28cba6', '964cfb6e-adce-492c-bdb4-1e97ad680019', '2024-06-23 20:24:50+00', 'd0477f56-cec9-4dab-b9a3-6cde87c7815c', NULL, NULL, 'Slaapkamer'),
('d1551d1c-6067-433a-84bb-03942156a25f', '9c7671dc-aba9-4d26-b36c-c676836d488e', '2025-07-08 03:01:07+00', 'c1a7d244-a452-4f86-8a36-1d543b862a38', NULL, NULL, 'Keuken'),
('b072f5e9-b85a-4c3b-ae67-afc6aa4c2d62', '67b70e79-78b2-4833-b4f2-9ed1a1fded03', '2025-01-23 09:27:52+00', '457802bc-f76f-42f1-b12a-32dcc41608a2', '34f90975-9948-4ff7-9df2-6349001d32b8', '2025-08-11 10:00:10+00', 'Woonkamer'),
('b3479f72-630c-412e-bb29-6f124265dddd', '7198dc08-efb8-4c5d-8dda-8f90c901d974', '2024-03-19 02:01:08+00', '00605cea-415b-4100-a0eb-54f9221bad05', NULL, NULL, 'Woonkamer'),
('29ec1fb8-70c8-48d8-ab8d-9b231b45bc4c', 'ea4f9297-61ca-466e-ab83-cdc6737ee823', '2024-08-10 20:56:30+00', 'bd293ec5-b29b-4ed5-a9de-113859d216bc', NULL, NULL, 'Badkamer'),
('6fd4c9a8-1135-4f7e-b6a7-16e2114384cd', 'ef611dab-deb6-4076-9878-727180309b83', '2024-05-22 16:27:07+00', 'd8e2904e-2136-4c14-aedd-e1c820853dd3', NULL, NULL, 'Keuken'),
('b8922381-6ed4-485e-9fd1-fec851b07bbf', 'b4422526-4571-4235-bd8b-e45751b7baca', '2025-01-13 22:35:39+00', '50bbb7be-ecdb-4f02-b2c3-e5a4f646dad1', NULL, NULL, 'Woonkamer'),
('054a8e0f-40fb-430a-95a8-b05bde8e2090', '77714fd7-3ce2-46d8-a15f-a32687c4153e', '2025-07-03 13:42:58+00', 'f796ab33-4c98-4071-b71e-c22ec96d8630', NULL, NULL, 'Woonkamer'),
('8cb485ef-01bb-4b4b-b1b8-ca92d56fa411', 'c9f00350-f91c-485d-8b04-e71b01aca8c2', '2025-04-05 04:59:19+00', '00605cea-415b-4100-a0eb-54f9221bad05', '709a6309-4731-488c-82a2-c32cd9260882', '2025-05-28 10:00:10+00', 'Badkamer'),
('28da459a-df68-4b66-ab5e-c462900df5b1', 'ec978a45-2504-4267-a0d2-83d845aa2479', '2025-08-29 23:01:20+00', '8a99fad2-0537-4017-b282-4f85ce643131', NULL, NULL, 'Badkamer'),
('f2b674e6-1ff0-49c6-b8ea-2972a71084a2', 'afa6757c-ea24-4af1-a926-db34de139e25', '2025-02-01 20:14:32+00', 'f796ab33-4c98-4071-b71e-c22ec96d8630', NULL, NULL, 'Keuken'),
('03536e8d-cd98-4fc8-a2a9-d73383657dda', '39903a32-b51e-4b12-97ce-9d1a2ddf73c2', '2025-01-17 19:45:03+00', '71fdea39-2e00-4dca-b214-29ad3251fae3', NULL, NULL, 'Toilet'),
('571a1bc6-0aa0-4b53-a5a4-9bbc50a4776d', 'c6a16ead-5c15-4de3-94de-407f3508de85', '2025-01-05 11:45:06+00', '7669a53f-b3bf-4e08-9d8e-d07bb348b7f9', NULL, NULL, 'Woonkamer'),
('d4deaec5-1257-4073-94de-efc33b9d08ee', '0b4af953-f024-4c57-9670-8474ba4023ef', '2024-07-23 09:27:27+00', 'bdbfd135-78f2-4078-a2b2-4899a6e08fd7', NULL, NULL, 'Keuken'),
('2fbbc55b-d6cf-43bd-9645-fcfece0664c8', 'f70e66f9-99b5-4658-b0a0-2750e9a4c881', '2024-11-21 08:20:11+00', '91c8b514-3680-4144-b86b-ac78fc50dfd4', NULL, NULL, 'Badkamer'),
('cfc57a44-2845-45bb-a8c1-00d656a4b6eb', 'c1c407f3-f03d-40f1-b9d8-f18e57772ae4', '2024-10-03 09:31:10+00', '154cff42-3ee8-423a-a0e5-8bc76da71ae4', NULL, NULL, 'Keuken'),
('d9e6c7c8-eeb5-4619-9a69-c7bc7cdffba9', '04f183c9-5486-4fc9-8e8f-b84715c893cc', '2025-08-07 15:33:22+00', 'a87376cb-8026-413c-b5f8-fe2ca553ce47', NULL, NULL, 'Woonkamer'),
('b88cfdcb-1994-4c4f-bd32-4375f1e55cab', '6337fa17-800e-4d26-9787-f3a2f6f5fcf9', '2025-01-12 09:08:15+00', '24d56966-c550-4393-be5c-abd22fc247c4', NULL, NULL, 'Slaapkamer'),
('6ff28912-add6-4ada-857d-338e6b86092f', '181cec42-d7c0-4f24-ba20-24154f762d65', '2024-10-20 13:02:57+00', 'b809c6ea-11f7-4a30-a837-72e6e2b4b406', NULL, NULL, 'Slaapkamer'),
('735e6db0-12c1-4876-b712-441e169ee67f', 'c19f00f6-0487-4836-b04b-0257b9cfd118', '2024-11-06 11:51:18+00', '7215f34e-dcf9-443c-9657-4ac827f53b8a', NULL, NULL, 'Woonkamer'),
('64c99c57-98e4-4a0f-a50e-f69c177501fa', 'ed9efffc-3f41-4fb2-aee3-851eb81dc177', '2025-05-22 19:34:08+00', '88d4efa5-f87d-4772-8dcf-087d5cf90b8a', 'eb936988-d155-4049-a37d-b2e80b5d49fb', '2025-08-29 10:00:10+00', 'Badkamer'),
('03ce44df-48bd-47ea-b55d-772dc60bf690', 'dbe0b3d5-4c1d-4013-b997-daba59587443', '2024-05-24 00:58:43+00', '3f4595a6-42f3-42d9-b10f-6111e8e68fd2', NULL, NULL, 'Badkamer'),
('96164a86-bb8c-4786-a0c7-79bfa041144c', 'b03557c7-67a0-4135-9ff7-412052c4196e', '2024-01-22 16:59:05+00', 'fe20b3be-fd2d-480d-8560-bd5c367b5c71', NULL, NULL, 'Toilet'),
('c15ba3fc-c7d6-4af9-969d-41aebe28cba6', '1ad4c028-37eb-4861-b848-ef697b1a8f8e', '2025-01-24 05:14:20+00', '76c88536-57ee-4e68-af48-ff0c88a4fb04', NULL, NULL, 'Woonkamer'),
('2daa3ce9-62d1-48a8-809c-9b8a0038d4f0', 'ea29a5d1-4c34-4b7b-86a5-ad1c18993e0e', '2025-04-05 14:51:17+00', '457802bc-f76f-42f1-b12a-32dcc41608a2', NULL, NULL, 'Woonkamer'),
('20670eaa-660c-404c-bee3-b2356d2e185f', '28fe8ef9-ecfc-4c34-9e77-18a242cfd714', '2024-12-15 11:44:38+00', '00605cea-415b-4100-a0eb-54f9221bad05', NULL, NULL, 'Badkamer'),
('e7e8fc38-d30e-40bd-8bc9-48d7fe93c72e', 'f4b164bb-9127-49d7-9cd0-69d7403f2bed', '2024-07-23 08:15:03+00', '2f2dd96e-cd08-4101-bbe9-95d6ca807473', NULL, NULL, 'Keuken'),
('53e07f6c-0ea3-4851-80d1-762cc5cdccc1', 'f30fae85-f4f4-4902-862f-5caad990d53b', '2025-05-12 03:44:10+00', '9ecb7e02-d621-4cb6-bd21-907db6085548', NULL, NULL, 'Toilet'),
('9b82df9d-3e31-4710-83d7-2056069d018e', '6b39fa90-a4b6-45df-bfd7-8a6d36313e52', '2024-11-22 01:22:01+00', 'e4f5a9d5-fd61-4fa7-b614-e4b6ac14bab2', NULL, NULL, 'Badkamer'),
('76ccb264-5b25-4c3b-bcbe-74004e2e9975', '138213b5-50af-4f2d-b0be-1e10a129e01a', '2024-07-26 19:52:41+00', '91c8b514-3680-4144-b86b-ac78fc50dfd4', NULL, NULL, 'Toilet'),
('571a1bc6-0aa0-4b53-a5a4-9bbc50a4776d', 'a3290c9a-a0c3-4337-b6c2-cb6d9e192acd', '2025-05-10 06:00:57+00', 'ff3831d0-68a9-4422-adcf-bf5c7ef3f956', NULL, NULL, 'Toilet'),
('f752a380-8eb6-4c18-9c97-21bea55741cf', '9ceb64c3-732d-459f-b054-baef70afe1fd', '2024-01-19 15:44:58+00', 'e1fb6714-5e71-4fde-9f39-600bb65d8e5e', NULL, NULL, 'Toilet'),
('9b82df9d-3e31-4710-83d7-2056069d018e', 'c8c802d8-1c87-4351-bb27-2f079adf0fee', '2025-05-20 09:27:55+00', 'e4f5a9d5-fd61-4fa7-b614-e4b6ac14bab2', NULL, NULL, 'Badkamer'),
('571a1bc6-0aa0-4b53-a5a4-9bbc50a4776d', 'da006516-4dcf-4187-bbdd-e433684cf9f9', '2024-11-28 08:57:12+00', 'aee337bd-92d3-4b43-a9db-f819037486d5', '1defc4dc-71b7-4475-8560-7bbc2ad4c06e', '2025-02-17 10:00:10+00', 'Toilet'),
('ef8fe323-7a0e-444e-8abb-02e9f7b219cc', 'd22d7b22-6d68-4871-9c7c-89f07fa530f7', '2025-07-30 04:08:23+00', 'edaa561b-c454-4ad2-b746-d8adf4953331', 'edaa561b-c454-4ad2-b746-d8adf4953331', '2025-08-18 10:00:10+00', 'Keuken'),
('1d9f27a9-606a-45ac-aef3-2fafb9954a5e', '32de12c8-a279-4edb-9d0c-d5dbf100b674', '2025-04-20 10:41:01+00', '66837125-47d5-4091-af54-ee7701d06444', '9dc28db1-99de-4a28-8d3b-bc9c8885e9e5', '2025-06-16 10:00:10+00', 'Slaapkamer'),
('e0aa2d38-d74f-4c7f-889f-ca33fa0fbb1a', 'f00c241e-c56e-4a00-8981-e0e83f941511', '2025-08-09 18:33:36+00', '213f77f3-5314-4ccd-b6fe-8561a6aa43ce', NULL, NULL, 'Slaapkamer'),
('cfc67ffa-7b2a-4c04-bdfa-21121ee14cbf', '171abc75-f351-40b2-8a04-d033dd984083', '2025-08-03 20:49:32+00', 'b3955f39-70ae-4850-b160-c7ca4e406189', NULL, NULL, 'Badkamer'),
('5ba6df6c-2cca-4911-bb21-bb9a33584bdc', 'f47a44ad-8afb-4e65-b2cc-2007496e34b4', '2025-03-15 20:28:27+00', 'c79d5177-ab20-4113-a726-e154dd959161', NULL, NULL, 'Slaapkamer'),
('0b5b8829-1146-4a5e-b99b-7a9078d27143', 'c436f291-c6ba-49e9-982c-455a4f2ea63f', '2024-03-30 10:36:54+00', '6f96e3c9-b622-4515-96b6-9fb26d6d0012', NULL, NULL, 'Woonkamer'),
('054a8e0f-40fb-430a-95a8-b05bde8e2090', '90a94010-4ea0-4da5-8e0d-97eff8d56364', '2025-08-23 11:28:03+00', '71fdea39-2e00-4dca-b214-29ad3251fae3', NULL, NULL, 'Toilet'),
('8cb485ef-01bb-4b4b-b1b8-ca92d56fa411', '7d146071-9d7d-4d67-b9b5-8d81501bfda4', '2025-02-02 16:35:35+00', 'be86f8c4-2d4f-424d-aa32-1239c4a3aa68', NULL, NULL, 'Keuken'),
('5a6c4de5-6557-413e-a2bb-a680945c7747', 'b14360d8-31cc-4549-9c5e-b011f7a18495', '2025-04-04 13:25:42+00', 'eb4b8bbd-90af-44a2-b247-3c468d79ecc1', 'd084ddb4-d6af-44b8-9d1e-147c956e8083', '2025-05-25 10:00:10+00', 'Badkamer'),
('df6debc4-015f-4189-b101-b12fcbaf196d', '6551b06b-255a-4b05-9f68-be7d78fe1a8c', '2024-11-26 22:03:45+00', 'afb3ab27-cad2-4dbe-8b03-c360b23880cc', NULL, NULL, 'Keuken'),
('2b55f4d7-c407-4183-9659-a53b8a3dd07a', '3a903ad3-1bc3-435a-97b0-8a91f5eac104', '2025-08-01 01:04:52+00', '73a3f2cd-1023-4404-ba7a-483149cb7350', NULL, NULL, 'Keuken'),
('5ba6df6c-2cca-4911-bb21-bb9a33584bdc', '900ffac1-fcec-4cba-af4d-84b1c0d13304', '2024-08-13 07:26:59+00', 'c79d5177-ab20-4113-a726-e154dd959161', 'c79d5177-ab20-4113-a726-e154dd959161', '2025-01-09 10:00:10+00', 'Keuken'),
('cfc67ffa-7b2a-4c04-bdfa-21121ee14cbf', '5235eb90-5e8c-4da2-bdcf-eec699e0295c', '2024-06-24 09:23:14+00', 'c17ff8e7-c3f0-46ba-98e3-90a08f7125af', NULL, NULL, 'Keuken'),
('5e5ae048-8322-45d2-9542-89dfb0b18feb', '558c18f7-5df2-4b38-abf6-6490b4e41af0', '2024-05-22 08:56:57+00', 'd05dd2e0-d177-46a9-a2f9-78606d037d81', NULL, NULL, 'Woonkamer'),
('09f20de2-b8fe-4f96-8607-0839621a38ee', '3022b383-db84-4381-835e-f382a9840436', '2025-05-03 15:56:28+00', '709a6309-4731-488c-82a2-c32cd9260882', NULL, NULL, 'Toilet'),
('19ca822a-fa68-4683-abec-9bdb15b719ac', 'c27bd3cc-44ee-4e64-991a-6203d9f423c0', '2024-06-27 11:31:48+00', 'e4f5a9d5-fd61-4fa7-b614-e4b6ac14bab2', NULL, NULL, 'Badkamer'),
('d4deaec5-1257-4073-94de-efc33b9d08ee', 'fe160276-bbfc-48ce-9cc7-52acb01f8228', '2025-02-10 22:35:10+00', 'f796ab33-4c98-4071-b71e-c22ec96d8630', NULL, NULL, 'Toilet'),
('db854af9-880b-4aeb-9db8-2694d9bf2730', '1864ce6a-32cb-45e9-ae08-e15a164497a8', '2024-07-10 17:51:03+00', '7b25718b-adda-40b8-8ba4-9f28b313b54d', '9b592950-c21d-4d53-8a94-9ecb3492be59', '2025-08-30 10:00:10+00', 'Keuken'),
('24204c4c-875f-4edb-befc-138ee8f3d5ff', '62eae8b4-e62b-4159-927a-8457163e0046', '2024-10-22 13:18:19+00', '91c8b514-3680-4144-b86b-ac78fc50dfd4', NULL, NULL, 'Toilet'),
('6d3886c7-b282-403b-aa10-a069af008c3b', 'c83da9f9-66fa-4206-97f4-67764390fd74', '2025-03-24 22:50:08+00', '8d1a9ec2-9d9e-4877-a246-1f3406b3ea68', NULL, NULL, 'Slaapkamer'),
('e09261ac-5b07-4d85-ab0a-c220fe476bdd', 'c597f3d1-b455-4394-986d-222aa2688d50', '2025-04-09 03:01:28+00', 'ed3b7092-2831-41c2-9982-90ec7562a28a', NULL, NULL, 'Woonkamer'),
('7ab9bc93-aabe-4d26-bc0e-720da589a234', '719c64eb-edf4-4b7e-997f-0f5d92f52daf', '2025-07-22 20:37:33+00', '8d1a9ec2-9d9e-4877-a246-1f3406b3ea68', NULL, NULL, 'Keuken'),
('a7533866-36a7-4ffd-b43e-d1bfdc6d31c3', '3345dde9-1755-407c-9016-1fee64890e9a', '2024-03-06 06:18:36+00', '0225f4be-0dd5-4a59-9bb8-a187c4a0390f', NULL, NULL, 'Slaapkamer'),
('e0f93798-c428-4d2f-b9a9-d6503e2e2326', 'a6e54d5c-bfda-4b9e-bfc6-4e38cd4b4efb', '2025-07-29 16:20:23+00', '14fa3200-6870-4725-856f-21d32c6224df', '2f2dd96e-cd08-4101-bbe9-95d6ca807473', '2025-09-02 10:00:10+00', 'Toilet'),
('77c1cea0-57a3-4f39-ae79-12c349a18005', '76ad288c-949d-4643-b97d-04dfb9a94823', '2025-01-12 06:01:14+00', '51461953-1fde-4573-b50c-98790c69b8bc', '4396c3c4-17e8-461c-8e5f-f4bbd1f1f140', '2025-04-26 10:00:10+00', 'Slaapkamer'),
('40390e73-f703-4933-a187-17e1dc496b75', '2ecae0b5-1234-449a-9c9c-d2cd410aa3a2', '2024-12-03 05:31:06+00', '66837125-47d5-4091-af54-ee7701d06444', NULL, NULL, 'Badkamer'),
('24204c4c-875f-4edb-befc-138ee8f3d5ff', '59ea1edb-fb46-4724-89cf-5165b15c0977', '2024-06-01 01:48:55+00', 'aa61d805-efaf-4273-b14f-54f9e9362604', 'b90ecb9f-1635-454e-bf05-f0e8ebfa9e41', '2025-05-30 10:00:10+00', 'Toilet'),
('3f39a2eb-1e3c-4bd6-8d5b-c8268ef58627', 'b1c5dad2-91cc-4e4b-8870-dd9960bec9db', '2025-04-27 19:21:52+00', 'b3955f39-70ae-4850-b160-c7ca4e406189', NULL, NULL, 'Slaapkamer'),
('24520628-fc5b-4a55-9a3c-07769f41fbc0', '99b78cbf-9b1c-4782-b6fa-9b6c55e5bd7c', '2024-07-15 14:59:56+00', 'f561d7db-84f2-4a30-affe-1d05d8fb5609', NULL, NULL, 'Badkamer'),
('6ef86c13-8a2b-4fc8-a49b-4d001b836ff1', '1fb33eb7-5a4a-4cfa-8275-61ecf416511e', '2024-02-16 13:49:45+00', '8d1a9ec2-9d9e-4877-a246-1f3406b3ea68', '0f190f46-b388-48dc-b452-95cebe1dfe85', '2025-06-17 10:00:10+00', 'Keuken'),
('8846817c-5f95-458f-9241-af325c22797d', 'ce291429-010f-4cc8-b7c5-02e35645c777', '2025-04-18 23:31:51+00', '57d8d89a-6b33-4c12-8665-ab0482be16b2', NULL, NULL, 'Badkamer'),
('85ba618c-27cb-41cf-99a8-3dc0b370f60f', 'ae4dbe0d-5478-426d-a9a7-9f2ab7f99a6a', '2024-04-30 21:19:07+00', 'a87376cb-8026-413c-b5f8-fe2ca553ce47', 'f4c93670-a460-48b2-b06d-1ade4f612bb4', '2024-06-08 10:00:10+00', 'Badkamer'),
('e09261ac-5b07-4d85-ab0a-c220fe476bdd', '2e6e7114-d2cd-4284-89d6-605b6f5db4e0', '2025-01-28 07:06:00+00', 'ed3b7092-2831-41c2-9982-90ec7562a28a', NULL, NULL, 'Toilet'),
('15584dad-0ac7-4d2f-bc0d-2a97ca2ca991', '4ef63c84-c50e-42b9-aa74-036d264dc5f0', '2025-01-16 17:14:59+00', 'be86f8c4-2d4f-424d-aa32-1239c4a3aa68', NULL, NULL, 'Slaapkamer'),
('f82e0bb9-850b-4800-94ad-10d5097176fb', '76f35017-fc80-45b3-a2c5-2e56164b0a35', '2025-03-20 21:00:44+00', 'f561d7db-84f2-4a30-affe-1d05d8fb5609', NULL, NULL, 'Slaapkamer'),
('10809d91-8402-4001-8d97-ce4025471b3a', '6280775a-6cd2-49f5-a7ff-f3edd27fa602', '2024-10-14 03:53:57+00', 'f796ab33-4c98-4071-b71e-c22ec96d8630', NULL, NULL, 'Badkamer'),
('d4deaec5-1257-4073-94de-efc33b9d08ee', '7fbda964-8100-444c-8e32-1a757a16218a', '2024-04-02 17:12:50+00', '8110f5d3-d5a5-417f-b623-d62712712711', NULL, NULL, 'Toilet'),
('94a7f03e-f889-46dd-9216-f92eddf0e1f7', 'cad42cfd-131b-440f-a66c-31f680ee9a8a', '2024-09-26 16:56:57+00', 'b93ba2d4-ca5c-41ce-8817-f3b9dae568ed', NULL, NULL, 'Woonkamer'),
('9d9f079f-2c14-42df-a56e-d9c0d5b8251e', 'dd71ec36-7fac-4c3a-adda-b947134a5a14', '2024-05-17 23:07:30+00', '73a3f2cd-1023-4404-ba7a-483149cb7350', NULL, NULL, 'Woonkamer'),
('6f15ca0b-cdd9-4bed-8843-6ebafe129af6', '15f2527c-4abf-432c-b3b5-91a2d10cf792', '2025-07-18 19:50:25+00', '2e487439-12fc-49b9-bbf8-ee7d74814da9', NULL, NULL, 'Woonkamer'),
('ff0d5282-3e09-47ac-ad3a-d1ab771d3976', '7140d54a-2216-418a-9e73-af52c96c8b98', '2025-06-23 10:01:21+00', '7ef55932-da50-4d98-b436-5248e183277b', NULL, NULL, 'Keuken'),
('a2f5c1e7-99b7-4111-92a7-3bf54315e548', '8d6e22c9-ff4b-44c8-96f8-80fb6e5561bf', '2024-11-08 07:30:44+00', '8c2b8bb1-0aec-4e5b-97b9-11f49e71579f', NULL, NULL, 'Keuken'),
('4c576015-b5d1-4204-b93d-fcf7af321d1c', 'fc145a6c-e8b6-456c-b578-98a9d7573726', '2024-08-09 12:34:07+00', 'b741a4d3-d545-438f-88df-c750685661d9', NULL, NULL, 'Badkamer'),
('c4eff1d7-470a-4ef2-9201-ad7048650ab5', '11cd25da-8d33-4d88-87cd-a519dfafea07', '2024-11-18 14:18:42+00', 'e53b8711-5481-4375-86f5-44e88c923d4e', NULL, NULL, 'Woonkamer'),
('4bec9d46-9a4f-4940-86ff-70cdba8a37ef', '853cc356-d552-4526-a714-177b7b921377', '2024-11-18 23:39:09+00', 'b7a08e12-ce1b-4276-ac09-9518d35cf35e', NULL, NULL, 'Keuken'),
('d199c282-e843-4cc3-97fa-d134b2852afa', 'f42122ce-8dc0-49f3-8a34-528ef6c2c1b1', '2024-10-10 06:49:13+00', '131451c5-1136-4cc9-b4ef-878b21594e73', NULL, NULL, 'Woonkamer'),
('4c2c1dcc-6b54-4c79-a274-aeb8226ad433', '13c411f9-f93c-4189-8991-54b279af9bcc', '2024-10-09 12:03:14+00', '3f6ce485-b223-46cf-8917-eff89269a662', NULL, NULL, 'Toilet'),
('b5082c6f-9817-4b74-8d0e-087e72406452', 'f84d024b-0826-4769-a7d5-4c03e679633e', '2024-10-25 01:03:19+00', '2b74f146-46e2-4115-8ffc-42d839ee98bd', NULL, NULL, 'Slaapkamer'),
('6242eaa7-db04-48ca-8a7a-45e6f0a19245', 'bafec473-0967-4135-afe4-0460a6ab9d25', '2025-09-07 22:31:36+00', '20cd5a8c-859a-46cc-b29e-8eccf67a6381', 'eb4b8bbd-90af-44a2-b247-3c468d79ecc1', '2025-09-09 10:00:10+00', 'Keuken'),
('4ffdf0a8-1f25-4e40-b657-bf7a356af9d4', 'd7ba192b-3768-44a1-a406-f3b32b786954', '2025-09-04 22:58:00+00', '213f77f3-5314-4ccd-b6fe-8561a6aa43ce', NULL, NULL, 'Woonkamer'),
('36a24ae3-ed28-4fcb-857f-fd2f4b4f56c2', 'e308aecd-88df-483b-b019-4e3ee729d205', '2024-08-28 14:43:39+00', '8d1a9ec2-9d9e-4877-a246-1f3406b3ea68', NULL, NULL, 'Woonkamer'),
('9968ab9a-5185-4370-b673-7b887eef3daa', '7ab01c87-16f9-4ac5-8e86-ac2be0cb35c6', '2025-04-17 11:21:18+00', '00605cea-415b-4100-a0eb-54f9221bad05', '73b83f24-4b6a-47e6-8c1e-46312cd03090', '2025-05-12 10:00:10+00', 'Slaapkamer'),
('40390e73-f703-4933-a187-17e1dc496b75', '593e387f-7508-45c4-ac3f-4e206bf3e320', '2025-02-17 07:00:39+00', '63072f2c-11bd-4845-aae7-5ae97e2504e9', NULL, NULL, 'Woonkamer'),
('3ddd4d0e-f0dd-4133-9676-1c495ce8f67e', '91609255-87dd-4664-aff6-7b6718addd48', '2025-08-22 03:18:19+00', '91c8b514-3680-4144-b86b-ac78fc50dfd4', NULL, NULL, 'Badkamer'),
('562c4bbd-16a2-4f6e-8db0-9e5cdc22c8f4', 'cc82b6d0-7c81-4153-abd8-2cd6fa61129e', '2025-03-02 21:26:21+00', 'c17ff8e7-c3f0-46ba-98e3-90a08f7125af', NULL, NULL, 'Toilet'),
('940b1e2d-9f05-4a99-93cb-8cecc5af5465', 'a92488ad-d8c6-4031-8315-84b9f9b9ca75', '2024-04-09 07:56:06+00', 'bf15d18d-141e-494f-97e4-f54a961821f9', NULL, NULL, 'Woonkamer'),
('9b82df9d-3e31-4710-83d7-2056069d018e', 'ca38a449-4bf9-47a9-b50b-921b5ca86f49', '2025-01-11 21:26:54+00', '10270f41-8d77-4049-aaad-949f538970dd', '9dc28db1-99de-4a28-8d3b-bc9c8885e9e5', '2025-01-23 10:00:10+00', 'Woonkamer'),
('33fbfadb-4502-43ee-87c0-c1faa1e6025d', 'a1fc81e3-4653-443f-b059-76174c544545', '2025-06-01 08:43:16+00', 'd05dd2e0-d177-46a9-a2f9-78606d037d81', 'f4c93670-a460-48b2-b06d-1ade4f612bb4', '2025-09-02 10:00:10+00', 'Toilet'),
('2fbbc55b-d6cf-43bd-9645-fcfece0664c8', '8ee3694b-38b6-4707-a866-b2671250aaf0', '2025-01-06 21:26:33+00', '3b474b0e-9bad-4ef4-b474-121b700ea9cb', NULL, NULL, 'Toilet'),
('2eee6159-d2f8-48fe-b628-6e51282f5022', 'c1d4499a-6c23-4b5f-a3a0-5561708699b3', '2024-10-21 09:52:41+00', 'db615c7e-35d3-46b6-8653-f261c8adc66f', 'd8612372-17ea-47d4-b9b0-a2a65564b309', '2025-03-29 10:00:10+00', 'Toilet'),
('1ab7329b-d94d-4766-bb91-4f181aee89e1', '4b4f4124-c619-4c69-888a-dc9297627cfd', '2025-05-23 20:10:35+00', 'c79d5177-ab20-4113-a726-e154dd959161', NULL, NULL, 'Badkamer'),
('830faf6d-debf-4fc2-9bcf-23a8360fb0a2', '91c769cb-cf34-4d52-92ea-658ddf492f63', '2024-01-18 22:13:14+00', 'f2240e4c-bff4-4324-908e-f6b604eb951c', NULL, NULL, 'Woonkamer'),
('03536e8d-cd98-4fc8-a2a9-d73383657dda', '013429bc-f504-4598-b780-8f097c84e728', '2024-09-21 23:07:31+00', '71fdea39-2e00-4dca-b214-29ad3251fae3', NULL, NULL, 'Toilet'),
('456e65be-d1f9-4b9a-aa28-902f2254150f', '5e149657-0e9a-4594-bc6e-06c9103a127f', '2025-03-12 08:39:33+00', 'c720f0a2-3944-4c83-8cf4-5daa37d930d8', NULL, NULL, 'Woonkamer'),
('b00840e5-50c8-47f4-8cc2-d6c38e45b1ba', 'a5a74b62-8adc-466c-97cd-756fa1505cea', '2024-02-12 13:07:08+00', '7215f34e-dcf9-443c-9657-4ac827f53b8a', '23cdfad8-066c-4e6c-a18a-232759a6a877', '2024-10-10 10:00:10+00', 'Slaapkamer'),
('571a1bc6-0aa0-4b53-a5a4-9bbc50a4776d', 'cad115dd-a258-4875-a569-eea28061c8e7', '2024-11-04 06:55:51+00', '77f38379-1552-4652-8e2d-7e0a8cea379c', NULL, NULL, 'Woonkamer'),
('9cd910eb-77c5-4887-98f9-d7c880417885', 'ee592001-0dd8-4520-a07b-ec339d60c405', '2025-04-03 07:21:46+00', '582098df-8a51-4005-862a-67ee8dd0ac38', NULL, NULL, 'Toilet'),
('9b82df9d-3e31-4710-83d7-2056069d018e', 'de0308dd-62e3-45af-bb73-c37947f0952d', '2024-10-01 05:23:11+00', 'a87376cb-8026-413c-b5f8-fe2ca553ce47', 'e4f5a9d5-fd61-4fa7-b614-e4b6ac14bab2', '2025-02-02 10:00:10+00', 'Slaapkamer'),
('59c16737-cf19-4fd6-aa9a-e1c175d90966', '0828e714-4b34-4595-8288-277018ad16c9', '2025-08-14 06:32:51+00', '6f936d5f-8c7f-48b0-b55c-a7c62f265364', NULL, NULL, 'Toilet'),
('6eddb11d-8c95-4a30-9793-a77b7fafb464', '367dda09-301c-4ee3-bb7a-a3b44e74b65f', '2024-12-29 18:36:27+00', '1a5bcdf8-42e2-4071-8182-4642db624b5e', NULL, NULL, 'Keuken'),
('b05302f0-1a56-445c-b275-6849f70fb625', '0f99cb7c-9c74-4d98-a851-7990ec73e3ba', '2024-07-22 18:05:11+00', '50bbb7be-ecdb-4f02-b2c3-e5a4f646dad1', '50bbb7be-ecdb-4f02-b2c3-e5a4f646dad1', '2024-11-07 10:00:10+00', 'Badkamer'),
('94a7f03e-f889-46dd-9216-f92eddf0e1f7', '60b65f49-674d-413c-a5c0-0ff4a784b1b2', '2025-07-05 01:20:48+00', 'cc3fe785-ed37-439d-9748-3108b32f1e50', NULL, NULL, 'Keuken'),
('76ccb264-5b25-4c3b-bcbe-74004e2e9975', '03cd0eac-7150-4803-86e1-b22a80aee6a7', '2024-06-03 04:36:28+00', '91c8b514-3680-4144-b86b-ac78fc50dfd4', NULL, NULL, 'Slaapkamer'),
('6e82b216-ebcd-46b3-a11a-6f438159cb93', 'c902430c-0f59-409d-b65d-674d11c11a3c', '2025-05-19 15:44:20+00', '50bbb7be-ecdb-4f02-b2c3-e5a4f646dad1', NULL, NULL, 'Badkamer'),
('0ad97951-fb14-4a2c-96f6-172a50e4a83c', '521a0f97-9efc-44d4-998a-c8639a182c7c', '2025-08-24 10:39:47+00', 'c426b3db-707b-4306-9e23-2dd00657b145', NULL, NULL, 'Slaapkamer');


COMMIT;
